dataset,location,model_type,model_label,seed,split_seed,lead_steps,lead_minutes,mae_cm,rmse_cm,wet_mae_cm,peak_depth_mae_cm,csi,pod,far,persistence_mae_cm,persistence_rmse_cm,persistence_csi,persistence_pod,persistence_far,mae_reduction_pct,rmse_reduction_pct,csi_gain
larno_ukea,ukea,cnn_temporal_transformer,CNN-Temporal Transformer,2026,44,1,5,0.35121262925077257,1.595292171366281,3.3200494605406403,2.3796851627337627,0.9239026609051626,0.9330985376311155,0.010554346767122398,0.3861551155544349,1.987317070723082,0.9001021543903518,0.9039889748105046,0.0047541177065596706,9.048821288691848,19.72633884809148,0.023800506514810804
larno_ukea,ukea,cnn_temporal_transformer,CNN-Temporal Transformer,2026,44,3,15,1.0382724144244688,4.472021195656279,8.960060531034895,6.770880434375543,0.8145526401360714,0.843543582437508,0.04048439847962521,1.1993253908073924,5.714106516157772,0.7540115883191798,0.760134697578034,0.010570325539052886,13.42863059661414,21.73717477945588,0.06054105181689162
larno_ukea,ukea,cnn_temporal_transformer,CNN-Temporal Transformer,2026,44,6,30,2.0213300846380595,8.001211036125307,15.18329357801881,12.356214129771942,0.7174418718776684,0.7783089683663582,0.0982902819924506,2.5135915395634165,10.637767864894853,0.6141999367955335,0.6208115503785177,0.017044017735219245,19.583987580211918,24.78486898995334,0.10324193508213486
larno_ukea,ukea,cnn_temporal_transformer,CNN-Temporal Transformer,2026,44,12,60,3.6945658882346772,12.806396565611788,23.11800565762367,19.245465309956135,0.6629426471136983,0.7563561125964273,0.15704118428544317,4.911221484678842,18.176537121361612,0.4862776423106029,0.49242204928222333,0.025018122966434582,24.77297349019325,29.54435446033708,0.17666500480309544
larno_ukea,ukea,cnn_temporal_transformer,CNN-Temporal Transformer,42,44,1,5,0.34969216941632675,1.522508681255469,3.1492168653233565,2.2152299491258765,0.9265019915491678,0.9367736007962637,0.011696284329563813,0.3861551155544349,1.987317070723082,0.9001021543903518,0.9039889748105046,0.0047541177065596706,9.442564572983905,23.38873833044132,0.026399837158815997
larno_ukea,ukea,cnn_temporal_transformer,CNN-Temporal Transformer,42,44,3,15,1.0062918019861777,4.420178140496507,8.76405781388028,6.566781149460719,0.8166421485421146,0.8412122782023054,0.03453094109077936,1.1993253908073924,5.714106516157772,0.7540115883191798,0.760134697578034,0.010570325539052886,16.095180699148163,22.6444566968156,0.06263056022293478
larno_ukea,ukea,cnn_temporal_transformer,CNN-Temporal Transformer,42,44,6,30,1.989156078185787,8.073938320131239,15.339514308782732,12.065085214682114,0.7134223471539002,0.7566520086457479,0.07414500683994528,2.5135915395634165,10.637767864894853,0.6141999367955335,0.6208115503785177,0.017044017735219245,20.863988962531206,24.101198459353256,0.09922241035836665
larno_ukea,ukea,cnn_temporal_transformer,CNN-Temporal Transformer,42,44,12,60,3.724108389315384,13.433544938073764,24.428731506454106,19.74922540860298,0.6374997083822603,0.6980058920695469,0.1196993288590604,4.911221484678842,18.176537121361612,0.4862776423106029,0.49242204928222333,0.025018122966434582,24.171442869493934,26.09403623814429,0.15122206607165745
larno_ukea,ukea,cnn_temporal_transformer,CNN-Temporal Transformer,44,44,1,5,0.40450556728496845,1.6410906643041605,3.5438970385345927,2.631518856073037,0.9112392805646202,0.919332363524998,0.009568272926736725,0.3861551155544349,1.987317070723082,0.9001021543903518,0.9039889748105046,0.0047541177065596706,-4.7520933923628865,17.421800049900828,0.01113712617426843
larno_ukea,ukea,cnn_temporal_transformer,CNN-Temporal Transformer,44,44,3,15,1.0998592351408423,4.590321152289585,9.572272700408497,7.413070973677513,0.794986976709071,0.8182877865561455,0.0345797105878398,1.1993253908073924,5.714106516157772,0.7540115883191798,0.760134697578034,0.010570325539052886,8.293508703220983,19.666860613999066,0.04097538838989123
larno_ukea,ukea,cnn_temporal_transformer,CNN-Temporal Transformer,44,44,6,30,2.1292208777064072,8.441860934589306,16.540035960713322,13.708980801777962,0.6884780799807517,0.7312151960732121,0.07824978189383262,2.5135915395634165,10.637767864894853,0.6141999367955335,0.6208115503785177,0.017044017735219245,15.291691422695123,20.642553571338457,0.07427814318521819
larno_ukea,ukea,cnn_temporal_transformer,CNN-Temporal Transformer,44,44,12,60,4.029880968369889,14.3809530976445,26.717980286858563,23.45449039951349,0.6116122504572519,0.6690989901742077,0.12317288165852135,4.911221484678842,18.176537121361612,0.4862776423106029,0.49242204928222333,0.025018122966434582,17.945444306643537,20.88177741653787,0.12533460814664898
larno_ukea,ukea,cnn_temporal_transformer,CNN-Temporal Transformer,52,44,1,5,0.342188098503434,1.579118472768244,3.3591240912050653,2.1674031630540505,0.9163778426365073,0.9230993032692749,0.007883216483986702,0.3861551155544349,1.987317070723082,0.9001021543903518,0.9039889748105046,0.0047541177065596706,11.385843481025438,20.5401847530206,0.01627568824615555
larno_ukea,ukea,cnn_temporal_transformer,CNN-Temporal Transformer,52,44,3,15,1.025841180034312,4.52981850888158,9.288498028150736,6.154370455978773,0.7950143743380239,0.816617018520917,0.03220310365469923,1.1993253908073924,5.714106516157772,0.7540115883191798,0.760134697578034,0.010570325539052886,14.465149500111059,20.72569007818426,0.041002786018844106
larno_ukea,ukea,cnn_temporal_transformer,CNN-Temporal Transformer,52,44,6,30,2.031389569139901,8.352591528561241,16.115623274738038,11.197507037566258,0.6807928638233253,0.7207913201801552,0.0753680989974595,2.5135915395634165,10.637767864894853,0.6141999367955335,0.6208115503785177,0.017044017735219245,19.183783953508566,21.481727796249473,0.06659292702779174
larno_ukea,ukea,cnn_temporal_transformer,CNN-Temporal Transformer,52,44,12,60,3.8162906298016948,13.841551596318402,25.327310784940067,17.68842564943509,0.5986132093743948,0.6578853260221719,0.13081725631362845,4.911221484678842,18.176537121361612,0.4862776423106029,0.49242204928222333,0.025018122966434582,22.294471106483766,23.84934762930506,0.11233556706379189
larno_ukea,ukea,cnn_temporal_transformer,CNN-Temporal Transformer,77,44,1,5,0.35728079372194693,1.5352947363169382,3.1465727390661398,2.2645193319290113,0.9276292874990535,0.9379986218513131,0.011776852837737554,0.3861551155544349,1.987317070723082,0.9001021543903518,0.9039889748105046,0.0047541177065596706,7.477389440000216,22.745355588460587,0.027527133108701696
larno_ukea,ukea,cnn_temporal_transformer,CNN-Temporal Transformer,77,44,3,15,1.011096423669152,4.319343667945532,8.524215753767878,6.517655956439484,0.8257506539669824,0.8544877606527652,0.039133727534881015,1.1993253908073924,5.714106516157772,0.7540115883191798,0.760134697578034,0.010570325539052886,15.694570346044593,24.40911530557351,0.07173906564780264
larno_ukea,ukea,cnn_temporal_transformer,CNN-Temporal Transformer,77,44,6,30,1.9570426285378173,7.543211564919751,14.178477272306914,11.760047937815006,0.737215145323544,0.8029152780587527,0.09990570429343869,2.5135915395634165,10.637767864894853,0.6141999367955335,0.6208115503785177,0.017044017735219245,22.141581170434147,29.090278517801526,0.12301520852801051
larno_ukea,ukea,cnn_temporal_transformer,CNN-Temporal Transformer,77,44,12,60,3.5207932167939586,11.692783097728473,20.914991967133396,18.30235320406082,0.6835876969856446,0.7963063876164365,0.17154904375094118,4.911221484678842,18.176537121361612,0.4862776423106029,0.49242204928222333,0.025018122966434582,28.31125153329971,35.67100807124167,0.1973100546750417
larno_ukea,ukea,convlstm,Conv-LSTM,2026,44,1,5,0.3403330221498804,1.6204807114959678,3.3789449843540464,2.1794079396969233,0.9201641230620154,0.9306331827578287,0.012077765857147501,0.3861551155544349,1.987317070723082,0.9001021543903518,0.9039889748105046,0.0047541177065596706,11.866240160709483,18.458874259739613,0.020061968671663655
larno_ukea,ukea,convlstm,Conv-LSTM,2026,44,3,15,1.0146619832944412,4.536111926974455,9.076632775164626,6.322650802441132,0.8096607245543416,0.8388550705867116,0.041212695405021316,1.1993253908073924,5.714106516157772,0.7540115883191798,0.760134697578034,0.010570325539052886,15.39727324447244,20.615551807658864,0.05564913623516177
larno_ukea,ukea,convlstm,Conv-LSTM,2026,44,6,30,2.01802939725328,8.183257902467279,15.612352379671112,11.522669412004642,0.7103344599905675,0.7697590476900308,0.09802625012476295,2.5135915395634165,10.637767864894853,0.6141999367955335,0.6208115503785177,0.017044017735219245,19.715301174040807,23.073543186889566,0.09613452319503402
larno_ukea,ukea,convlstm,Conv-LSTM,2026,44,12,60,3.7056471332807304,13.3837818386708,23.71196094162582,17.905621584027244,0.6468956076307113,0.7483864925157093,0.17330536770722624,4.911221484678842,18.176537121361612,0.4862776423106029,0.49242204928222333,0.025018122966434582,24.547342349740262,26.367812805543817,0.1606179653201084
larno_ukea,ukea,convlstm,Conv-LSTM,42,44,1,5,0.3411626822497241,1.5024213568563463,3.1368129647599092,2.1787488976350198,0.9261254735062857,0.939683025802006,0.01533968742980007,0.3861551155544349,1.987317070723082,0.9001021543903518,0.9039889748105046,0.0047541177065596706,11.651388649898212,24.399514350787886,0.02602331911593392
larno_ukea,ukea,convlstm,Conv-LSTM,42,44,3,15,0.992842870139802,4.289193900520314,8.534077567326646,6.537444134935355,0.8213090253331851,0.8612096878642663,0.053398818421239946,1.1993253908073924,5.714106516157772,0.7540115883191798,0.760134697578034,0.010570325539052886,17.21655542776304,24.936752782053222,0.06729743701400526
larno_ukea,ukea,convlstm,Conv-LSTM,42,44,6,30,1.9390029128318877,7.584495102559694,14.007649517362111,11.822475903691391,0.7392132458323905,0.8347405743246841,0.1340586513503065,2.5135915395634165,10.637767864894853,0.6141999367955335,0.6208115503785177,0.017044017735219245,22.859268011036058,28.702193929340257,0.12501330903685692
larno_ukea,ukea,convlstm,Conv-LSTM,42,44,12,60,3.5400152739444897,12.170551945672162,20.747236395518794,18.625112250447273,0.6668730863178175,0.8252303186145122,0.22345343685150912,4.911221484678842,18.176537121361612,0.4862776423106029,0.49242204928222333,0.025018122966434582,27.919860975767403,33.04251594012941,0.1805954440072146
larno_ukea,ukea,convlstm,Conv-LSTM,44,44,1,5,0.3238410139863484,1.5280397583715373,3.2861780755158527,2.2198712835327172,0.919443055618684,0.9292703468340862,0.01137104131369738,0.3861551155544349,1.987317070723082,0.9001021543903518,0.9039889748105046,0.0047541177065596706,16.137064888708508,23.110419525779925,0.019340901228332208
larno_ukea,ukea,convlstm,Conv-LSTM,44,44,3,15,0.9721892475162306,4.4161593699345465,9.162930278253477,6.626874772019875,0.7996682083249548,0.8240901437637612,0.03573485284757373,1.1993253908073924,5.714106516157772,0.7540115883191798,0.760134697578034,0.010570325539052886,18.938658768680995,22.71478738719731,0.04565662000577497
larno_ukea,ukea,convlstm,Conv-LSTM,44,44,6,30,1.9406554825282105,8.090400961784205,15.880351479080007,12.065138858862412,0.6988374443995148,0.7360491487345479,0.06746256576284905,2.5135915395634165,10.637767864894853,0.6141999367955335,0.6208115503785177,0.017044017735219245,22.79352265542391,23.94644191773616,0.08463750760398125
larno_ukea,ukea,convlstm,Conv-LSTM,44,44,12,60,3.6042922756952884,13.417323736889342,24.630937714816024,18.794399862870193,0.6220781741256841,0.6822965447950547,0.12424865030272562,4.911221484678842,18.176537121361612,0.4862776423106029,0.49242204928222333,0.025018122966434582,26.61108266162867,26.18327876589375,0.13580053181508123
larno_ukea,ukea,convlstm,Conv-LSTM,52,44,1,5,0.3394550496099767,1.674721209518281,3.600760450591383,2.597525391059044,0.9133714563815549,0.9196233060255723,0.007388063401814786,0.3861551155544349,1.987317070723082,0.9001021543903518,0.9039889748105046,0.0047541177065596706,12.093602820049929,15.729541390748658,0.01326930199120313
larno_ukea,ukea,convlstm,Conv-LSTM,52,44,3,15,1.0102182583287342,4.684217353482294,9.744506811940475,7.277177374523419,0.7901655491154298,0.8104390622976299,0.030687011075826814,1.1993253908073924,5.714106516157772,0.7540115883191798,0.760134697578034,0.010570325539052886,15.76779195438781,18.023625561813752,0.036153960796249995
larno_ukea,ukea,convlstm,Conv-LSTM,52,44,6,30,2.010260586153495,8.419437226871574,16.73951239890103,13.128902987600902,0.6863195611247191,0.7219731896634334,0.06712434306468922,2.5135915395634165,10.637767864894853,0.6141999367955335,0.6208115503785177,0.017044017735219245,20.024373311558204,20.853346925757577,0.07211962432918562
larno_ukea,ukea,convlstm,Conv-LSTM,52,44,12,60,3.758413729173171,13.574657438730837,25.815877573185574,20.892167234650024,0.6248558857438649,0.6783628220629055,0.1120831847360913,4.911221484678842,18.176537121361612,0.4862776423106029,0.49242204928222333,0.025018122966434582,23.47293354824245,25.31769198888004,0.13857824343326197
larno_ukea,ukea,convlstm,Conv-LSTM,77,44,1,5,0.3432922695535864,1.6191130264195184,3.456256639421438,2.5730147575720763,0.9149395247067404,0.9220427226092949,0.008349664860591887,0.3861551155544349,1.987317070723082,0.9001021543903518,0.9039889748105046,0.0047541177065596706,11.099903710794239,18.527694937456218,0.014837370316388654
larno_ukea,ukea,convlstm,Conv-LSTM,77,44,3,15,0.9380792935268055,4.086076291040008,8.305624366161691,6.259804581984496,0.8162600817726522,0.850692915425463,0.04724466557391317,1.1993253908073924,5.714106516157772,0.7540115883191798,0.760134697578034,0.010570325539052886,21.782753811683634,28.49142242123391,0.06224849345347239
larno_ukea,ukea,convlstm,Conv-LSTM,77,44,6,30,1.8249104136776362,7.397906226469295,14.132656697800439,11.615297064567223,0.7345646542740599,0.7880620534716085,0.08459692779578004,2.5135915395634165,10.637767864894853,0.6141999367955335,0.6208115503785177,0.017044017735219245,27.39829105270607,30.456216751234606,0.1203647174785264
larno_ukea,ukea,convlstm,Conv-LSTM,77,44,12,60,3.338563935710448,12.22036425329627,21.558844922912776,18.66701354201023,0.6655786846830396,0.7448614682492379,0.13787190428792462,4.911221484678842,18.176537121361612,0.4862776423106029,0.49242204928222333,0.025018122966434582,32.02171911559054,32.7684686488796,0.17930104237243671
larno_ukea,ukea,convlstm_attention,Conv-LSTM + Attention,2026,44,1,5,0.3829553433258394,1.58987595838051,3.3809696417137887,2.046747276416192,0.9210918787002305,0.9362682796110559,0.017293752712194025,0.3861551155544349,1.987317070723082,0.9001021543903518,0.9039889748105046,0.0047541177065596706,0.8286235504096036,19.99887779346472,0.020989724309878666
larno_ukea,ukea,convlstm_attention,Conv-LSTM + Attention,2026,44,3,15,1.0995653806188295,4.500165912101154,9.07191554036895,5.928801152950678,0.8154556363725418,0.8625178085740189,0.06271551420810403,1.1993253908073924,5.714106516157772,0.7540115883191798,0.760134697578034,0.010570325539052886,8.318010354254566,21.24462679552717,0.06144404805336201
larno_ukea,ukea,convlstm_attention,Conv-LSTM + Attention,2026,44,6,30,2.130243910635712,8.087574402500497,15.095187531376759,10.376340083968945,0.7168183996166747,0.8123595864521556,0.1409462472132772,2.5135915395634165,10.637767864894853,0.6141999367955335,0.6208115503785177,0.017044017735219245,15.250991376040675,23.973012898787886,0.10261846282114118
larno_ukea,ukea,convlstm_attention,Conv-LSTM + Attention,2026,44,12,60,3.966324193111968,12.955847152706362,22.371271805005723,15.313910683378197,0.6501516750635575,0.8339662483183761,0.2531814473393264,4.911221484678842,18.176537121361612,0.4862776423106029,0.49242204928222333,0.025018122966434582,19.23955770503524,28.72213741153005,0.16387403275295465
larno_ukea,ukea,convlstm_attention,Conv-LSTM + Attention,42,44,1,5,0.3793242981516608,1.7448204711956146,3.722347061764216,2.6158096125492682,0.9154302895931725,0.9230839905060868,0.00897612941408562,0.3861551155544349,1.987317070723082,0.9001021543903518,0.9039889748105046,0.0047541177065596706,1.7689309626175769,12.202209858703398,0.015328135202820725
larno_ukea,ukea,convlstm_attention,Conv-LSTM + Attention,42,44,3,15,1.1623402383400754,4.814443607653001,9.802042000741636,6.9927790226080475,0.8000802739348025,0.8261624141950524,0.03796093808913355,1.1993253908073924,5.714106516157772,0.7540115883191798,0.760134697578034,0.010570325539052886,3.083829688823517,15.744594644163449,0.04606868561562272
larno_ukea,ukea,convlstm_attention,Conv-LSTM + Attention,42,44,6,30,2.348186862292234,8.75504977799254,16.948650970309806,12.851708917281565,0.7003693398421642,0.7531064001959135,0.09089623793426989,2.5135915395634165,10.637767864894853,0.6141999367955335,0.6208115503785177,0.017044017735219245,6.580411919269562,17.698431765139134,0.08616940304663068
larno_ukea,ukea,convlstm_attention,Conv-LSTM + Attention,42,44,12,60,4.460826582752896,14.237854260850815,25.57963412516098,19.77704602938432,0.5878186506511734,0.7666927779575294,0.284129937034917,4.911221484678842,18.176537121361612,0.4862776423106029,0.49242204928222333,0.025018122966434582,9.170730811693357,21.669049688688713,0.10154100834057056
larno_ukea,ukea,convlstm_attention,Conv-LSTM + Attention,44,44,1,5,0.3499502583469407,1.7460853068241255,3.720564629893127,2.7285739301871033,0.9151018047904557,0.9208330143174336,0.0067554175475687105,0.3861551155544349,1.987317070723082,0.9001021543903518,0.9039889748105046,0.0047541177065596706,9.375729013847677,12.138564472310637,0.01499965040010387
larno_ukea,ukea,convlstm_attention,Conv-LSTM + Attention,44,44,3,15,1.0495818169080566,4.870209024680948,10.072287555686042,7.745745902260144,0.794641043866775,0.8108405646936925,0.024525156203742658,1.1993253908073924,5.714106516157772,0.7540115883191798,0.760134697578034,0.010570325539052886,12.485650270318017,14.768669241473464,0.04062945554759523
larno_ukea,ukea,convlstm_attention,Conv-LSTM + Attention,44,44,6,30,2.135730330705316,8.851303374308927,17.745182758283082,14.592628782758347,0.6878121162505116,0.715648590806972,0.05352465710986566,2.5135915395634165,10.637767864894853,0.6141999367955335,0.6208115503785177,0.017044017735219245,15.032721224218106,16.793602880556787,0.07361217945497811
larno_ukea,ukea,convlstm_attention,Conv-LSTM + Attention,44,44,12,60,3.9874066064030074,14.32984798606528,26.990904903892172,23.280109312289802,0.6149516379690266,0.6772133576281866,0.1300600479070734,4.911221484678842,18.176537121361612,0.4862776423106029,0.49242204928222333,0.025018122966434582,18.81028744392385,21.162937195422042,0.12867399565842375
larno_ukea,ukea,convlstm_attention,Conv-LSTM + Attention,52,44,1,5,0.3499561692742816,1.6443112471561292,3.542204889155175,2.390800980039132,0.9160187097558012,0.923635249980859,0.008921969734312614,0.3861551155544349,1.987317070723082,0.9001021543903518,0.9039889748105046,0.0047541177065596706,9.374198300643894,17.259743229707716,0.015916555365449447
larno_ukea,ukea,convlstm_attention,Conv-LSTM + Attention,52,44,3,15,1.037717995365388,4.647293339538187,9.620160709170577,6.806223825193368,0.8009072517309408,0.8255018779950783,0.03586555333696376,1.1993253908073924,5.714106516157772,0.7540115883191798,0.760134697578034,0.010570325539052886,13.474858172827439,18.66981607015827,0.04689566341176099
larno_ukea,ukea,convlstm_attention,Conv-LSTM + Attention,52,44,6,30,2.0608108926954025,8.461605188342142,16.417873886902672,12.13640560133335,0.6995159439093768,0.7462600751711581,0.08218532292703368,2.5135915395634165,10.637767864894853,0.6141999367955335,0.6208115503785177,0.017044017735219245,18.013294512705794,20.45694833907922,0.08531600711384324
larno_ukea,ukea,convlstm_attention,Conv-LSTM + Attention,52,44,12,60,3.82937174628694,13.8727638943379,24.872620397321295,18.46512560852063,0.6260561522517429,0.7072356657527715,0.15493788851471652,4.911221484678842,18.176537121361612,0.4862776423106029,0.49242204928222333,0.025018122966434582,22.02811951704612,23.677630113415763,0.13977850994114005
larno_ukea,ukea,convlstm_attention,Conv-LSTM + Attention,77,44,1,5,0.3652333905891344,1.8271337162408647,4.036532672436293,3.0480831383894653,0.906859458800585,0.9114003521935533,0.005464024329111386,0.3861551155544349,1.987317070723082,0.9001021543903518,0.9039889748105046,0.0047541177065596706,5.417958774225074,8.060281715586274,0.006757304410233256
larno_ukea,ukea,convlstm_attention,Conv-LSTM + Attention,77,44,3,15,1.0549389390819142,4.857546316136299,10.11019935703327,7.5202877036271945,0.7922366317285486,0.8086128739800544,0.02492620531321745,1.1993253908073924,5.714106516157772,0.7540115883191798,0.760134697578034,0.010570325539052886,12.038972311615659,14.990273590444612,0.03822504340936883
larno_ukea,ukea,convlstm_attention,Conv-LSTM + Attention,77,44,6,30,2.1279154473430584,8.667185706784013,17.134158446052727,13.031198877172592,0.6919819710566739,0.7290644065631022,0.06847060103937093,2.5135915395634165,10.637767864894853,0.6141999367955335,0.6208115503785177,0.017044017735219245,15.343626287322158,18.52439518457492,0.07778203426114039
larno_ukea,ukea,convlstm_attention,Conv-LSTM + Attention,77,44,12,60,3.9496248020692892,14.115865935860706,25.96119829899135,19.931341956059136,0.6134567892023368,0.700074928052041,0.1678373345208696,4.911221484678842,18.176537121361612,0.4862776423106029,0.49242204928222333,0.025018122966434582,19.579582912507036,22.340180411640034,0.12717914689173393
urbanflood24,location1,cnn_temporal_transformer,CNN-Temporal Transformer,42,44,1,5,0.21317461484726674,0.7803819377832841,1.2726991392859064,1.7917133674927754,0.9625479721520452,0.9733603759970357,0.011408877532830234,0.19683740332705082,0.8272314886869083,0.9596699568167798,0.9708056243539989,0.011811414392059554,-8.299851168566365,5.663414841472007,0.002878015335265438
urbanflood24,location1,cnn_temporal_transformer,CNN-Temporal Transformer,42,44,3,15,0.6591057373887287,2.1201113721651352,3.634301190282342,4.972853308936465,0.8942885863108837,0.9251115480601981,0.035918351262954645,0.5813305627156156,2.311539455267055,0.8837468077344035,0.9159608258337745,0.03827295285359802,-13.378820874270877,8.281411016616362,0.010541778576480199
urbanflood24,location1,cnn_temporal_transformer,CNN-Temporal Transformer,42,44,6,30,1.186420983953538,3.7838984467675902,6.723243229741807,9.718865892500617,0.816542545855744,0.8687980337130174,0.06860682332120735,1.0777409348498321,4.119849817404801,0.800662626817503,0.8554999174599681,0.07412406947890819,-10.084060611361013,8.154456728445387,0.01587991903824104
urbanflood24,location1,cnn_temporal_transformer,CNN-Temporal Transformer,42,44,12,60,1.8913067444596756,6.298964124196004,11.794274671149894,17.707648224313743,0.7080955573360368,0.7884387801547564,0.1258049538728627,1.8670103969738467,6.803973313572291,0.6906428617301393,0.7831770596267638,0.14608436724565757,-1.3013504116104404,7.422268814148853,0.01745269560589746
urbanflood24,location1,cnn_temporal_transformer,CNN-Temporal Transformer,44,44,1,5,0.21196463153806402,0.7013771581952951,0.9484007158730944,1.7258117557503283,0.9658458394983442,0.9775895881618827,0.012284968026659461,0.1983652161680923,0.8042020240866701,0.9602367236881271,0.9777500445712248,0.018312002148035442,-6.855745998556391,12.785949650916741,0.005609115810217169
urbanflood24,location1,cnn_temporal_transformer,CNN-Temporal Transformer,44,44,3,15,0.5792528626769612,1.9475627251060401,2.928319668357037,5.51242406363599,0.9049390547050453,0.933901843529953,0.033134902463595566,0.5801291336409253,2.2843600320134034,0.8878101221171452,0.9351049149003927,0.053897789313523674,0.15104757081662384,14.743617564106778,0.01712893258790016
urbanflood24,location1,cnn_temporal_transformer,CNN-Temporal Transformer,44,44,6,30,1.0079589590081302,3.3275546777045957,5.517145052303151,9.662190085509792,0.810971138019263,0.8783182716746681,0.08638258027796647,1.0750882686098906,3.969626890537601,0.8031922565343504,0.8846371081615363,0.10283719681374742,6.244074236672669,16.174623725053674,0.00777888148491257
urbanflood24,location1,cnn_temporal_transformer,CNN-Temporal Transformer,44,44,12,60,1.6375891311910886,5.350998406386521,9.905574122173649,16.12635463825427,0.6984666455896301,0.7740483156106021,0.12265199952345023,1.8355509325716544,6.23624198203785,0.6871256366976862,0.8058616400679712,0.17656851338047078,10.784871063382377,14.195144739429331,0.011341008891943893
urbanflood24,location1,cnn_temporal_transformer,CNN-Temporal Transformer,52,44,1,5,0.15293097790422963,0.5400321406206496,0.7178682428430005,1.4556622772943228,0.9689632032211162,0.9797199238554762,0.011204108807304547,0.16033838665211034,0.6440714480060378,0.962922553443302,0.9814162127523229,0.019193821812017328,4.619859849252894,16.153379831923992,0.0060406497778141555
urbanflood24,location1,cnn_temporal_transformer,CNN-Temporal Transformer,52,44,3,15,0.3946635292956936,1.3387862306472331,2.0584038581252266,3.8191070372704417,0.922933441678363,0.9538123866781182,0.03388880296937829,0.44376482557629726,1.6838222251099988,0.9015899913469859,0.9545376467220155,0.05795818421548314,11.0647111827392,20.4912365045084,0.02134345033137708
urbanflood24,location1,cnn_temporal_transformer,CNN-Temporal Transformer,52,44,6,30,0.7290780268918476,2.421922648348882,4.188197821013159,6.597758861607872,0.8493255559606271,0.9057227276261566,0.06830633873225354,0.8555683642314071,3.1205172164694397,0.8195014969017614,0.9152087707021227,0.11316632134111886,14.784363544483211,22.387140325120498,0.02982405905886565
urbanflood24,location1,cnn_temporal_transformer,CNN-Temporal Transformer,52,44,12,60,1.3607619033315566,4.689487845459067,8.952960883757004,12.13188483088743,0.7297044881848138,0.8112608729723376,0.12108670274859387,1.660287517320778,5.804449035677734,0.6844710449692656,0.8289710837708644,0.2029760783575061,18.040586998604244,19.208734254800508,0.04523344321554823
urbanflood24,location1,convlstm,Conv-LSTM,42,44,1,5,0.19343349318112904,0.8202530048106921,1.3311440798103975,1.8988101550348802,0.9605436127435818,0.9689919457066521,0.008995173321632294,0.19683740332705082,0.8272314886869083,0.9596699568167798,0.9708056243539989,0.011811414392059554,1.7293004725662293,0.843595048260726,0.0008736559268019972
urbanflood24,location1,convlstm,Conv-LSTM,42,44,3,15,0.5575787174365299,2.2823104422170237,4.012157642219509,5.474862346818554,0.8861643986355133,0.9135408001210013,0.03271074810321702,0.5813305627156156,2.311539455267055,0.8837468077344035,0.9159608258337745,0.03827295285359802,4.085772674351029,1.264482550078487,0.002417590901109823
urbanflood24,location1,convlstm,Conv-LSTM,42,44,6,30,1.0226026464460718,4.048376422295403,7.413126997287931,10.496379890173557,0.8061348415975572,0.8522533428712926,0.06290462456890467,1.0777409348498321,4.119849817404801,0.800662626817503,0.8554999174599681,0.07412406947890819,5.11609855585963,1.7348543824935028,0.005472214780054219
urbanflood24,location1,convlstm,Conv-LSTM,42,44,12,60,1.7323500180650282,6.610069350369373,12.618418254144744,18.588023168194923,0.6986260895257793,0.7748930359581248,0.12348374075828408,1.8670103969738467,6.803973313572291,0.6906428617301393,0.7831770596267638,0.14608436724565757,7.212620729219478,2.8498636644580344,0.00798322779563998
urbanflood24,location1,convlstm,Conv-LSTM,44,44,1,5,0.1787409635106463,0.6891111490078001,1.0066207778987284,1.741553528700024,0.9639894055533142,0.9798181494027456,0.01648204155407219,0.1983652161680923,0.8042020240866701,0.9602367236881271,0.9777500445712248,0.018312002148035442,9.892990836063031,14.311189431483754,0.0037526818651871796
urbanflood24,location1,convlstm,Conv-LSTM,44,44,3,15,0.5177128388648006,1.9393420969504238,3.094622051287761,5.561908771051094,0.8992010562307458,0.9398641237040445,0.04590599687494387,0.5801291336409253,2.2843600320134034,0.8878101221171452,0.9351049149003927,0.053897789313523674,10.759034697050351,15.103483261300347,0.011390934113600593
urbanflood24,location1,convlstm,Conv-LSTM,44,44,6,30,0.9497003657686253,3.41852288091477,5.9521002455624235,9.863354306435212,0.8220797860195062,0.8896674668172833,0.084594010497067,1.0750882686098906,3.969626890537601,0.8031922565343504,0.8846371081615363,0.10283719681374742,11.663033306408808,13.883017845745089,0.018887529485155707
urbanflood24,location1,convlstm,Conv-LSTM,44,44,12,60,1.594850300671693,5.563356932881266,10.335589962525624,16.022678412264213,0.71186731038779,0.8007462817301123,0.1348890907714437,1.8355509325716544,6.23624198203785,0.6871256366976862,0.8058616400679712,0.17656851338047078,13.113263578185409,10.789912435961977,0.024741673690103827
urbanflood24,location1,convlstm,Conv-LSTM,52,44,1,5,0.1601838752146066,0.6210678100925046,0.9549070553806047,1.816628797678277,0.9656,0.9782121115027235,0.01317640795528007,0.16033838665211034,0.6440714480060378,0.962922553443302,0.9814162127523229,0.019193821812017328,0.09636584272172488,3.5715972171642623,0.0026774465566979933
urbanflood24,location1,convlstm,Conv-LSTM,52,44,3,15,0.42384993834058743,1.5861890934485743,2.6814249553577696,4.645580728538334,0.9093803755078139,0.9484492795114038,0.04333429588988353,0.44376482557629726,1.6838222251099988,0.9015899913469859,0.9545376467220155,0.05795818421548314,4.487711978940032,5.798304013658357,0.007790384160828001
urbanflood24,location1,convlstm,Conv-LSTM,52,44,6,30,0.7859110786960852,2.9152434979146884,5.267876191116129,8.011645710212179,0.8329540363766688,0.9035650415986315,0.0857721658406105,0.8555683642314071,3.1205172164694397,0.8195014969017614,0.9152087707021227,0.11316632134111886,8.141638757049877,6.5781953540060405,0.013452539474907321
urbanflood24,location1,convlstm,Conv-LSTM,52,44,12,60,1.4516311132234094,5.38380869293824,10.220728627665949,13.604746843338944,0.707348451061786,0.807871640153593,0.1495947701635355,1.660287517320778,5.804449035677734,0.6844710449692656,0.8289710837708644,0.2029760783575061,12.56748616854504,7.246860815797978,0.022877406092520425
urbanflood24,location1,convlstm_attention,Conv-LSTM + Attention,42,44,1,5,0.1915246063851061,0.823064778197342,1.3428516407421363,1.8990154185303254,0.9602727026922632,0.9696550110185853,0.009975707857114413,0.19683740332705082,0.8272314886869083,0.9596699568167798,0.9708056243539989,0.011811414392059554,2.6990789616937616,0.5036934094687632,0.0006027458754833681
urbanflood24,location1,convlstm_attention,Conv-LSTM + Attention,42,44,3,15,0.5601829897205467,2.299426992239726,4.082822841596711,5.564679887538659,0.8862540119211371,0.9136164259245254,0.03268876611418048,0.5813305627156156,2.311539455267055,0.8837468077344035,0.9159608258337745,0.03827295285359802,3.6377879216053133,0.5239998391431168,0.002507204186733558
urbanflood24,location1,convlstm_attention,Conv-LSTM + Attention,42,44,6,30,1.0277815950333977,4.091840358855299,7.560473024362986,10.680743994817021,0.8059068797776233,0.8508593334433867,0.061522587954439704,1.0777409348498321,4.119849817404801,0.800662626817503,0.8554999174599681,0.07412406947890819,4.635561126143505,0.6798660094640585,0.005244252960120321
urbanflood24,location1,convlstm_attention,Conv-LSTM + Attention,42,44,12,60,1.7298132746848347,6.676590514034982,12.824438911129738,18.78164373447362,0.6997018269278289,0.7733090578060993,0.11974633175826908,1.8670103969738467,6.803973313572291,0.6906428617301393,0.7831770596267638,0.14608436724565757,7.348492676387272,1.872182527277276,0.009058965197689561
urbanflood24,location1,convlstm_attention,Conv-LSTM + Attention,44,44,1,5,0.19091309779036586,0.7770279308092928,1.1528287977870189,2.0844937884248793,0.964168807856112,0.9767516491353182,0.013184913001188804,0.1983652161680923,0.8042020240866701,0.9602367236881271,0.9777500445712248,0.018312002148035442,3.7567666961387047,3.3790132906266725,0.003932084167984962
urbanflood24,location1,convlstm_attention,Conv-LSTM + Attention,44,44,3,15,0.5552524031470267,2.2188786738295243,3.553093449143373,6.521951890317723,0.8997531118197716,0.9284703301369378,0.03323324060939889,0.5801291336409253,2.2843600320134034,0.8878101221171452,0.9351049149003927,0.053897789313523674,4.288136735655861,2.8665077862601525,0.011942989702626416
urbanflood24,location1,convlstm_attention,Conv-LSTM + Attention,44,44,6,30,1.00538334330316,3.8277207679621053,6.653961898265598,11.212801322108135,0.8226916012689931,0.8696519344817848,0.06159413389201029,1.0750882686098906,3.969626890537601,0.8031922565343504,0.8846371081615363,0.10283719681374742,6.48364672389741,3.574797493279714,0.019499344734642654
urbanflood24,location1,convlstm_attention,Conv-LSTM + Attention,44,44,12,60,1.642676298181025,5.906790677306282,11.055193714694516,17.538181965937838,0.7134055386211816,0.77080742077326,0.09451978680056798,1.8355509325716544,6.23624198203785,0.6871256366976862,0.8058616400679712,0.17656851338047078,10.50772446397916,5.282849922765683,0.026279901923495386
urbanflood24,location1,convlstm_attention,Conv-LSTM + Attention,52,44,1,5,0.15628827150208296,0.6318064686982069,0.9973833872765083,1.859347493154928,0.966825882528547,0.9766477561867426,0.010294707488969957,0.16033838665211034,0.6440714480060378,0.962922553443302,0.9814162127523229,0.019193821812017328,2.525979732361281,1.9042886229162428,0.003903329085244933
urbanflood24,location1,convlstm_attention,Conv-LSTM + Attention,52,44,3,15,0.40598252784049155,1.6125978054270962,2.739789709278174,4.752564360387623,0.9130747258822446,0.9456627540795878,0.03636858687619122,0.44376482557629726,1.6838222251099988,0.9015899913469859,0.9545376467220155,0.05795818421548314,8.514036164704933,4.22992514416121,0.011484734535258667
urbanflood24,location1,convlstm_attention,Conv-LSTM + Attention,52,44,6,30,0.7654582474407501,2.941734654938545,5.340567539823263,8.224587168660946,0.8382371626159403,0.8976945805147345,0.07322897852699177,0.8555683642314071,3.1205172164694397,0.8195014969017614,0.9152087707021227,0.11316632134111886,10.53219363383156,5.729260540121925,0.01873566571417884
urbanflood24,location1,convlstm_attention,Conv-LSTM + Attention,52,44,12,60,1.4285715082560702,5.411805987558678,10.458638978907913,14.193603201420046,0.7141674154729813,0.7940992085259776,0.12353233723268536,1.660287517320778,5.804449035677734,0.6844710449692656,0.8289710837708644,0.2029760783575061,13.956378437310079,6.764518832117035,0.029696370503715763
urbanflood24,location2,cnn_temporal_transformer,CNN-Temporal Transformer,42,44,1,5,0.1264704757446717,0.9309550939180231,1.9269640848301235,1.8467399875589763,0.9358316517728452,0.9528058229631369,0.018680853636418596,0.11657998509538355,0.950854606085715,0.9249288560045532,0.9539211082413712,0.03181411974977658,-8.483866798572631,2.0928028365567046,0.010902795768292006
urbanflood24,location2,cnn_temporal_transformer,CNN-Temporal Transformer,42,44,3,15,0.3434926103262864,2.8342633079511486,6.144836469170781,4.9899477402505,0.8154696737464419,0.8557559742647058,0.054578917306593894,0.3521961295096235,2.896173393410369,0.7920859538784067,0.8681640625,0.09961274947870122,2.471213751115128,2.1376512055557035,0.023383719868035113
urbanflood24,location2,cnn_temporal_transformer,CNN-Temporal Transformer,42,44,6,30,0.5481504863501306,4.145418284238665,10.359900420322099,8.137268920836505,0.7001858242633395,0.7584541062801933,0.09887256576699692,0.6024941790447055,4.298064254483686,0.6688479757777018,0.7876696572348746,0.18403336312183496,9.019787175494438,3.5515050777982804,0.0313378484856377
urbanflood24,location2,cnn_temporal_transformer,CNN-Temporal Transformer,42,44,12,60,0.7048470717874413,5.085761608589446,14.700898284392611,11.058166598377284,0.5977849510240427,0.6709350990068087,0.15425196850393702,0.8348728075668208,5.4765882633592975,0.553923426838514,0.730214254481854,0.30354483169496577,15.57431678225699,7.13631618766464,0.04386152418552869
urbanflood24,location2,cnn_temporal_transformer,CNN-Temporal Transformer,44,44,1,5,0.11685810226607121,0.6855344121485751,1.3021590475063018,1.7102414625696838,0.949142827366995,0.964522107492719,0.01652178608066519,0.10983592230228446,0.7516369323082666,0.9312169312169312,0.9692348424675669,0.04041939711664482,-6.393336366276131,8.79447474150738,0.01792589615006379
urbanflood24,location2,cnn_temporal_transformer,CNN-Temporal Transformer,44,44,3,15,0.2827360321296135,1.736062889391421,3.749319637537849,4.365964815951884,0.8648381388570834,0.9006992248902379,0.04401104590956161,0.2942121898506533,1.9707551701343293,0.8248310071487623,0.9193452219632501,0.11082568807339449,3.900639782078794,11.908748701996883,0.04000713170832104
urbanflood24,location2,cnn_temporal_transformer,CNN-Temporal Transformer,44,44,6,30,0.4603519239451093,3.2513209892183563,7.252028923540321,8.024391811341047,0.7627544346188059,0.8221194518075686,0.08648242150780222,0.5433070948301328,3.697852089129889,0.7003603437124643,0.8549997180080086,0.20524246395806028,15.268560207364823,12.0754180845725,0.062394090906341626
urbanflood24,location2,cnn_temporal_transformer,CNN-Temporal Transformer,44,44,12,60,0.6940587018487323,5.506705822075998,12.866589965416239,14.930396410636604,0.6139189407395447,0.6876884119136621,0.1487424434659303,0.9169495898696755,6.212904063312694,0.5397003583610379,0.7536476546484987,0.34469200524246396,24.30786713723513,11.36663682619548,0.07421858237850676
urbanflood24,location2,cnn_temporal_transformer,CNN-Temporal Transformer,52,44,1,5,0.10890928776052387,0.6682784690413752,1.4123987305225232,1.6473229916300625,0.9510904708717889,0.9666029394192854,0.016593727206418673,0.09291429751976371,0.7384377450190449,0.9351655287165069,0.9737722547496714,0.04067098293113596,-17.214778207151472,9.501041414921202,0.01592494215528195
urbanflood24,location2,cnn_temporal_transformer,CNN-Temporal Transformer,52,44,3,15,0.23038128856336787,1.6687383744913435,3.40901683155099,5.016344180330634,0.8844677962099298,0.9287131167865113,0.05111153334600038,0.24606080138314262,1.9250585009250625,0.8405201155812403,0.937639474336722,0.10971159505591524,6.372210742888746,13.314926601479776,0.04394768062868948
urbanflood24,location2,cnn_temporal_transformer,CNN-Temporal Transformer,52,44,6,30,0.42566089888902914,3.3611656191645403,7.1872609375660135,10.408902651397511,0.7719002499564029,0.8331660183209939,0.08697744774477448,0.49772821350820334,3.8053225487002913,0.704083216891787,0.8536202785794955,0.19923484402589758,14.479250455024973,11.671991634124495,0.06781703306461595
urbanflood24,location2,cnn_temporal_transformer,CNN-Temporal Transformer,52,44,12,60,0.7299390883787963,5.719585436343946,14.167860589951525,16.39952615951188,0.6015655577299412,0.6676388457958424,0.1412722483837497,0.9015574710408261,6.386894104068694,0.5371935364041605,0.7179025752404592,0.3190700412007063,19.03576734424934,10.448093499775528,0.06437202132578079
urbanflood24,location2,convlstm,Conv-LSTM,42,44,1,5,0.12096951157821123,0.9146870894140448,1.9106066920673186,1.784693423542194,0.9354671579068563,0.953862409016201,0.020198974977389206,0.11657998509538355,0.950854606085715,0.9249288560045532,0.9539211082413712,0.03181411974977658,-3.765248793981452,3.80368527850513,0.010538301902303093
urbanflood24,location2,convlstm,Conv-LSTM,42,44,3,15,0.3647884401886887,2.7590971016340173,5.944656090180027,4.639560389659891,0.8181375466695525,0.8685661764705882,0.06626320014821219,0.3521961295096235,2.896173393410369,0.7920859538784067,0.8681640625,0.09961274947870122,-3.575368842524764,4.733013986256474,0.026051592791145772
urbanflood24,location2,convlstm,Conv-LSTM,42,44,6,30,0.541795320894385,4.032717634903297,10.061449881566787,7.321545295599208,0.7024174681570055,0.7770301357257879,0.12026305508529757,0.6024941790447055,4.298064254483686,0.6688479757777018,0.7876696572348746,0.18403336312183496,10.074596612130357,6.173630822377368,0.03356949237930362
urbanflood24,location2,convlstm,Conv-LSTM,42,44,12,60,0.6610546375511013,4.89481910304594,14.23019580817627,9.801482199873135,0.6066782307025151,0.6991067524517459,0.1789303792825178,0.8348728075668208,5.4765882633592975,0.553923426838514,0.730214254481854,0.30354483169496577,20.81971869730679,10.622839116930527,0.05275480386400111
urbanflood24,location2,convlstm,Conv-LSTM,44,44,1,5,0.09819118154158242,0.7097111396414337,1.4755504854321322,1.7903150641359389,0.9409128374201525,0.9671697114111729,0.028043848446147296,0.10983592230228446,0.7516369323082666,0.9312169312169312,0.9692348424675669,0.04041939711664482,10.60194198456678,5.5779314273553995,0.00969590620322136
urbanflood24,location2,convlstm,Conv-LSTM,44,44,3,15,0.2540045611722455,1.832770339858937,4.1088642673952105,4.63501859921962,0.8475523771152297,0.9121903626212803,0.0771550778679535,0.2942121898506533,1.9707551701343293,0.8248310071487623,0.9193452219632501,0.11082568807339449,13.66620081201183,7.001622137872514,0.022721369966467342
urbanflood24,location2,convlstm,Conv-LSTM,44,44,6,30,0.44105485772020847,3.4006726386047252,7.582599881223989,8.401835081167519,0.7423744019138756,0.8400541424623541,0.13541908521012305,0.5433070948301328,3.697852089129889,0.7003603437124643,0.8549997180080086,0.20524246395806028,18.820339009541915,8.036542386288104,0.04201405820141135
urbanflood24,location2,convlstm,Conv-LSTM,44,44,12,60,0.6933076580456705,5.611525034206273,12.86453844870023,15.231182135175914,0.6031618569636136,0.7245870010852526,0.21742527837468256,0.9169495898696755,6.212904063312694,0.5397003583610379,0.7536476546484987,0.34469200524246396,24.38977390848616,9.67951577841954,0.06346149860257566
urbanflood24,location2,convlstm,Conv-LSTM,52,44,1,5,0.0927850866607001,0.6867970204971281,1.604727049204508,1.7103287391364574,0.9455578996718237,0.9639741904648106,0.019804386124779784,0.09291429751976371,0.7384377450190449,0.9351655287165069,0.9737722547496714,0.04067098293113596,0.1390645600437674,6.993240103210726,0.010392370955316754
urbanflood24,location2,convlstm,Conv-LSTM,52,44,3,15,0.21038205531467627,1.7335544059561325,3.9629910829387645,5.181535746669397,0.868535752149841,0.9140838085792214,0.054258594150846585,0.24606080138314262,1.9250585009250625,0.8405201155812403,0.937639474336722,0.10971159505591524,14.49997149806514,9.947962354230018,0.028015636568600732
urbanflood24,location2,convlstm,Conv-LSTM,52,44,6,30,0.4057100745045501,3.4765309475825372,7.855741372936185,10.702007845975459,0.7515363850439377,0.8209938511732965,0.10118148097266108,0.49772821350820334,3.8053225487002913,0.704083216891787,0.8536202785794955,0.19923484402589758,18.487627686417387,8.640308328923467,0.047453168152150726
urbanflood24,location2,convlstm,Conv-LSTM,52,44,12,60,0.70396746839023,5.821699304477102,14.568781460289475,16.86344085028395,0.5919521299956083,0.6691281414830903,0.16307047500776156,0.9015574710408261,6.386894104068694,0.5371935364041605,0.7179025752404592,0.3190700412007063,21.916517692708297,8.849290286988499,0.05475859359144786
urbanflood24,location2,convlstm_attention,Conv-LSTM + Attention,42,44,1,5,0.11139539253414926,0.936046014671081,2.009224049667394,1.846066550933756,0.9300366720146688,0.9527471237379667,0.024989487595362528,0.11657998509538355,0.950854606085715,0.9249288560045532,0.9539211082413712,0.03181411974977658,4.44724071374031,1.5573980837717225,0.005107816010115562
urbanflood24,location2,convlstm_attention,Conv-LSTM + Attention,42,44,3,15,0.32868902622538027,2.8408716500132978,6.3855847561653185,4.938493469126115,0.8045145032437939,0.8619600183823529,0.07650172328902019,0.3521961295096235,2.896173393410369,0.7920859538784067,0.8681640625,0.09961274947870122,6.674435439416406,1.9094762600505377,0.012428549365387176
urbanflood24,location2,convlstm_attention,Conv-LSTM + Attention,42,44,6,30,0.5478499220768867,4.159625823119654,10.608481585294735,8.002474531713233,0.684767134431564,0.7745571658615137,0.14478028956057912,0.6024941790447055,4.298064254483686,0.6688479757777018,0.7876696572348746,0.18403336312183496,9.069673843896869,3.22094838902453,0.015919158653862175
urbanflood24,location2,convlstm_attention,Conv-LSTM + Attention,42,44,12,60,0.7239802925642822,5.1356589221979405,14.619325897162186,10.98464768165286,0.5732350381405826,0.6994190767693172,0.23938591128320086,0.8348728075668208,5.4765882633592975,0.553923426838514,0.730214254481854,0.30354483169496577,13.282564002261278,6.225214034115347,0.0193116113020686
urbanflood24,location2,convlstm_attention,Conv-LSTM + Attention,44,44,1,5,0.10092261723939709,0.7052496007851974,1.4797173665334915,1.7347294255159795,0.9397373165078547,0.9661106698437913,0.02822902796271638,0.10983592230228446,0.7516369323082666,0.9312169312169312,0.9692348424675669,0.04041939711664482,8.115109224791373,6.171507749175433,0.008520385290923582
urbanflood24,location2,convlstm_attention,Conv-LSTM + Attention,44,44,3,15,0.25816330756867134,1.7933158697548661,4.136243803127069,4.313336359336972,0.8459156216682744,0.9031383814840913,0.06968174204355108,0.2942121898506533,1.9707551701343293,0.8248310071487623,0.9193452219632501,0.11082568807339449,12.252681406668065,9.003619681858742,0.021084614519512046
urbanflood24,location2,convlstm_attention,Conv-LSTM + Attention,44,44,6,30,0.449326593150559,3.332918944339372,7.800862956612481,7.822288107126951,0.7356547080695407,0.8257289492978399,0.12913395193909114,0.5433070948301328,3.697852089129889,0.7003603437124643,0.8549997180080086,0.20524246395806028,17.29786019248602,9.868786960497019,0.035294364357076446
urbanflood24,location2,convlstm_attention,Conv-LSTM + Attention,44,44,12,60,0.6937110516373486,5.511123698723118,13.130114417077083,14.606442640069872,0.5971415585071461,0.712890389485108,0.21377751180264645,0.9169495898696755,6.212904063312694,0.5397003583610379,0.7536476546484987,0.34469200524246396,24.345780913000397,11.295528748521981,0.05744120014610821
urbanflood24,location2,convlstm_attention,Conv-LSTM + Attention,52,44,1,5,0.08552063862102224,0.6992042284479216,1.5010995326314664,1.7909843241795897,0.9427228412256268,0.9705460628509978,0.029511918274687854,0.09291429751976371,0.7384377450190449,0.9351655287165069,0.9737722547496714,0.04067098293113596,7.957503953757784,5.313043223448907,0.00755731250911984
urbanflood24,location2,convlstm_attention,Conv-LSTM + Attention,52,44,3,15,0.21032724508167763,1.773803595762547,3.8703360960825988,5.351996986428276,0.859342679843714,0.9271014133399454,0.07838304165639635,0.24606080138314262,1.9250585009250625,0.8405201155812403,0.937639474336722,0.10971159505591524,14.522246575074782,7.85715889100678,0.01882256426247375
urbanflood24,location2,convlstm_attention,Conv-LSTM + Attention,52,44,6,30,0.4125271957304357,3.5173224366531177,7.658235488085724,11.030945461243391,0.7400221729490022,0.8376207805245326,0.13603417033393736,0.49772821350820334,3.8053225487002913,0.704083216891787,0.8536202785794955,0.19923484402589758,17.1179803485991,7.568349551486511,0.0359389560572152
urbanflood24,location2,convlstm_attention,Conv-LSTM + Attention,52,44,12,60,0.7243747031627036,5.882886495505862,14.283335122435572,17.396872711833566,0.5807176058912623,0.6899782811045609,0.21426047629142816,0.9015574710408261,6.386894104068694,0.5371935364041605,0.7179025752404592,0.3190700412007063,19.652964294507957,7.891278614463951,0.04352406948710186
urbanflood24,location3,cnn_temporal_transformer,CNN-Temporal Transformer,42,44,1,5,0.1828008726766402,0.7535706585749795,1.3547647912574798,2.280279820843134,0.9572949572949573,0.9678487780643025,0.011262567672080432,0.16916081375950437,0.7445669877943724,0.9561256349317303,0.9708060280583879,0.015569523078399386,-8.063367995218957,-1.2092492587240122,0.0011693223632269767
urbanflood24,location3,cnn_temporal_transformer,CNN-Temporal Transformer,42,44,3,15,0.5148209993124367,2.1364873550638266,3.944523896474914,6.34517531725578,0.8816226457149225,0.9083476863015272,0.03229436805793414,0.5048328522253034,2.1250850691794567,0.8779939624969703,0.915053393041681,0.044093657038671914,-1.9785057654440679,-0.5365566795296598,0.0036286832179522888
urbanflood24,location3,cnn_temporal_transformer,CNN-Temporal Transformer,42,44,6,30,0.9389544564779365,3.969892247480758,7.475715423769344,11.630450404481962,0.8024433031090821,0.8419675330435554,0.055266628511707765,0.950600163609167,3.9645995252221637,0.7956008028638235,0.852678967444336,0.07760771519048076,1.2250899565401856,-0.13349954326843466,0.006842500245258565
urbanflood24,location3,cnn_temporal_transformer,CNN-Temporal Transformer,42,44,12,60,1.4761928356694598,6.55925414431025,12.283926032636105,18.426766275661066,0.7227371085616299,0.7776655098185652,0.0890284067517497,1.5424800747641316,6.590772110255835,0.7135951899082389,0.7977199841848615,0.12875443815372806,4.297445404914429,0.4782135600856245,0.009141918653390979
urbanflood24,location3,cnn_temporal_transformer,CNN-Temporal Transformer,44,44,1,5,0.17019632748657199,0.6555839351311233,0.9730423762002482,1.5181939757894725,0.9602957764130844,0.9711033940838002,0.01145658624693588,0.15962600135465546,0.7382408758898216,0.9557354589612654,0.9725482243796102,0.017766627412830884,-6.621932543703504,11.196473056178254,0.0045603174518189515
urbanflood24,location3,cnn_temporal_transformer,CNN-Temporal Transformer,44,44,3,15,0.45020987392307027,1.7789072620565134,2.8841469360362244,4.09406844410114,0.8990451199066988,0.920173082661892,0.024903154399557276,0.4405493955755836,1.9847904220094585,0.888870356691844,0.9277081468218442,0.044979775741129484,-2.192825241506718,10.373042799375419,0.010174763214854776
urbanflood24,location3,cnn_temporal_transformer,CNN-Temporal Transformer,44,44,6,30,0.7628742550346557,3.1602993358163642,5.503957133687542,7.525522500509396,0.8348894929677343,0.8695652173913043,0.04558597022184992,0.7854746536629944,3.506419650082878,0.8180573619001985,0.8826874784578266,0.0821514515385797,2.8772919053394905,9.87104650347065,0.016832131067535783
urbanflood24,location3,cnn_temporal_transformer,CNN-Temporal Transformer,44,44,12,60,1.2659152931164457,5.6501949765970245,10.51402256467807,14.775511476909742,0.7441133186166299,0.7961814782009645,0.08078627428701284,1.3738322532009637,6.075405935354535,0.7190984578884935,0.8203178820982187,0.14645947468127593,7.85517735757598,6.998889675553787,0.025014860728136412
urbanflood24,location3,cnn_temporal_transformer,CNN-Temporal Transformer,52,44,1,5,0.12561252616783689,0.4704820098291198,0.6903057956387162,1.2480473786126822,0.970694772265196,0.9840325981379261,0.013771161288790749,0.11609496877168039,0.5271905085576162,0.9684124577160854,0.9834166449503684,0.015510494485948061,-8.198079121649375,10.756737423754045,0.0022823145491105423
urbanflood24,location3,cnn_temporal_transformer,CNN-Temporal Transformer,52,44,3,15,0.32800461517681667,1.2802487168182215,2.01159494548138,3.1824930803850293,0.9193110528116801,0.9516365182071506,0.03563309163136861,0.32797385998549117,1.4474212191632831,0.9121000950269242,0.9519907429273131,0.04392268469109451,-0.009377330049067007,11.549678844814762,0.007210957784755889
urbanflood24,location3,cnn_temporal_transformer,CNN-Temporal Transformer,52,44,6,30,0.6386377819958353,2.7060441501953694,4.4101541682486705,6.579389376565814,0.8531199084063588,0.9025412871817567,0.06031430372993161,0.651182088019569,2.9470716670663606,0.8428221842042576,0.9065477161025832,0.07698327997154038,1.926389907603956,8.178542773984189,0.010297724202101177
urbanflood24,location3,cnn_temporal_transformer,CNN-Temporal Transformer,52,44,12,60,1.1652715008246577,5.004648510942157,8.8141143779007,13.465205626562238,0.7570485274080285,0.826751825653,0.10020679173829633,1.2395204597189988,5.344253136551816,0.74176270086025,0.8369388549321246,0.1329301553421084,5.990135807130887,6.354575970343671,0.015285826547778547
urbanflood24,location3,convlstm,Conv-LSTM,42,44,1,5,0.1662330434907428,0.7418013322427406,1.2467413001935865,2.1838673055754043,0.9572589686098655,0.9696467860607064,0.01317025016252137,0.16916081375950437,0.7445669877943724,0.9561256349317303,0.9708060280583879,0.015569523078399386,1.7307615183998646,0.37144482591478617,0.0011333336781351733
urbanflood24,location3,convlstm,Conv-LSTM,42,44,3,15,0.4847516416090712,2.104524640976929,3.772504715376626,6.24358897912316,0.8818522377141844,0.9136066138477437,0.03791927643829653,0.5048328522253034,2.1250850691794567,0.8779939624969703,0.915053393041681,0.044093657038671914,3.9777939426315485,0.9675108305413221,0.0038582752172141577
urbanflood24,location3,convlstm,Conv-LSTM,42,44,6,30,0.9043441458815193,3.9222148340672716,7.278425650086043,11.49242723477073,0.8023029414843504,0.8498625033265325,0.06520307354555434,0.950600163609167,3.9645995252221637,0.7956008028638235,0.852678967444336,0.07760771519048076,4.865980408842587,1.0690787527276688,0.006702138620526932
urbanflood24,location3,convlstm,Conv-LSTM,42,44,12,60,1.4357061086201535,6.507402703400057,12.07894732666585,18.405038613127545,0.7237617983859607,0.789944207705487,0.10374819319144694,1.5424800747641316,6.590772110255835,0.7135951899082389,0.7977199841848615,0.12875443815372806,6.92222660706366,1.264941428122624,0.010166608477721772
urbanflood24,location3,convlstm,Conv-LSTM,44,44,1,5,0.1645258425577715,0.6758372665835133,1.1383035764325173,1.9968926615547389,0.9609036054455692,0.9768573673671136,0.01671216798918174,0.15962600135465546,0.7382408758898216,0.9557354589612654,0.9725482243796102,0.017766627412830884,-3.069575859530316,8.45301463849337,0.005168146484303748
urbanflood24,location3,convlstm,Conv-LSTM,44,44,3,15,0.4391146409576146,1.8386012667235634,3.1793300149778694,5.011564743472263,0.8977158694509485,0.9343728240326271,0.041871732755323215,0.4405493955755836,1.9847904220094585,0.888870356691844,0.9277081468218442,0.044979775741129484,0.32567394993119125,7.36547061416636,0.008845512759104501
urbanflood24,location3,convlstm,Conv-LSTM,44,44,6,30,0.7785016187118383,3.3297136025784893,6.09980003311302,9.127397934207693,0.8250304045526515,0.8851740607612388,0.07608891173069511,0.7854746536629944,3.506419650082878,0.8180573619001985,0.8826874784578266,0.0821514515385797,0.8877479265101592,5.039500833855185,0.006973042652453021
urbanflood24,location3,convlstm,Conv-LSTM,44,44,12,60,1.2975359190089488,5.867492878078819,11.137882007124453,16.5814888139721,0.7297184245866631,0.8155201259718532,0.12601186552406066,1.3738322532009637,6.075405935354535,0.7190984578884935,0.8203178820982187,0.14645947468127593,5.5535407626548325,3.422208482659739,0.01061996669816967
urbanflood24,location3,convlstm,Conv-LSTM,52,44,1,5,0.12061990767565138,0.5245420579515085,0.8144021163974127,1.7216566193383187,0.96958281663118,0.9817109284309777,0.012581313889484596,0.11609496877168039,0.5271905085576162,0.9684124577160854,0.9834166449503684,0.015510494485948061,-3.8976184341545537,0.5023706920205652,0.0011703589150945382
urbanflood24,location3,convlstm,Conv-LSTM,52,44,3,15,0.3214398253659529,1.4280119748153586,2.3788380609069657,4.411912919022143,0.9153252430500216,0.9493694799981108,0.037700169949972474,0.32797385998549117,1.4474212191632831,0.9121000950269242,0.9519907429273131,0.04392268469109451,1.9922424975659119,1.3409534205353542,0.0032251480230973684
urbanflood24,location3,convlstm,Conv-LSTM,52,44,6,30,0.6058676990825919,2.8959907589290586,4.776571447913112,8.161469828337431,0.8469323074905467,0.9025645803731569,0.06784064665127021,0.651182088019569,2.9470716670663606,0.8428221842042576,0.9065477161025832,0.07698327997154038,6.958789218971174,1.7332767542823324,0.004110123286289125
urbanflood24,location3,convlstm,Conv-LSTM,52,44,12,60,1.119832232773686,5.22029731753285,9.044566560778222,15.216295095160604,0.7489671982153185,0.8300483025433235,0.1153752317751537,1.2395204597189988,5.344253136551816,0.74176270086025,0.8369388549321246,0.1329301553421084,9.656010597230988,2.3194226742587265,0.007204497355068562
urbanflood24,location3,convlstm_attention,Conv-LSTM + Attention,42,44,1,5,0.17030104130062473,0.750395120444283,1.2936270469340245,2.2617360707954504,0.9562343819332539,0.9686768080626463,0.013254608989034824,0.16916081375950437,0.7445669877943724,0.9561256349317303,0.9708060280583879,0.015569523078399386,-0.6740494537590862,-0.7827546406771699,0.0001087470015236347
urbanflood24,location3,convlstm_attention,Conv-LSTM + Attention,42,44,3,15,0.4900625202044095,2.1327056502985884,3.8814993145880874,6.3891524623613805,0.8797677356441568,0.9116086806751637,0.038185694902112814,0.5048328522253034,2.1250850691794567,0.8779939624969703,0.915053393041681,0.044093657038671914,2.925786615468123,-0.3586012263534533,0.0017737731471865192
urbanflood24,location3,convlstm_attention,Conv-LSTM + Attention,42,44,6,30,0.9144126677401414,3.974291744303039,7.437699231232631,11.751391767757013,0.798498096473246,0.8465581477867471,0.06637806637806638,0.950600163609167,3.9645995252221637,0.7956008028638235,0.852678967444336,0.07760771519048076,3.806805137885905,-0.24446905719518677,0.00289729360942248
urbanflood24,location3,convlstm_attention,Conv-LSTM + Attention,42,44,12,60,1.4575525151584094,6.578133634719828,12.33439986972761,18.771023425506428,0.7196571245031518,0.7874401440934851,0.1068340932306849,1.5424800747641316,6.590772110255835,0.7135951899082389,0.7977199841848615,0.12875443815372806,5.505909670743,0.19176016594990952,0.006061934594912888
urbanflood24,location3,convlstm_attention,Conv-LSTM + Attention,44,44,1,5,0.15734018066818772,0.7351333398524752,1.2450928504223886,1.936782494885847,0.9563200039913189,0.9717370915819624,0.01631940880632249,0.15962600135465546,0.7382408758898216,0.9557354589612654,0.9725482243796102,0.017766627412830884,1.431985182281879,0.42093795383529437,0.0005845450300534516
urbanflood24,location3,convlstm_attention,Conv-LSTM + Attention,44,44,3,15,0.4288847196256227,1.9731579864897284,3.5549548962071507,5.213297362206504,0.8897528530755796,0.9248234357903113,0.04087790787641203,0.4405493955755836,1.9847904220094585,0.888870356691844,0.9277081468218442,0.044979775741129484,2.6477566572803597,0.5860787814540708,0.0008824963837356092
urbanflood24,location3,convlstm_attention,Conv-LSTM + Attention,44,44,6,30,0.7513012628070009,3.4719108211236263,6.496135891630297,9.319661982590333,0.8202492641648271,0.8782067063863311,0.07446615292805064,0.7854746536629944,3.506419650082878,0.8180573619001985,0.8826874784578266,0.0821514515385797,4.350667548167055,0.9841614068765562,0.00219190226462862
urbanflood24,location3,convlstm_attention,Conv-LSTM + Attention,44,44,12,60,1.291442025596397,5.982683560775069,11.41735847442521,16.450984351104125,0.7260424689184729,0.8118049404586163,0.1270240237062123,1.3738322532009637,6.075405935354535,0.7190984578884935,0.8203178820982187,0.14645947468127593,5.997109720826644,1.5261922506262195,0.0069440110299794355
urbanflood24,location3,convlstm_attention,Conv-LSTM + Attention,52,44,1,5,0.11234278138748345,0.522681271583228,0.8174140472108488,1.7213944985996932,0.9694710021272119,0.9825164056762455,0.013510620584667348,0.11609496877168039,0.5271905085576162,0.9684124577160854,0.9834166449503684,0.015510494485948061,3.2319982716703493,0.8553334897332276,0.0010585444111265163
urbanflood24,location3,convlstm_attention,Conv-LSTM + Attention,52,44,3,15,0.32561156415537956,1.4331834987567451,2.3831048592923665,4.399903188459575,0.9155395388089319,0.9479053511547726,0.035953598962461274,0.32797385998549117,1.4474212191632831,0.9121000950269242,0.9519907429273131,0.04392268469109451,0.7202695453278221,0.9836611635946925,0.0034394437820076673
urbanflood24,location3,convlstm_attention,Conv-LSTM + Attention,52,44,6,30,0.6239178522336674,2.90812351798217,4.8509276760360045,8.224363904446363,0.8491334698641299,0.898185460389928,0.06042884990253411,0.651182088019569,2.9470716670663606,0.8428221842042576,0.9065477161025832,0.07698327997154038,4.186883559530942,1.3215881215050798,0.006311285659872268
urbanflood24,location3,convlstm_attention,Conv-LSTM + Attention,52,44,12,60,1.1251031936066218,5.219656589335745,9.088821479147098,15.218256087973714,0.7506169224978042,0.8216697571137513,0.10330268811831718,1.2395204597189988,5.344253136551816,0.74176270086025,0.8369388549321246,0.1329301553421084,9.230768658575881,2.3314117807013615,0.008854221637554227
