dataset,location,model_type,model_label,lead_minutes,threshold_m,seed_count,csi_mean,csi_std,pod_mean,pod_std,far_mean,far_std,persistence_csi_mean,persistence_csi_std,persistence_pod_mean,persistence_pod_std,persistence_far_mean,persistence_far_std
larno_ukea,ukea,cnn_temporal_transformer,CNN-Temporal Transformer,5,0.05,5,0.9297722423793511,0.00427362185944518,0.9411453573164803,0.006464846256124695,0.012797599023246682,0.0023927204243049003,0.9234984825346504,0.0,0.9289936801166747,0.0,0.006364458865004836,0.0
larno_ukea,ukea,cnn_temporal_transformer,CNN-Temporal Transformer,5,0.1,5,0.9211302126309023,0.006311830321316272,0.9300604854145931,0.007494802807602432,0.010295794669029438,0.0014540684413219158,0.9001021543903518,0.0,0.9039889748105046,0.0,0.0047541177065596706,0.0
larno_ukea,ukea,cnn_temporal_transformer,CNN-Temporal Transformer,5,0.2,5,0.9072221218964868,0.00640816014149885,0.9190321279741901,0.008743970392458063,0.013914939598361847,0.0030913819388985577,0.8660321715817695,0.0,0.8684769458260518,0.0,0.003239940755369045,0.0
larno_ukea,ukea,cnn_temporal_transformer,CNN-Temporal Transformer,5,0.3,5,0.896499448167685,0.006967124673679593,0.9106466744848383,0.008686938921702617,0.01698495594449344,0.00419287533820213,0.8437696072280085,0.0,0.8448651365387837,0.0,0.0015344255803593527,0.0
larno_ukea,ukea,cnn_temporal_transformer,CNN-Temporal Transformer,15,0.05,5,0.8218754611036204,0.0072786981159625,0.8698901745610012,0.013280059507341447,0.06271557483583869,0.007768362398152947,0.8116672514269577,0.0,0.820869429755857,0.0,0.013623269792739109,0.0
larno_ukea,ukea,cnn_temporal_transformer,CNN-Temporal Transformer,15,0.1,5,0.8093893587384526,0.012337124469786583,0.8348296852739282,0.014889224743501418,0.036186376269564925,0.003109603684319432,0.7540115883191798,0.0,0.760134697578034,0.0,0.010570325539052886,0.0
larno_ukea,ukea,cnn_temporal_transformer,CNN-Temporal Transformer,15,0.2,5,0.7835935425440146,0.014224223004029627,0.803463405328642,0.015644176040027827,0.030531637581112055,0.003794147583849607,0.6759391846361186,0.0,0.6803662646516458,0.0,0.00953468279437176,0.0
larno_ukea,ukea,cnn_temporal_transformer,CNN-Temporal Transformer,15,0.3,5,0.7618210162424484,0.014122216356073622,0.7860252148278242,0.014239251525666956,0.03882422487329539,0.007674364487394281,0.629461632308318,0.0,0.6310606535783729,0.0,0.004009305548680889,0.0
larno_ukea,ukea,cnn_temporal_transformer,CNN-Temporal Transformer,30,0.05,5,0.7350850339652767,0.01076093932671998,0.8145538842575812,0.026196966348092245,0.11610588380924936,0.016388707134304806,0.6993339181373497,0.0,0.7103494623655914,0.0,0.021693237242483804,0.0
larno_ukea,ukea,cnn_temporal_transformer,CNN-Temporal Transformer,30,0.1,5,0.7074700616318379,0.020454852511281083,0.7579765542648452,0.03011166653213224,0.08519177480342534,0.011443754331114895,0.6141999367955335,0.0,0.6208115503785177,0.0,0.017044017735219245,0.0
larno_ukea,ukea,cnn_temporal_transformer,CNN-Temporal Transformer,30,0.2,5,0.6667215054352579,0.023110297915015173,0.6976403163320847,0.027929115344491866,0.061841760250783355,0.00772709391064343,0.5045513654096229,0.0,0.5093330771939936,0.0,0.0182670945445569,0.0
larno_ukea,ukea,cnn_temporal_transformer,CNN-Temporal Transformer,30,0.3,5,0.647950622793976,0.02362078244809802,0.6738109572546658,0.024585464935891695,0.05589153634506093,0.010570933116221337,0.44571619068785423,0.0,0.4471871028162419,0.0,0.007325644706231748,0.0
larno_ukea,ukea,cnn_temporal_transformer,CNN-Temporal Transformer,60,0.05,5,0.6781288424415249,0.020840638767712357,0.7943993469387756,0.045301007803671675,0.17526298311286237,0.019250127264630292,0.595591200322595,0.0,0.60768,0.0,0.032321467569338284,0.0
larno_ukea,ukea,cnn_temporal_transformer,CNN-Temporal Transformer,60,0.1,5,0.63885110246265,0.03144720902688388,0.715530541695758,0.05287237035511244,0.1404559389735189,0.020318940246832118,0.4862776423106029,0.0,0.49242204928222333,0.0,0.025018122966434582,0.0
larno_ukea,ukea,cnn_temporal_transformer,CNN-Temporal Transformer,60,0.2,5,0.5834145454860786,0.040031033931703215,0.6305313965141863,0.053659690943612816,0.1106736586527602,0.016384796528411266,0.3608003835266186,0.0,0.36412123166952737,0.0,0.0246544063194273,0.0
larno_ukea,ukea,cnn_temporal_transformer,CNN-Temporal Transformer,60,0.3,5,0.5534963493429126,0.04167202892106708,0.5913489219199812,0.05095015321896492,0.10163786992123605,0.014212041544747086,0.29212463594186777,0.0,0.2931672639680395,0.0,0.012027916646042667,0.0
larno_ukea,ukea,convlstm,Conv-LSTM,5,0.05,5,0.929838665314248,0.0013772839222815397,0.9439708313077297,0.004819308266298061,0.015790879161349507,0.005439527281554019,0.9234984825346504,0.0,0.9289936801166747,0.0,0.006364458865004836,0.0
larno_ukea,ukea,convlstm,Conv-LSTM,5,0.1,5,0.9188087266550561,0.004479037594908602,0.9282505168057577,0.007076508841321721,0.010905244572610325,0.0028339939051825816,0.9001021543903518,0.0,0.9039889748105046,0.0,0.0047541177065596706,0.0
larno_ukea,ukea,convlstm,Conv-LSTM,5,0.2,5,0.9015944443413018,0.005506152046428158,0.912101088856029,0.00981634465721711,0.012507287311198477,0.004954432574458427,0.8660321715817695,0.0,0.8684769458260518,0.0,0.003239940755369045,0.0
larno_ukea,ukea,convlstm,Conv-LSTM,5,0.3,5,0.8914629559425086,0.00523296889966152,0.9030658401742335,0.010337859811223373,0.014067411037660637,0.006072694482073361,0.8437696072280085,0.0,0.8448651365387837,0.0,0.0015344255803593527,0.0
larno_ukea,ukea,convlstm,Conv-LSTM,15,0.05,5,0.8282755831169321,0.004011131993111732,0.8825863068707972,0.013843762722564932,0.06862395978668856,0.017053273242718252,0.8116672514269577,0.0,0.820869429755857,0.0,0.013623269792739109,0.0
larno_ukea,ukea,convlstm,Conv-LSTM,15,0.1,5,0.8074127178201127,0.011259476020953101,0.8370573759875664,0.01816137409925562,0.041655608664714995,0.008058562988384305,0.7540115883191798,0.0,0.760134697578034,0.0,0.010570325539052886,0.0
larno_ukea,ukea,convlstm,Conv-LSTM,15,0.2,5,0.775227272922557,0.01541998003872172,0.7939252633586977,0.020900253533406323,0.029084291504522502,0.0073852141032206406,0.6759391846361186,0.0,0.6803662646516458,0.0,0.00953468279437176,0.0
larno_ukea,ukea,convlstm,Conv-LSTM,15,0.3,5,0.7552175196973326,0.016675399263389668,0.7751050617826005,0.02313061145114846,0.03229302836155837,0.009407354808548268,0.629461632308318,0.0,0.6310606535783729,0.0,0.004009305548680889,0.0
larno_ukea,ukea,convlstm,Conv-LSTM,30,0.05,5,0.74252439133681,0.010885443382909548,0.8334209254560832,0.026515905882410373,0.12576660362942343,0.03696696542860312,0.6993339181373497,0.0,0.7103494623655914,0.0,0.021693237242483804,0.0
larno_ukea,ukea,convlstm,Conv-LSTM,30,0.1,5,0.7138538731242504,0.020337413688686176,0.7701168027768609,0.039941968894451986,0.09025374761967755,0.024761616756829967,0.6141999367955335,0.0,0.6208115503785177,0.0,0.017044017735219245,0.0
larno_ukea,ukea,convlstm,Conv-LSTM,30,0.2,5,0.6601043969166696,0.028528981086877826,0.6923990650914097,0.03773527456732799,0.06457409629219449,0.01193876419669624,0.5045513654096229,0.0,0.5093330771939936,0.0,0.0182670945445569,0.0
larno_ukea,ukea,convlstm,Conv-LSTM,30,0.3,5,0.6395835651820779,0.027361326462010314,0.66279572769639,0.03575946075274141,0.05033580670083,0.013647272688668834,0.44571619068785423,0.0,0.4471871028162419,0.0,0.007325644706231748,0.0
larno_ukea,ukea,convlstm,Conv-LSTM,60,0.05,5,0.6859802460333332,0.013662104165926543,0.8070504489795918,0.036912141779982185,0.17518210276982088,0.04831622492295284,0.595591200322595,0.0,0.60768,0.0,0.032321467569338284,0.0
larno_ukea,ukea,convlstm,Conv-LSTM,60,0.1,5,0.6452562877002235,0.019164417655073842,0.735827529247484,0.05366555175738125,0.1541925087770954,0.04024566932386019,0.4862776423106029,0.0,0.49242204928222333,0.0,0.025018122966434582,0.0
larno_ukea,ukea,convlstm,Conv-LSTM,60,0.2,5,0.5917415496048638,0.04040816865864949,0.6476632607218146,0.06277989184554453,0.12158643868600726,0.028214580757675172,0.3608003835266186,0.0,0.36412123166952737,0.0,0.0246544063194273,0.0
larno_ukea,ukea,convlstm,Conv-LSTM,60,0.3,5,0.5642308061754167,0.04868805791198653,0.6038129369602256,0.06191295011276081,0.10066429815825235,0.015538678793124384,0.29212463594186777,0.0,0.2931672639680395,0.0,0.012027916646042667,0.0
larno_ukea,ukea,convlstm_attention,Conv-LSTM + Attention,5,0.05,5,0.9288112920877093,0.002140606760422427,0.9429188138065143,0.005566116843589628,0.015774013352174543,0.006896539140967226,0.9234984825346504,0.0,0.9289936801166747,0.0,0.006364458865004836,0.0
larno_ukea,ukea,convlstm_attention,Conv-LSTM + Attention,5,0.1,5,0.914900428328049,0.004573031979864892,0.9230441773217977,0.007946014583219689,0.00948225874745447,0.004127260578438385,0.9001021543903518,0.0,0.9039889748105046,0.0,0.0047541177065596706,0.0
larno_ukea,ukea,convlstm_attention,Conv-LSTM + Attention,5,0.2,5,0.8918937804259164,0.007883288802610118,0.8979432719451539,0.011728256669245731,0.007370757405846476,0.0051227675153565945,0.8660321715817695,0.0,0.8684769458260518,0.0,0.003239940755369045,0.0
larno_ukea,ukea,convlstm_attention,Conv-LSTM + Attention,5,0.3,5,0.8768340519267719,0.008888630006311907,0.8826352822918412,0.013675660745202696,0.007242863943506218,0.006768515345201637,0.8437696072280085,0.0,0.8448651365387837,0.0,0.0015344255803593527,0.0
larno_ukea,ukea,convlstm_attention,Conv-LSTM + Attention,15,0.05,5,0.8234443669257729,0.00758742191198502,0.8776999835564748,0.012656963401896221,0.06912408997790719,0.023207331619333842,0.8116672514269577,0.0,0.820869429755857,0.0,0.013623269792739109,0.0
larno_ukea,ukea,convlstm_attention,Conv-LSTM + Attention,15,0.1,5,0.8006641675267218,0.008080704802508132,0.8267271078875793,0.01930441424954367,0.03719867343023229,0.013890276688747562,0.7540115883191798,0.0,0.760134697578034,0.0,0.010570325539052886,0.0
larno_ukea,ukea,convlstm_attention,Conv-LSTM + Attention,15,0.2,5,0.7528586879438813,0.013907487295761245,0.7651539880031369,0.02061783030165882,0.020341519140526867,0.009762477933936132,0.6759391846361186,0.0,0.6803662646516458,0.0,0.00953468279437176,0.0
larno_ukea,ukea,convlstm_attention,Conv-LSTM + Attention,15,0.3,5,0.7228262002498872,0.013897182331395492,0.7325722887787743,0.021660555973502072,0.01726257653595204,0.013042056141669705,0.629461632308318,0.0,0.6310606535783729,0.0,0.004009305548680889,0.0
larno_ukea,ukea,convlstm_attention,Conv-LSTM + Attention,30,0.05,5,0.7255086331296964,0.012699440861239104,0.8273740485683219,0.028553361057209566,0.14193096015138534,0.04522169499280655,0.6993339181373497,0.0,0.7103494623655914,0.0,0.021693237242483804,0.0
larno_ukea,ukea,convlstm_attention,Conv-LSTM + Attention,30,0.1,5,0.6992995541350803,0.00993588913246001,0.7512878118378603,0.03323366026136659,0.08720461324476347,0.029706185377149908,0.6141999367955335,0.0,0.6208115503785177,0.0,0.017044017735219245,0.0
larno_ukea,ukea,convlstm_attention,Conv-LSTM + Attention,30,0.2,5,0.632569556788174,0.02671014367185124,0.6568597316940415,0.0384654788404755,0.052921930838651356,0.017646768096532366,0.5045513654096229,0.0,0.5093330771939936,0.0,0.0182670945445569,0.0
larno_ukea,ukea,convlstm_attention,Conv-LSTM + Attention,30,0.3,5,0.5951387830323707,0.026692068862625738,0.6069614466965461,0.03590719509904496,0.029277418251481224,0.018433274085371893,0.44571619068785423,0.0,0.4471871028162419,0.0,0.007325644706231748,0.0
larno_ukea,ukea,convlstm_attention,Conv-LSTM + Attention,60,0.05,5,0.6308947431443848,0.054682560962844975,0.8220930612244898,0.03547312648762669,0.26390231449853746,0.08745700937652728,0.595591200322595,0.0,0.60768,0.0,0.032321467569338284,0.0
larno_ukea,ukea,convlstm_attention,Conv-LSTM + Attention,60,0.1,5,0.6184869810275675,0.020190558039982914,0.7370365955417809,0.05675901129731829,0.19802933106338058,0.05973830062415786,0.4862776423106029,0.0,0.49242204928222333,0.0,0.025018122966434582,0.0
larno_ukea,ukea,convlstm_attention,Conv-LSTM + Attention,60,0.2,5,0.5590182593491553,0.02975739798227422,0.6139133039201005,0.05689996535516666,0.1303229604464973,0.03627383020069848,0.3608003835266186,0.0,0.36412123166952737,0.0,0.0246544063194273,0.0
larno_ukea,ukea,convlstm_attention,Conv-LSTM + Attention,60,0.3,5,0.518597065070507,0.03818577754318267,0.5515627753951002,0.06062116103608615,0.093688657487978,0.03698515010083581,0.29212463594186777,0.0,0.2931672639680395,0.0,0.012027916646042667,0.0
urbanflood24,location1,cnn_temporal_transformer,CNN-Temporal Transformer,5,0.05,3,0.966148393640208,0.004607352920145498,0.9774321878911757,0.0037109177378156248,0.01181435478665128,0.001402091173709852,0.9628782152451881,0.004888162642575775,0.9776422543082225,0.006471554438049036,0.015422018329773898,0.001458660483612743
urbanflood24,location1,cnn_temporal_transformer,CNN-Temporal Transformer,5,0.1,3,0.9657856716238352,0.0026193526614077074,0.9768899626714649,0.0026429868345088374,0.011632651455598081,0.00046877161418563685,0.9609430779827363,0.0014186962314864083,0.9766572938925155,0.004400130647607868,0.016439079450704108,0.0032919968004435705
urbanflood24,location1,cnn_temporal_transformer,CNN-Temporal Transformer,5,0.2,3,0.9683279347645132,0.005137218222403113,0.9790694282670348,0.004617356112697332,0.011208486973351034,0.0008551988471976841,0.9597240567568653,0.0013348773954025897,0.9756656222554643,0.004329633688249101,0.01671179653240843,0.0032161202643581285
urbanflood24,location1,cnn_temporal_transformer,CNN-Temporal Transformer,5,0.3,3,0.9684005493131638,0.008488630502078922,0.9791001557533795,0.007508945522585899,0.011173758853402207,0.0019016793039108196,0.9573870710830682,0.0035051349765434026,0.9733359541894465,0.005968319839766731,0.016797277905855213,0.0024358578949318322
urbanflood24,location1,cnn_temporal_transformer,CNN-Temporal Transformer,15,0.05,3,0.8966182785053731,0.016812325423410285,0.9389775992675606,0.010726979899283418,0.04800940456263369,0.010811470916407736,0.8988080533718525,0.01299054895115353,0.9382314152923341,0.018656116979327276,0.04446632973511973,0.0046655304961306125
urbanflood24,location1,cnn_temporal_transformer,CNN-Temporal Transformer,15,0.1,3,0.907387027564764,0.011821628852725592,0.9376085927560898,0.012006651676246574,0.034314018898642835,0.0011754440989227882,0.8910489737328449,0.007635985865163835,0.9352011291520609,0.015749068127935372,0.05004297546086828,0.008486136766189287
urbanflood24,location1,cnn_temporal_transformer,CNN-Temporal Transformer,15,0.2,3,0.9144217110848083,0.015099517541626447,0.9413528661403722,0.01436193512161189,0.030380532854627842,0.002129106541658496,0.8914963979622437,0.007648072317108579,0.9328050455364244,0.014758762874094802,0.04710393978244537,0.007042003245151449
urbanflood24,location1,cnn_temporal_transformer,CNN-Temporal Transformer,15,0.3,3,0.9127777017271281,0.01914331805065733,0.9406586943524567,0.017457521931025132,0.03154546007971309,0.003402285020722978,0.8824659430904304,0.008873062421308732,0.925308772628251,0.01566042373140548,0.04963598231340402,0.006294232870259481
urbanflood24,location1,cnn_temporal_transformer,CNN-Temporal Transformer,30,0.05,3,0.8186473537834702,0.015444912248115929,0.8896250758716907,0.012205825628755423,0.08893588541926507,0.0070273949136730185,0.8246542905449319,0.014093225894942255,0.8921958943913861,0.024015990161213373,0.08362546912401,0.00798244832568908
urbanflood24,location1,cnn_temporal_transformer,CNN-Temporal Transformer,30,0.1,3,0.8256130799452114,0.01692082120557095,0.8842796776712807,0.015652731949771362,0.07443191411047578,0.008451287441652681,0.8077854600845383,0.008348608492956001,0.885115265441209,0.024378382017152908,0.09670919587792483,0.0165174383449766
urbanflood24,location1,cnn_temporal_transformer,CNN-Temporal Transformer,30,0.2,3,0.8451074581723333,0.022515779147889818,0.888972501448085,0.02209383454417576,0.05525790875505852,0.006327550246403264,0.8084259543325252,0.009997935900498078,0.8803191548716337,0.0237425149208628,0.09104687228122994,0.012934303058993757
urbanflood24,location1,cnn_temporal_transformer,CNN-Temporal Transformer,30,0.3,3,0.8388492552181438,0.027830538552684757,0.8835845066329382,0.027497873150438445,0.057094219033444436,0.0041912613720429094,0.7891071369545001,0.009270007067902902,0.8650009386798303,0.02507223525947774,0.09917470447678915,0.015017814560467186
urbanflood24,location1,cnn_temporal_transformer,CNN-Temporal Transformer,60,0.05,3,0.7048187421893094,0.009374509116751743,0.8050398249979713,0.02068683455068353,0.14904050433008748,0.02340052151730455,0.7137380044480626,0.003409325544883671,0.8208482484001992,0.016537073395817208,0.15401972304392347,0.013437849459802198
urbanflood24,location1,cnn_temporal_transformer,CNN-Temporal Transformer,60,0.1,3,0.7120888970368269,0.013061668448167921,0.7912493229125653,0.015321400486361533,0.12318121871496893,0.0019622314053851704,0.6874131811323637,0.0025278240819442627,0.8060032611551998,0.018695600270774552,0.17520965299454483,0.02324581072609051
urbanflood24,location1,cnn_temporal_transformer,CNN-Temporal Transformer,60,0.2,3,0.7295885817172731,0.0198133640142239,0.7940570227265584,0.01902277253957352,0.10009248343128536,0.0163817732352308,0.6812634130654396,0.0047828860998965685,0.7977302393910155,0.021277662168924807,0.17536138020604725,0.02142097971362303
urbanflood24,location1,cnn_temporal_transformer,CNN-Temporal Transformer,60,0.3,3,0.7193433301932405,0.02784915772935637,0.7793683216052133,0.026077775875080485,0.09709756276383306,0.012306850628271361,0.6563603104181968,0.004002487146036167,0.774445726884985,0.022816105266232407,0.18712641575974331,0.023455974254352314
urbanflood24,location1,convlstm,Conv-LSTM,5,0.05,3,0.965205424087893,0.005725891064821254,0.976876044422094,0.006590291433947186,0.012213796011108965,0.0015480282520370446,0.9628782152451881,0.004888162642575775,0.9776422543082225,0.006471554438049036,0.015422018329773898,0.001458660483612743
urbanflood24,location1,convlstm,Conv-LSTM,5,0.1,3,0.963377672765632,0.0021090955050860442,0.9756740688707071,0.004770249254059049,0.012884540943661519,0.0030634608693254958,0.9609430779827363,0.0014186962314864083,0.9766572938925155,0.004400130647607868,0.016439079450704108,0.0032919968004435705
urbanflood24,location1,convlstm,Conv-LSTM,5,0.2,3,0.9639232819216188,0.002496015477077757,0.9752644044456106,0.004404882655141389,0.011901143987178635,0.0023013485499922015,0.9597240567568653,0.0013348773954025897,0.9756656222554643,0.004329633688249101,0.01671179653240843,0.0032161202643581285
urbanflood24,location1,convlstm,Conv-LSTM,5,0.3,3,0.9630942977984221,0.0052132420507158906,0.9729574537916862,0.006616407919119747,0.010396301791804365,0.0017038121969384628,0.9573870710830682,0.0035051349765434026,0.9733359541894465,0.005968319839766731,0.016797277905855213,0.0024358578949318322
urbanflood24,location1,convlstm,Conv-LSTM,15,0.05,3,0.9033279688474765,0.014341450437833511,0.9371457910003579,0.01779762834669552,0.038298639324476365,0.0036938326362482847,0.8988080533718525,0.01299054895115353,0.9382314152923341,0.018656116979327276,0.04446632973511973,0.0046655304961306125
urbanflood24,location1,convlstm,Conv-LSTM,15,0.1,3,0.898248610124691,0.009501780911053925,0.9339514011121498,0.014851951604061235,0.040650346956014806,0.005711469976964542,0.8910489737328449,0.007635985865163835,0.9352011291520609,0.015749068127935372,0.05004297546086828,0.008486136766189287
urbanflood24,location1,convlstm,Conv-LSTM,15,0.2,3,0.9032211445355639,0.010274679439649086,0.9319013592934011,0.012918995541902803,0.032885761543438405,0.002361753846415819,0.8914963979622437,0.007648072317108579,0.9328050455364244,0.014758762874094802,0.04710393978244537,0.007042003245151449
urbanflood24,location1,convlstm,Conv-LSTM,15,0.3,3,0.8982559785222558,0.01226383476981238,0.9240755039164822,0.013793374978851027,0.030134075939127942,0.001309747961695985,0.8824659430904304,0.008873062421308732,0.925308772628251,0.01566042373140548,0.04963598231340402,0.006294232870259481
urbanflood24,location1,convlstm,Conv-LSTM,30,0.05,3,0.8305308732163763,0.016132039541912262,0.8888621732454389,0.022661230362799323,0.07293113499371294,0.00692754198158013,0.8246542905449319,0.014093225894942255,0.8921958943913861,0.024015990161213373,0.08362546912401,0.00798244832568908
urbanflood24,location1,convlstm,Conv-LSTM,30,0.1,3,0.8203895546645774,0.011013929473621703,0.8818286170957358,0.021668845228254182,0.07775693363552738,0.010513176683294243,0.8077854600845383,0.008348608492956001,0.885115265441209,0.024378382017152908,0.09670919587792483,0.0165174383449766
urbanflood24,location1,convlstm,Conv-LSTM,30,0.2,3,0.8274239570817735,0.014818465016651117,0.8761910880512556,0.019995468400264105,0.06282746623101296,0.004052419392621709,0.8084259543325252,0.009997935900498078,0.8803191548716337,0.0237425149208628,0.09104687228122994,0.012934303058993757
urbanflood24,location1,convlstm,Conv-LSTM,30,0.3,3,0.813878692098848,0.015144796245603366,0.8583095346853578,0.01942605759821292,0.05961962145501882,0.005355376589644789,0.7891071369545001,0.009270007067902902,0.8650009386798303,0.02507223525947774,0.09917470447678915,0.015017814560467186
urbanflood24,location1,convlstm,Conv-LSTM,60,0.05,3,0.7230050612317037,0.0077504169607547635,0.8087041147720697,0.01290537373286962,0.12768572924267124,0.004855042306585752,0.7137380044480626,0.003409325544883671,0.8208482484001992,0.016537073395817208,0.15401972304392347,0.013437849459802198
urbanflood24,location1,convlstm,Conv-LSTM,60,0.1,3,0.7059472836584518,0.005495751998787298,0.7945036526139434,0.014168624901094428,0.1359892005644211,0.010688128782842195,0.6874131811323637,0.0025278240819442627,0.8060032611551998,0.018695600270774552,0.17520965299454483,0.02324581072609051
urbanflood24,location1,convlstm,Conv-LSTM,60,0.2,3,0.7083253393947551,0.013658557195819298,0.7828753090986934,0.01641679375852803,0.11832307601009073,0.011450532357426458,0.6812634130654396,0.0047828860998965685,0.7977302393910155,0.021277662168924807,0.17536138020604725,0.02142097971362303
urbanflood24,location1,convlstm,Conv-LSTM,60,0.3,3,0.6898893735590829,0.01590189755984244,0.7512971903782788,0.015433820669854176,0.1059990868524464,0.009229365868815398,0.6563603104181968,0.004002487146036167,0.774445726884985,0.022816105266232407,0.18712641575974331,0.023455974254352314
urbanflood24,location1,convlstm_attention,Conv-LSTM + Attention,5,0.05,3,0.9647204140121655,0.005584633201810337,0.9758863747269971,0.005512622997019971,0.011722858496992065,0.0006099163515117963,0.9628782152451881,0.004888162642575775,0.9776422543082225,0.006471554438049036,0.015422018329773898,0.001458660483612743
urbanflood24,location1,convlstm_attention,Conv-LSTM + Attention,5,0.1,3,0.9637557976923073,0.002691217139539103,0.9743514721135487,0.003321170330728762,0.011151776115757725,0.0014435314076842447,0.9609430779827363,0.0014186962314864083,0.9766572938925155,0.004400130647607868,0.016439079450704108,0.0032919968004435705
urbanflood24,location1,convlstm_attention,Conv-LSTM + Attention,5,0.2,3,0.9634217783147583,0.00281723810833288,0.9734141733859288,0.00293437009873324,0.01054018155708037,0.0014269272102960056,0.9597240567568653,0.0013348773954025897,0.9756656222554643,0.004329633688249101,0.01671179653240843,0.0032161202643581285
urbanflood24,location1,convlstm_attention,Conv-LSTM + Attention,5,0.3,3,0.9619809455836216,0.00458848319819467,0.9707577059150987,0.004796287505899291,0.00930913855947388,0.0005637768732270245,0.9573870710830682,0.0035051349765434026,0.9733359541894465,0.005968319839766731,0.016797277905855213,0.0024358578949318322
urbanflood24,location1,convlstm_attention,Conv-LSTM + Attention,15,0.05,3,0.9026723654458992,0.014709024049321534,0.9326231048033767,0.01649900674306202,0.03431206937234015,0.00231272518803399,0.8988080533718525,0.01299054895115353,0.9382314152923341,0.018656116979327276,0.04446632973511973,0.0046655304961306125
urbanflood24,location1,convlstm_attention,Conv-LSTM + Attention,15,0.1,3,0.8996939498743844,0.010949590538698194,0.9292498367136837,0.013094464732165223,0.03409686453325686,0.001621656544304045,0.8910489737328449,0.007635985865163835,0.9352011291520609,0.015749068127935372,0.05004297546086828,0.008486136766189287
urbanflood24,location1,convlstm_attention,Conv-LSTM + Attention,15,0.2,3,0.9008133407628799,0.010265149021624885,0.9259430003119842,0.011941728361443723,0.029212008649091414,0.0012172346190310944,0.8914963979622437,0.007648072317108579,0.9328050455364244,0.014758762874094802,0.04710393978244537,0.007042003245151449
urbanflood24,location1,convlstm_attention,Conv-LSTM + Attention,15,0.3,3,0.8942544330370759,0.010468423778269632,0.9171375285385888,0.012504265097945357,0.027094213962501695,0.0017492756210011962,0.8824659430904304,0.008873062421308732,0.925308772628251,0.01566042373140548,0.04963598231340402,0.006294232870259481
urbanflood24,location1,convlstm_attention,Conv-LSTM + Attention,30,0.05,3,0.8311825385637891,0.01720489122988817,0.8800806448086138,0.01951175551708418,0.06260737401519381,0.0038416747272176097,0.8246542905449319,0.014093225894942255,0.8921958943913861,0.024015990161213373,0.08362546912401,0.00798244832568908
urbanflood24,location1,convlstm_attention,Conv-LSTM + Attention,30,0.1,3,0.8222785478875189,0.013202013910090977,0.872735282813302,0.01924431292198036,0.06544856679114726,0.005501659433888774,0.8077854600845383,0.008348608492956001,0.885115265441209,0.024378382017152908,0.09670919587792483,0.0165174383449766
urbanflood24,location1,convlstm_attention,Conv-LSTM + Attention,30,0.2,3,0.8248223027088684,0.014245405527525058,0.867074689955058,0.01891417509336193,0.05560494816131246,0.0037023881207671333,0.8084259543325252,0.009997935900498078,0.8803191548716337,0.0237425149208628,0.09104687228122994,0.012934303058993757
urbanflood24,location1,convlstm_attention,Conv-LSTM + Attention,30,0.3,3,0.8094051040931125,0.01343506341818285,0.8481006903996824,0.019671436891196714,0.05306456928406727,0.0060067569733193915,0.7891071369545001,0.009270007067902902,0.8650009386798303,0.02507223525947774,0.09917470447678915,0.015017814560467186
urbanflood24,location1,convlstm_attention,Conv-LSTM + Attention,60,0.05,3,0.7223033245745837,0.0065992905109916915,0.7930172581934234,0.009398854304882652,0.10963601733796965,0.013507686600207531,0.7137380044480626,0.003409325544883671,0.8208482484001992,0.016537073395817208,0.15401972304392347,0.013437849459802198
urbanflood24,location1,convlstm_attention,Conv-LSTM + Attention,60,0.1,3,0.7090915936739973,0.0066468490652796955,0.7794052290351123,0.010440284859443752,0.11259948526384081,0.012877372448219135,0.6874131811323637,0.0025278240819442627,0.8060032611551998,0.018695600270774552,0.17520965299454483,0.02324581072609051
urbanflood24,location1,convlstm_attention,Conv-LSTM + Attention,60,0.2,3,0.7055734495085639,0.008357013123706186,0.7690897613103151,0.01097745178648685,0.10460679412417793,0.01065801134341933,0.6812634130654396,0.0047828860998965685,0.7977302393910155,0.021277662168924807,0.17536138020604725,0.02142097971362303
urbanflood24,location1,convlstm_attention,Conv-LSTM + Attention,60,0.3,3,0.6838867044041765,0.010731133719203444,0.736987612885869,0.01326397817767742,0.0951556856065064,0.009221502539211992,0.6563603104181968,0.004002487146036167,0.774445726884985,0.022816105266232407,0.18712641575974331,0.023455974254352314
urbanflood24,location2,cnn_temporal_transformer,CNN-Temporal Transformer,5,0.05,3,0.9406888147601739,0.005026948054976439,0.9550491842028584,0.003910828459424804,0.015743293319552897,0.0014010842732403168,0.9331179577657133,0.005414789849615458,0.9673441553196465,0.008346783599010579,0.036487483480371785,0.0025415641214527962
urbanflood24,location2,cnn_temporal_transformer,CNN-Temporal Transformer,5,0.1,3,0.9453549833372097,0.006780792081021063,0.9613102899583804,0.006073271196071357,0.017265455641167486,0.001001268360668712,0.9304371053126638,0.004215326273148128,0.9656427351528698,0.008492915896742998,0.03763483326585246,0.004117147332209892
urbanflood24,location2,cnn_temporal_transformer,CNN-Temporal Transformer,5,0.2,3,0.9469207219514805,0.009064802304354906,0.9631606821453271,0.007034256872286111,0.017523693762374434,0.0033163943072983897,0.9280079958403818,0.004982809788849835,0.9674895580490365,0.007793077340120317,0.04207842209394082,0.0030995768129043443
urbanflood24,location2,cnn_temporal_transformer,CNN-Temporal Transformer,5,0.3,3,0.9474808315420336,0.006814852104774239,0.9638528929691299,0.0062413784026288605,0.01761670557638158,0.0023654730207120366,0.9301835623137877,0.007098100668202061,0.9694242460237994,0.0074776822243261655,0.04165739949143174,0.006548059315250164
urbanflood24,location2,cnn_temporal_transformer,CNN-Temporal Transformer,15,0.05,3,0.8455219015500662,0.026164163788202504,0.8822649625266155,0.02544645530092601,0.04709085886078095,0.005704345761247498,0.8262007846258927,0.01977044216236424,0.9114615001730397,0.025678632337956215,0.10155178902741539,0.00261128269083829
urbanflood24,location2,cnn_temporal_transformer,CNN-Temporal Transformer,15,0.1,3,0.8549252029378184,0.029027400271424125,0.8950561053138183,0.03005073221683718,0.04990049885405196,0.004398479272928303,0.8191456922028031,0.02017769576355895,0.9083829195999907,0.029403370184364636,0.10671667753600365,0.005043784703004648
urbanflood24,location2,cnn_temporal_transformer,CNN-Temporal Transformer,15,0.2,3,0.8571322809374096,0.03153200754848121,0.8924699205905383,0.035534189234322285,0.04397041536623778,0.0027184480971845166,0.8110765426330668,0.021168877929881105,0.9068619443816697,0.03273222765864188,0.11468875805929049,0.006509946834906625
urbanflood24,location2,cnn_temporal_transformer,CNN-Temporal Transformer,15,0.3,3,0.8477652493564056,0.03308914514424687,0.8876152522590527,0.04011337455341748,0.04978874351069501,0.005388949690816899,0.8089443371488984,0.028652977944612537,0.9024746843386371,0.038848702620162164,0.11305043296872769,0.008726840465015762
urbanflood24,location2,cnn_temporal_transformer,CNN-Temporal Transformer,30,0.05,3,0.7368296410954436,0.030752411914709232,0.7896225744852345,0.031102139869675784,0.08350033756611323,0.005909674898621632,0.7045687017312035,0.016348915170735227,0.8337800961995924,0.02738472809307984,0.17989995053607458,0.004809238199959034
urbanflood24,location2,cnn_temporal_transformer,CNN-Temporal Transformer,30,0.1,3,0.7449468362795161,0.03187028534629695,0.8045798588029186,0.03292613391896735,0.09077747833985787,0.00572765764128125,0.6910971787939844,0.01580580531159668,0.8320965512741262,0.03141960533133629,0.19617022370193093,0.008925633978149505
urbanflood24,location2,cnn_temporal_transformer,CNN-Temporal Transformer,30,0.2,3,0.7401932864751232,0.03405658875749692,0.794788470936804,0.040002458251610085,0.0846332063080837,0.0011263578215824199,0.6774826935520286,0.01653614501529573,0.8284103864166646,0.035675038497541216,0.21076769284577002,0.014691510054347361
urbanflood24,location2,cnn_temporal_transformer,CNN-Temporal Transformer,30,0.3,3,0.7211715136604322,0.0372768316808724,0.7833773888558119,0.047359296689380714,0.09830529195098053,0.006694586757130285,0.6645228373456401,0.026120692391090577,0.8158086851805901,0.04537541196653943,0.21693926177862033,0.01414534932307672
urbanflood24,location2,cnn_temporal_transformer,CNN-Temporal Transformer,60,0.05,3,0.6127497333550427,0.012201060880216918,0.6807270389132126,0.014249640333792711,0.13996111290048646,0.012298539020887192,0.5755742609805194,0.0025381220039030986,0.7566009337149912,0.013362660452975923,0.2932656835158558,0.011190867393206627
urbanflood24,location2,cnn_temporal_transformer,CNN-Temporal Transformer,60,0.1,3,0.6044231498311762,0.006889643459461988,0.6754207855721044,0.008778280520685206,0.148088886784539,0.005319062314070176,0.5436057738679041,0.007367112107075254,0.7339214947902706,0.014826449305211827,0.32243562604604536,0.01696600215628038
urbanflood24,location2,cnn_temporal_transformer,CNN-Temporal Transformer,60,0.2,3,0.5729456785199425,0.010180071228546203,0.6426424673915518,0.016589882867124973,0.1587355076342819,0.008330516340581592,0.5072766182245987,0.006713000750586168,0.7052002781369971,0.01764524479501558,0.35506540189918634,0.024040376174845772
urbanflood24,location2,cnn_temporal_transformer,CNN-Temporal Transformer,60,0.3,3,0.5547231331266531,0.008342645748172312,0.6242384815751265,0.015342647524674593,0.1664960738678905,0.015482092637390936,0.4899814358507228,0.010243421896896346,0.6840930599026892,0.016017831536689967,0.365333253712001,0.029986182809581523
urbanflood24,location2,convlstm,Conv-LSTM,5,0.05,3,0.9411922651342179,0.005209214034186801,0.9616733479245781,0.005794633503572028,0.022111154455857616,0.0032940859100508094,0.9331179577657133,0.005414789849615458,0.9673441553196465,0.008346783599010579,0.036487483480371785,0.0025415641214527962
urbanflood24,location2,convlstm,Conv-LSTM,5,0.1,3,0.9406459649996108,0.004123847961022859,0.9616687702973948,0.0056719952908449965,0.022682403182772096,0.0037945352438102514,0.9304371053126638,0.004215326273148128,0.9656427351528698,0.008492915896742998,0.03763483326585246,0.004117147332209892
urbanflood24,location2,convlstm,Conv-LSTM,5,0.2,3,0.9417534596141852,0.003492759949021246,0.960094114277956,0.005444889089944047,0.019833759373190665,0.0053604748505897346,0.9280079958403818,0.004982809788849835,0.9674895580490365,0.007793077340120317,0.04207842209394082,0.0030995768129043443
urbanflood24,location2,convlstm,Conv-LSTM,5,0.3,3,0.943214644886141,0.002779072211703872,0.9603626185081658,0.004420393545360704,0.01851806608091801,0.006888180467234227,0.9301835623137877,0.007098100668202061,0.9694242460237994,0.0074776822243261655,0.04165739949143174,0.006548059315250164
urbanflood24,location2,convlstm,Conv-LSTM,15,0.05,3,0.8480022110405537,0.022441285627947158,0.9010234691231029,0.020119087474382347,0.06506943655590433,0.007506975507517086,0.8262007846258927,0.01977044216236424,0.9114615001730397,0.025678632337956215,0.10155178902741539,0.00261128269083829
urbanflood24,location2,convlstm,Conv-LSTM,15,0.1,3,0.8447418919782077,0.020670734528755244,0.8982801158903633,0.02102514258818807,0.06589229072233743,0.00935112905851793,0.8191456922028031,0.02017769576355895,0.9083829195999907,0.029403370184364636,0.10671667753600365,0.005043784703004648
urbanflood24,location2,convlstm,Conv-LSTM,15,0.2,3,0.8463016427344116,0.021163126865987283,0.8921841914394241,0.025242862240415175,0.05706240965734263,0.008345473854251358,0.8110765426330668,0.021168877929881105,0.9068619443816697,0.03273222765864188,0.11468875805929049,0.006509946834906625
urbanflood24,location2,convlstm,Conv-LSTM,15,0.3,3,0.8401286887799339,0.023348784401203353,0.8839678338290969,0.030575320419686865,0.05513784474573758,0.013268269548916922,0.8089443371488984,0.028652977944612537,0.9024746843386371,0.038848702620162164,0.11305043296872769,0.008726840465015762
urbanflood24,location2,convlstm,Conv-LSTM,30,0.05,3,0.7367940156917288,0.021885392670159903,0.8134740124106499,0.02602187588778256,0.11319488695960118,0.013054865969481782,0.7045687017312035,0.016348915170735227,0.8337800961995924,0.02738472809307984,0.17989995053607458,0.004809238199959034
urbanflood24,location2,convlstm,Conv-LSTM,30,0.1,3,0.7321094183716063,0.02132595311474785,0.8126927097871461,0.026390504195225567,0.1189545404226939,0.01400803445519642,0.6910971787939844,0.01580580531159668,0.8320965512741262,0.03141960533133629,0.19617022370193093,0.008925633978149505
urbanflood24,location2,convlstm,Conv-LSTM,30,0.2,3,0.730065523998733,0.017837931944774583,0.8024577893661548,0.028765254077204514,0.10902946771804639,0.016417416489917493,0.6774826935520286,0.01653614501529573,0.8284103864166646,0.035675038497541216,0.21076769284577002,0.014691510054347361
urbanflood24,location2,convlstm,Conv-LSTM,30,0.3,3,0.7127354784071579,0.022701298382460003,0.7868950061244939,0.03585229913599486,0.11554433119433657,0.014509391083904293,0.6645228373456401,0.026120692391090577,0.8158086851805901,0.04537541196653943,0.21693926177862033,0.01414534932307672
urbanflood24,location2,convlstm,Conv-LSTM,60,0.05,3,0.6238975098307553,0.0030313630272891935,0.7204423007002462,0.020295546361938387,0.17549753691831135,0.02224111240343923,0.5755742609805194,0.0025381220039030986,0.7566009337149912,0.013362660452975923,0.2932656835158558,0.011190867393206627
urbanflood24,location2,convlstm,Conv-LSTM,60,0.1,3,0.6005974058872456,0.006279427654375507,0.6976072983400297,0.02266579727354185,0.1864753775549873,0.022822597156660875,0.5436057738679041,0.007367112107075254,0.7339214947902706,0.014826449305211827,0.32243562604604536,0.01696600215628038
urbanflood24,location2,convlstm,Conv-LSTM,60,0.2,3,0.5722342816368665,0.008045597552721292,0.661401077106433,0.01851660355781047,0.1896320470780229,0.019970434395344346,0.5072766182245987,0.006713000750586168,0.7052002781369971,0.01764524479501558,0.35506540189918634,0.024040376174845772
urbanflood24,location2,convlstm,Conv-LSTM,60,0.3,3,0.5504392003892122,0.00838205135896135,0.6358267183974828,0.013655643620966822,0.19470815364709443,0.031508679494576475,0.4899814358507228,0.010243421896896346,0.6840930599026892,0.016017831536689967,0.365333253712001,0.029986182809581523
urbanflood24,location2,convlstm_attention,Conv-LSTM + Attention,5,0.05,3,0.9376092258653451,0.005589866297031258,0.962928720130422,0.00753526219661099,0.027250205255461422,0.002072716195444268,0.9331179577657133,0.005414789849615458,0.9673441553196465,0.008346783599010579,0.036487483480371785,0.0025415641214527962
urbanflood24,location2,convlstm_attention,Conv-LSTM + Attention,5,0.1,3,0.9374989432493834,0.005415561432602921,0.9631346188109186,0.00756497271200385,0.02757681127758892,0.0019030037249209858,0.9304371053126638,0.004215326273148128,0.9656427351528698,0.008492915896742998,0.03763483326585246,0.004117147332209892
urbanflood24,location2,convlstm_attention,Conv-LSTM + Attention,5,0.2,3,0.9382919776688537,0.00660900750896567,0.9636402249342739,0.006333699761450618,0.02727704003159735,0.0008377386227010943,0.9280079958403818,0.004982809788849835,0.9674895580490365,0.007793077340120317,0.04207842209394082,0.0030995768129043443
urbanflood24,location2,convlstm_attention,Conv-LSTM + Attention,5,0.3,3,0.9416988839262792,0.006177298205756198,0.9642987661059984,0.005518374084100746,0.0242850524766589,0.0029803977723267074,0.9301835623137877,0.007098100668202061,0.9694242460237994,0.0074776822243261655,0.04165739949143174,0.006548059315250164
urbanflood24,location2,convlstm_attention,Conv-LSTM + Attention,15,0.05,3,0.8392322421391425,0.02236260461675522,0.8976511068054647,0.026214642998962014,0.0718303464524157,0.007186974802993383,0.8262007846258927,0.01977044216236424,0.9114615001730397,0.025678632337956215,0.10155178902741539,0.00261128269083829
urbanflood24,location2,convlstm_attention,Conv-LSTM + Attention,15,0.1,3,0.8365909349185942,0.02333444627659224,0.8973999377354632,0.02690164352782672,0.07485550232965588,0.0037381534053962245,0.8191456922028031,0.02017769576355895,0.9083829195999907,0.029403370184364636,0.10671667753600365,0.005043784703004648
urbanflood24,location2,convlstm_attention,Conv-LSTM + Attention,15,0.2,3,0.8387543834495133,0.026429883713268314,0.8922162644220204,0.03202788813300969,0.06640866028920732,0.006575679760157702,0.8110765426330668,0.021168877929881105,0.9068619443816697,0.03273222765864188,0.11468875805929049,0.006509946834906625
urbanflood24,location2,convlstm_attention,Conv-LSTM + Attention,15,0.3,3,0.8348963084304639,0.028956596159757358,0.884260170545423,0.035170629757865945,0.06235418074880225,0.0031029852367343938,0.8089443371488984,0.028652977944612537,0.9024746843386371,0.038848702620162164,0.11305043296872769,0.008726840465015762
urbanflood24,location2,convlstm_attention,Conv-LSTM + Attention,30,0.05,3,0.726380867474586,0.02288307793764442,0.8119615333995925,0.02531013781938799,0.12679528830498346,0.006923601839414083,0.7045687017312035,0.016348915170735227,0.8337800961995924,0.02738472809307984,0.17989995053607458,0.004809238199959034
urbanflood24,location2,convlstm_attention,Conv-LSTM + Attention,30,0.1,3,0.7201480051500356,0.02508150974943141,0.8126356318946287,0.02735971605673029,0.13664947061120253,0.006402391015071349,0.6910971787939844,0.01580580531159668,0.8320965512741262,0.03141960533133629,0.19617022370193093,0.008925633978149505
urbanflood24,location2,convlstm_attention,Conv-LSTM + Attention,30,0.2,3,0.7183707630336859,0.025596079209650874,0.7981510007607965,0.033547464102564845,0.12174690490507176,0.007280070463363121,0.6774826935520286,0.01653614501529573,0.8284103864166646,0.035675038497541216,0.21076769284577002,0.014691510054347361
urbanflood24,location2,convlstm_attention,Conv-LSTM + Attention,30,0.3,3,0.7072344713203323,0.03319791788868575,0.7847411798574981,0.04377967728969227,0.12186206748607598,0.0048714590995311245,0.6645228373456401,0.026120692391090577,0.8158086851805901,0.04537541196653943,0.21693926177862033,0.01414534932307672
urbanflood24,location2,convlstm_attention,Conv-LSTM + Attention,60,0.05,3,0.6083810386020182,0.010965249254499182,0.7247714775113433,0.0069020863113512364,0.20885445253074506,0.013676716073046517,0.5755742609805194,0.0025381220039030986,0.7566009337149912,0.013362660452975923,0.2932656835158558,0.011190867393206627
urbanflood24,location2,convlstm_attention,Conv-LSTM + Attention,60,0.1,3,0.583698067512997,0.009984748122952454,0.7007625824529954,0.009401947785859406,0.2224746331257585,0.011959704855977745,0.5436057738679041,0.007367112107075254,0.7339214947902706,0.014826449305211827,0.32243562604604536,0.01696600215628038
urbanflood24,location2,convlstm_attention,Conv-LSTM + Attention,60,0.2,3,0.5609613160300654,0.00939543002383958,0.6608770726134174,0.008355533088962024,0.21237871686730272,0.007715413575477589,0.5072766182245987,0.006713000750586168,0.7052002781369971,0.01764524479501558,0.35506540189918634,0.024040376174845772
urbanflood24,location2,convlstm_attention,Conv-LSTM + Attention,60,0.3,3,0.5430862811053075,0.0021816849399194623,0.6344396824229844,0.008907524219004438,0.20928452345301224,0.00930689316103444,0.4899814358507228,0.010243421896896346,0.6840930599026892,0.016017831536689967,0.365333253712001,0.029986182809581523
urbanflood24,location3,cnn_temporal_transformer,CNN-Temporal Transformer,5,0.05,3,0.9585711902714276,0.0057424661067357035,0.97090771770406,0.006951301611054148,0.013064778444488927,0.0015029229118620022,0.9579316852246759,0.005927851172990315,0.9752573125542704,0.005473764281781561,0.018214014236185058,0.0009986988716197062
urbanflood24,location3,cnn_temporal_transformer,CNN-Temporal Transformer,5,0.1,3,0.9627618353244125,0.00574165163373536,0.9743282567620096,0.006989459326435134,0.012163438402602353,0.0011395877795436068,0.9600911838696937,0.005886184850532865,0.9755902991294555,0.005579580550950093,0.016282214992392775,0.001049914685151413
urbanflood24,location3,cnn_temporal_transformer,CNN-Temporal Transformer,5,0.2,3,0.9660637562995039,0.0070478772874099,0.975913079615371,0.008428921181652588,0.010316393953257797,0.00130022239452992,0.9614525589593527,0.0068678507093091635,0.9751848754138129,0.005792448267698965,0.01444896229110003,0.0014844180517596046
urbanflood24,location3,cnn_temporal_transformer,CNN-Temporal Transformer,5,0.3,3,0.9689628208138934,0.007124550514590558,0.9769002382392121,0.009398216769135891,0.008271477668465142,0.0023897341758750495,0.9637037373136438,0.005736240857948974,0.9751873899016477,0.005199528686510616,0.012077021443611816,0.0014736108066310091
urbanflood24,location3,cnn_temporal_transformer,CNN-Temporal Transformer,15,0.05,3,0.889558863297274,0.016125035799678934,0.9187062439713354,0.019553597219171746,0.03429713018480501,0.00515866350502711,0.8884139642369345,0.01555604679319582,0.9324525879839446,0.016120791133554715,0.05049743702504127,0.0012252219707045654
urbanflood24,location3,cnn_temporal_transformer,CNN-Temporal Transformer,15,0.1,3,0.8999929394777672,0.015400817701823648,0.9267190957235233,0.018268706525834722,0.030943538029620007,0.004483409756996649,0.8929881380719128,0.01422495838677516,0.9315840942636128,0.015326647395346362,0.044332039156965306,0.0004633068801255762
urbanflood24,location3,cnn_temporal_transformer,CNN-Temporal Transformer,15,0.2,3,0.9054437737193093,0.01910039301098336,0.928722936401184,0.022360909513495952,0.026802739003837246,0.003396165733728785,0.8941653788100612,0.01774617059831808,0.9289400874450026,0.01695645936199673,0.04024861138469032,0.002824080567874767
urbanflood24,location3,cnn_temporal_transformer,CNN-Temporal Transformer,15,0.3,3,0.9121780479610683,0.020928411122935975,0.9319602311602798,0.026032361015468578,0.022470011812187538,0.0046218502456747985,0.898158621246606,0.01699437114687502,0.9279092920847634,0.017355113352846556,0.03447741373603339,0.002816760300738011
urbanflood24,location3,cnn_temporal_transformer,CNN-Temporal Transformer,30,0.05,3,0.8158047774114021,0.018460482956804865,0.8623430395307164,0.022997307300210813,0.06185152829010087,0.005266805343011342,0.8142461136142278,0.017887241454526682,0.8857226907690057,0.02128861646387453,0.09010304759921516,0.003694467486970219
urbanflood24,location3,cnn_temporal_transformer,CNN-Temporal Transformer,30,0.1,3,0.8301509014943917,0.020958216654054312,0.8713580125388721,0.024761603454134015,0.053722300821163096,0.006111173536681683,0.8188267829894266,0.019285723917517945,0.8806380540015819,0.022039519443532076,0.07891414890020028,0.002303269576783842
urbanflood24,location3,cnn_temporal_transformer,CNN-Temporal Transformer,30,0.2,3,0.8292112150068764,0.02538529966822504,0.8665056316569851,0.03293096169413695,0.04879401086012348,0.007854211852184644,0.8114532959470444,0.02254816234381715,0.8691314477378366,0.025625183421789936,0.07553302388925678,0.004102308319159829
urbanflood24,location3,cnn_temporal_transformer,CNN-Temporal Transformer,30,0.3,3,0.8362690183393592,0.03344733260484241,0.8664026062396698,0.04206106170395227,0.03910400647495227,0.00792766045427952,0.8146032393944058,0.026018692355124638,0.8632039455404983,0.029064152252984497,0.06456129346330523,0.004649000228859329
urbanflood24,location3,cnn_temporal_transformer,CNN-Temporal Transformer,60,0.05,3,0.7299101442636367,0.009614197216485739,0.7954918225353331,0.015872313831905877,0.10123981522741195,0.005684211009175814,0.7234463430024503,0.010428488028718829,0.8310217651819137,0.011977985408079525,0.15162600172030774,0.012142689856551127
urbanflood24,location3,cnn_temporal_transformer,CNN-Temporal Transformer,60,0.1,3,0.7412996515287628,0.014148166139686566,0.8001996045575099,0.020239822217801955,0.09000715759235295,0.007958542137221192,0.7248187828856608,0.012189989249730809,0.8183255737384015,0.016072894888042234,0.13604802272570413,0.007556802779691012
urbanflood24,location3,cnn_temporal_transformer,CNN-Temporal Transformer,60,0.2,3,0.7306868168807553,0.0214063133215875,0.7837631579458986,0.032836119668674627,0.08377987028542168,0.011712870356246114,0.7050291849305365,0.017140842889178845,0.7939005370307275,0.022431456983684223,0.13677532921759794,0.00976244290698
urbanflood24,location3,cnn_temporal_transformer,CNN-Temporal Transformer,60,0.3,3,0.7333531426063087,0.02922575956830873,0.7749961055565191,0.04124858617515702,0.06676568087372944,0.013121325706094086,0.7035402074647872,0.020656173816023356,0.7785461776624049,0.026844783919690772,0.12015541048236521,0.006141906794154808
urbanflood24,location3,convlstm,Conv-LSTM,5,0.05,3,0.9602123471288136,0.005190600883172048,0.975624176013883,0.004976882560074722,0.016182791455793044,0.0024084229512582973,0.9579316852246759,0.005927851172990315,0.9752573125542704,0.005473764281781561,0.018214014236185058,0.0009986988716197062
urbanflood24,location3,convlstm,Conv-LSTM,5,0.1,3,0.9625817968955382,0.005169239300591918,0.9760716939529326,0.0049563995546402445,0.014154577347062568,0.0018244019847457374,0.9600911838696937,0.005886184850532865,0.9755902991294555,0.005579580550950093,0.016282214992392775,0.001049914685151413
urbanflood24,location3,convlstm,Conv-LSTM,5,0.2,3,0.9647493099715694,0.006095665100939189,0.9759743546093101,0.005453578425082352,0.011785320047609132,0.0021899915262986566,0.9614525589593527,0.0068678507093091635,0.9751848754138129,0.005792448267698965,0.01444896229110003,0.0014844180517596046
urbanflood24,location3,convlstm,Conv-LSTM,5,0.3,3,0.9670573349899376,0.0050872190111323524,0.9755420571328145,0.0045783659620245816,0.008909131082031672,0.0031797759791448786,0.9637037373136438,0.005736240857948974,0.9751873899016477,0.005199528686510616,0.012077021443611816,0.0014736108066310091
urbanflood24,location3,convlstm,Conv-LSTM,15,0.05,3,0.8907923316508981,0.015028533961308165,0.9328998541936446,0.015131685795985814,0.04822762744895522,0.0052923320981089605,0.8884139642369345,0.01555604679319582,0.9324525879839446,0.016120791133554715,0.05049743702504127,0.0012252219707045654
urbanflood24,location3,convlstm,Conv-LSTM,15,0.1,3,0.8982977834050515,0.0136714907609651,0.9324496392928272,0.014663324508896765,0.03916372638119741,0.001916937801988009,0.8929881380719128,0.01422495838677516,0.9315840942636128,0.015326647395346362,0.044332039156965306,0.0004633068801255762
urbanflood24,location3,convlstm,Conv-LSTM,15,0.2,3,0.9019720815265229,0.01591894312980393,0.9299371343361562,0.016133721078490638,0.03227673755084228,0.0025190497171339635,0.8941653788100612,0.01774617059831808,0.9289400874450026,0.01695645936199673,0.04024861138469032,0.002824080567874767
urbanflood24,location3,convlstm,Conv-LSTM,15,0.3,3,0.9072791940374013,0.015801932034546044,0.9284507503319287,0.016665974076960088,0.02448838431412178,0.0037625459688988916,0.898158621246606,0.01699437114687502,0.9279092920847634,0.017355113352846556,0.03447741373603339,0.002816760300738011
urbanflood24,location3,convlstm,Conv-LSTM,30,0.05,3,0.8143931384911666,0.01745481715375113,0.8836118116575552,0.021265529585667537,0.08752803672617362,0.011016910833526385,0.8142461136142278,0.017887241454526682,0.8857226907690057,0.02128861646387453,0.09010304759921516,0.003694467486970219
urbanflood24,location3,convlstm,Conv-LSTM,30,0.1,3,0.8247552178425163,0.01822090142890545,0.8792003814869761,0.021926253127410256,0.06971087730917322,0.004636715093223325,0.8188267829894266,0.019285723917517945,0.8806380540015819,0.022039519443532076,0.07891414890020028,0.002303269576783842
urbanflood24,location3,convlstm,Conv-LSTM,30,0.2,3,0.8228979315540244,0.02170415367063423,0.8681607535205198,0.02555687937338109,0.059410861636695574,0.005032783076528158,0.8114532959470444,0.02254816234381715,0.8691314477378366,0.025625183421789936,0.07553302388925678,0.004102308319159829
urbanflood24,location3,convlstm,Conv-LSTM,30,0.3,3,0.8280556446973991,0.02617330759729336,0.8616500929784311,0.028566376426158845,0.04484681414700919,0.006373773318893522,0.8146032393944058,0.026018692355124638,0.8632039455404983,0.029064152252984497,0.06456129346330523,0.004649000228859329
urbanflood24,location3,convlstm,Conv-LSTM,60,0.05,3,0.7277666828564306,0.008442641899347304,0.8221883205019109,0.01213073168252243,0.1360156568656547,0.013677361988481304,0.7234463430024503,0.010428488028718829,0.8310217651819137,0.011977985408079525,0.15162600172030774,0.012142689856551127
urbanflood24,location3,convlstm,Conv-LSTM,60,0.1,3,0.7341491403959808,0.010756439221125532,0.8118375454068879,0.01657821171304153,0.11504509683022043,0.009092103469307744,0.7248187828856608,0.012189989249730809,0.8183255737384015,0.016072894888042234,0.13604802272570413,0.007556802779691012
urbanflood24,location3,convlstm,Conv-LSTM,60,0.2,3,0.7213511650136494,0.016449950951007975,0.7872235352252644,0.023168528238103857,0.10349044730975569,0.010992094819675327,0.7050291849305365,0.017140842889178845,0.7939005370307275,0.022431456983684223,0.13677532921759794,0.00976244290698
urbanflood24,location3,convlstm,Conv-LSTM,60,0.3,3,0.723874942660307,0.02278127528156803,0.7719929996409323,0.02741085542067373,0.07897764536454371,0.007358345166747216,0.7035402074647872,0.020656173816023356,0.7785461776624049,0.026844783919690772,0.12015541048236521,0.006141906794154808
urbanflood24,location3,convlstm_attention,Conv-LSTM + Attention,5,0.05,3,0.9585178119273682,0.006098180772327565,0.9739741798733255,0.005853570194297334,0.0162893593994426,0.0014290037731405712,0.9579316852246759,0.005927851172990315,0.9752573125542704,0.005473764281781561,0.018214014236185058,0.0009986988716197062
urbanflood24,location3,convlstm_attention,Conv-LSTM + Attention,5,0.1,3,0.960675129350595,0.006219719511951806,0.9743101017736181,0.005935705608791495,0.014361546126674887,0.0013883575880735825,0.9600911838696937,0.005886184850532865,0.9755902991294555,0.005579580550950093,0.016282214992392775,0.001049914685151413
urbanflood24,location3,convlstm_attention,Conv-LSTM + Attention,5,0.2,3,0.9627303309493209,0.007206242233303872,0.9738754306643114,0.006376293444084879,0.011757028552701528,0.002014583146813964,0.9614525589593527,0.0068678507093091635,0.9751848754138129,0.005792448267698965,0.01444896229110003,0.0014844180517596046
urbanflood24,location3,convlstm_attention,Conv-LSTM + Attention,5,0.3,3,0.9654401485084061,0.006234907608242463,0.973391899217061,0.0058840970470330255,0.008389317855782156,0.002581779920020325,0.9637037373136438,0.005736240857948974,0.9751873899016477,0.005199528686510616,0.012077021443611816,0.0014736108066310091
urbanflood24,location3,convlstm_attention,Conv-LSTM + Attention,15,0.05,3,0.8894977429023928,0.01567318440613399,0.9281723836272747,0.014992844205389136,0.04480135686227742,0.002595405730108764,0.8884139642369345,0.01555604679319582,0.9324525879839446,0.016120791133554715,0.05049743702504127,0.0012252219707045654
urbanflood24,location3,convlstm_attention,Conv-LSTM + Attention,15,0.1,3,0.8950200425095561,0.01507122951885256,0.9281124892067492,0.014999455018065709,0.03833906724699537,0.002013263830555549,0.8929881380719128,0.01422495838677516,0.9315840942636128,0.015326647395346362,0.044332039156965306,0.0004633068801255762
urbanflood24,location3,convlstm_attention,Conv-LSTM + Attention,15,0.2,3,0.8979093999534976,0.017726196572529586,0.9248939754040663,0.01658964655950365,0.031530194692841976,0.004199925355691965,0.8941653788100612,0.01774617059831808,0.9289400874450026,0.01695645936199673,0.04024861138469032,0.002824080567874767
urbanflood24,location3,convlstm_attention,Conv-LSTM + Attention,15,0.3,3,0.9040974641656069,0.018048980241045808,0.9234596354542985,0.01708870768534158,0.02270117254264213,0.005193196176465365,0.898158621246606,0.01699437114687502,0.9279092920847634,0.017355113352846556,0.03447741373603339,0.002816760300738011
urbanflood24,location3,convlstm_attention,Conv-LSTM + Attention,30,0.05,3,0.81646979149137,0.01854301536946102,0.8778280743861026,0.019063873648066616,0.07887506479317141,0.007254864893804538,0.8142461136142278,0.017887241454526682,0.8857226907690057,0.02128861646387453,0.09010304759921516,0.003694467486970219
urbanflood24,location3,convlstm_attention,Conv-LSTM + Attention,30,0.1,3,0.8226269435007343,0.020740062341225135,0.8743167715210021,0.02125548629725224,0.06709102306955038,0.005752836951771,0.8188267829894266,0.019285723917517945,0.8806380540015819,0.022039519443532076,0.07891414890020028,0.002303269576783842
urbanflood24,location3,convlstm_attention,Conv-LSTM + Attention,30,0.2,3,0.8187457686254992,0.022868017533806774,0.8620079985678994,0.024621733080177077,0.05767709301954812,0.008250683882408376,0.8114532959470444,0.02254816234381715,0.8691314477378366,0.025625183421789936,0.07553302388925678,0.004102308319159829
urbanflood24,location3,convlstm_attention,Conv-LSTM + Attention,30,0.3,3,0.8237884744072358,0.02763463133397425,0.8548339876403208,0.028458709818249807,0.042170551303858966,0.009542654345506217,0.8146032393944058,0.026018692355124638,0.8632039455404983,0.029064152252984497,0.06456129346330523,0.004649000228859329
urbanflood24,location3,convlstm_attention,Conv-LSTM + Attention,60,0.05,3,0.728142209332555,0.011141874035051928,0.8171554972095233,0.00911926617633961,0.1300032792118159,0.01480102503182292,0.7234463430024503,0.010428488028718829,0.8310217651819137,0.011977985408079525,0.15162600172030774,0.012142689856551127
urbanflood24,location3,convlstm_attention,Conv-LSTM + Attention,60,0.1,3,0.7321055053064763,0.013346599583142542,0.8069716138886176,0.014386043842986333,0.1123869350184048,0.01044991162507993,0.7248187828856608,0.012189989249730809,0.8183255737384015,0.016072894888042234,0.13604802272570413,0.007556802779691012
urbanflood24,location3,convlstm_attention,Conv-LSTM + Attention,60,0.2,3,0.7183417398877099,0.02006531435330356,0.7812718367633957,0.021798889915577185,0.1006159626461718,0.015195018089122157,0.7050291849305365,0.017140842889178845,0.7939005370307275,0.022431456983684223,0.13677532921759794,0.00976244290698
urbanflood24,location3,convlstm_attention,Conv-LSTM + Attention,60,0.3,3,0.7199884050676036,0.026008796120502456,0.7648928653244047,0.027387641808664438,0.0752776276621186,0.013369461650218125,0.7035402074647872,0.020656173816023356,0.7785461776624049,0.026844783919690772,0.12015541048236521,0.006141906794154808
