dataset,location,model_type,model_label,seed,lead_minutes,depth_bin_m,pixels,mae_cm,rmse_cm,persistence_mae_cm,persistence_rmse_cm
larno_ukea,ukea,cnn_temporal_transformer,CNN-Temporal Transformer,2026,5,0.00-0.10,870695,0.14559276984433558,0.4027410277614221,0.07725666336118858,0.3763963210709829
larno_ukea,ukea,cnn_temporal_transformer,CNN-Temporal Transformer,2026,5,0.10-0.30,41429,1.7122535001339163,3.1103622686815697,2.3514664405443195,3.8575559656027414
larno_ukea,ukea,cnn_temporal_transformer,CNN-Temporal Transformer,2026,5,0.30-0.50,11440,3.7384740261921094,6.03419224506679,5.389570514769196,7.850880605646717
larno_ukea,ukea,cnn_temporal_transformer,CNN-Temporal Transformer,2026,5,0.50+,12436,8.307371891725865,10.489597302535188,10.86350979409865,13.455957836388228
larno_ukea,ukea,cnn_temporal_transformer,CNN-Temporal Transformer,2026,15,0.00-0.10,858790,0.3497364814625512,0.9124156125838093,0.17199536230539633,0.6995547435309106
larno_ukea,ukea,cnn_temporal_transformer,CNN-Temporal Transformer,2026,15,0.10-0.30,45324,4.065347567794748,6.01514265051124,5.551429416960648,7.52614404114484
larno_ukea,ukea,cnn_temporal_transformer,CNN-Temporal Transformer,2026,15,0.30-0.50,14100,9.203972554270258,13.91410966745311,13.154482909762265,17.345726286586768
larno_ukea,ukea,cnn_temporal_transformer,CNN-Temporal Transformer,2026,15,0.50+,17786,22.133895644056615,28.04687046615657,30.235548896856844,36.21862047951262
larno_ukea,ukea,cnn_temporal_transformer,CNN-Temporal Transformer,2026,30,0.00-0.10,842081,0.5898905156129408,1.5872454653423649,0.2513914377901772,0.9174298511174458
larno_ukea,ukea,cnn_temporal_transformer,CNN-Temporal Transformer,2026,30,0.10-0.30,49072,6.402554327567701,8.47754646802162,8.711201535935025,10.79257884431867
larno_ukea,ukea,cnn_temporal_transformer,CNN-Temporal Transformer,2026,30,0.30-0.50,17899,13.155753331361813,18.084717021384645,19.382019927914072,22.741585499570398
larno_ukea,ukea,cnn_temporal_transformer,CNN-Temporal Transformer,2026,30,0.50+,26948,34.593120627951265,43.99957308648902,50.71377732093033,57.86708993304317
larno_ukea,ukea,cnn_temporal_transformer,CNN-Temporal Transformer,2026,60,0.00-0.10,818554,0.9993947931861553,2.813375907353498,0.291937604238047,0.9951907148157071
larno_ukea,ukea,cnn_temporal_transformer,CNN-Temporal Transformer,2026,60,0.10-0.30,49362,8.584611377814694,11.033107866015975,11.322287135496346,13.7529954329003
larno_ukea,ukea,cnn_temporal_transformer,CNN-Temporal Transformer,2026,60,0.30-0.50,23786,17.292290675831055,21.411017997976543,26.518831346871565,28.79677465500664
larno_ukea,ukea,cnn_temporal_transformer,CNN-Temporal Transformer,2026,60,0.50+,44298,46.76800507663082,58.73786732304881,71.52171556189602,79.41411709651686
larno_ukea,ukea,cnn_temporal_transformer,CNN-Temporal Transformer,42,5,0.00-0.10,870695,0.125743466628928,0.394820273370942,0.07725666336118858,0.3763963210709829
larno_ukea,ukea,cnn_temporal_transformer,CNN-Temporal Transformer,42,5,0.10-0.30,41429,1.7015775838331941,3.089332676232184,2.3514664405443195,3.8575559656027414
larno_ukea,ukea,cnn_temporal_transformer,CNN-Temporal Transformer,42,5,0.30-0.50,11440,3.8176711155036527,6.02939845622615,5.389570514769196,7.850880605646717
larno_ukea,ukea,cnn_temporal_transformer,CNN-Temporal Transformer,42,5,0.50+,12436,8.337746948799392,10.497626692137255,10.86350979409865,13.455957836388228
larno_ukea,ukea,cnn_temporal_transformer,CNN-Temporal Transformer,42,15,0.00-0.10,858790,0.28054629294261324,0.823441963027168,0.17199536230539633,0.6995547435309106
larno_ukea,ukea,cnn_temporal_transformer,CNN-Temporal Transformer,42,15,0.10-0.30,45324,3.936943273636932,5.922627492220023,5.551429416960648,7.52614404114484
larno_ukea,ukea,cnn_temporal_transformer,CNN-Temporal Transformer,42,15,0.30-0.50,14100,9.094903304961557,14.003946796812489,13.154482909762265,17.345726286586768
larno_ukea,ukea,cnn_temporal_transformer,CNN-Temporal Transformer,42,15,0.50+,17786,22.68384443611714,28.90658938370045,30.235548896856844,36.21862047951262
larno_ukea,ukea,cnn_temporal_transformer,CNN-Temporal Transformer,42,30,0.00-0.10,842081,0.4321084319147456,1.3133079250887647,0.2513914377901772,0.9174298511174458
larno_ukea,ukea,cnn_temporal_transformer,CNN-Temporal Transformer,42,30,0.10-0.30,49072,6.314648714022517,8.377207080151361,8.711201535935025,10.79257884431867
larno_ukea,ukea,cnn_temporal_transformer,CNN-Temporal Transformer,42,30,0.30-0.50,17899,12.876850076627916,18.084180697437905,19.382019927914072,22.741585499570398
larno_ukea,ukea,cnn_temporal_transformer,CNN-Temporal Transformer,42,30,0.50+,26948,36.47683135268242,45.88758731903896,50.71377732093033,57.86708993304317
larno_ukea,ukea,cnn_temporal_transformer,CNN-Temporal Transformer,42,60,0.00-0.10,818554,0.6309921197873175,2.112836305664446,0.291937604238047,0.9951907148157071
larno_ukea,ukea,cnn_temporal_transformer,CNN-Temporal Transformer,42,60,0.10-0.30,49362,8.595135152861575,10.84753425174131,11.322287135496346,13.7529954329003
larno_ukea,ukea,cnn_temporal_transformer,CNN-Temporal Transformer,42,60,0.30-0.50,23786,17.151719755170866,21.336461946880107,26.518831346871565,28.79677465500664
larno_ukea,ukea,cnn_temporal_transformer,CNN-Temporal Transformer,42,60,0.50+,44298,50.35313417224875,61.604142633019855,71.52171556189602,79.41411709651686
larno_ukea,ukea,cnn_temporal_transformer,CNN-Temporal Transformer,44,5,0.00-0.10,870695,0.18064142817097165,0.40703261666368795,0.07725666336118858,0.3763963210709829
larno_ukea,ukea,cnn_temporal_transformer,CNN-Temporal Transformer,44,5,0.10-0.30,41429,1.869963998746819,3.2548719085356272,2.3514664405443195,3.8575559656027414
larno_ukea,ukea,cnn_temporal_transformer,CNN-Temporal Transformer,44,5,0.30-0.50,11440,3.995899909625312,6.367623627674503,5.389570514769196,7.850880605646717
larno_ukea,ukea,cnn_temporal_transformer,CNN-Temporal Transformer,44,5,0.50+,12436,8.678051576991294,10.945273066621768,10.86350979409865,13.455957836388228
larno_ukea,ukea,cnn_temporal_transformer,CNN-Temporal Transformer,44,15,0.00-0.10,858790,0.33273988144757416,0.8012019265604058,0.17199536230539633,0.6995547435309106
larno_ukea,ukea,cnn_temporal_transformer,CNN-Temporal Transformer,44,15,0.10-0.30,45324,4.46448909547323,6.404234927617582,5.551429416960648,7.52614404114484
larno_ukea,ukea,cnn_temporal_transformer,CNN-Temporal Transformer,44,15,0.30-0.50,14100,10.00306563713449,14.79868107173592,13.154482909762265,17.345726286586768
larno_ukea,ukea,cnn_temporal_transformer,CNN-Temporal Transformer,44,15,0.50+,17786,24.026034631980334,30.505950980063943,30.235548896856844,36.21862047951262
larno_ukea,ukea,cnn_temporal_transformer,CNN-Temporal Transformer,44,30,0.00-0.10,842081,0.5347856131276715,1.3193915700588361,0.2513914377901772,0.9174298511174458
larno_ukea,ukea,cnn_temporal_transformer,CNN-Temporal Transformer,44,30,0.10-0.30,49072,6.906823410253569,8.935628848245921,8.711201535935025,10.79257884431867
larno_ukea,ukea,cnn_temporal_transformer,CNN-Temporal Transformer,44,30,0.30-0.50,17899,14.590939331207203,18.997335844900267,19.382019927914072,22.741585499570398
larno_ukea,ukea,cnn_temporal_transformer,CNN-Temporal Transformer,44,30,0.50+,26948,39.35833139267912,48.69361936522967,50.71377732093033,57.86708993304317
larno_ukea,ukea,cnn_temporal_transformer,CNN-Temporal Transformer,44,60,0.00-0.10,818554,0.8780233972894399,2.0527593684765626,0.291937604238047,0.9951907148157071
larno_ukea,ukea,cnn_temporal_transformer,CNN-Temporal Transformer,44,60,0.10-0.30,49362,8.95451640043166,11.336146249632788,11.322287135496346,13.7529954329003
larno_ukea,ukea,cnn_temporal_transformer,CNN-Temporal Transformer,44,60,0.30-0.50,23786,20.393704173743927,23.783190887553854,26.518831346871565,28.79677465500664
larno_ukea,ukea,cnn_temporal_transformer,CNN-Temporal Transformer,44,60,0.50+,44298,57.46354259887965,67.75890453494361,71.52171556189602,79.41411709651686
larno_ukea,ukea,cnn_temporal_transformer,CNN-Temporal Transformer,52,5,0.00-0.10,870695,0.1624339023720026,0.4470494429891762,0.07725666336118858,0.3763963210709829
larno_ukea,ukea,cnn_temporal_transformer,CNN-Temporal Transformer,52,5,0.10-0.30,41429,1.7977779990708147,3.267648498765231,2.3514664405443195,3.8575559656027414
larno_ukea,ukea,cnn_temporal_transformer,CNN-Temporal Transformer,52,5,0.30-0.50,11440,3.84782697106679,6.245283769482978,5.389570514769196,7.850880605646717
larno_ukea,ukea,cnn_temporal_transformer,CNN-Temporal Transformer,52,5,0.50+,12436,8.246902883743006,10.312060392887576,10.86350979409865,13.455957836388228
larno_ukea,ukea,cnn_temporal_transformer,CNN-Temporal Transformer,52,15,0.00-0.10,858790,0.3668997747534933,0.9608177132899061,0.17199536230539633,0.6995547435309106
larno_ukea,ukea,cnn_temporal_transformer,CNN-Temporal Transformer,52,15,0.10-0.30,45324,4.3022304966729505,6.343936951845245,5.551429416960648,7.52614404114484
larno_ukea,ukea,cnn_temporal_transformer,CNN-Temporal Transformer,52,15,0.30-0.50,14100,9.570931725256832,14.780371393709016,13.154482909762265,17.345726286586768
larno_ukea,ukea,cnn_temporal_transformer,CNN-Temporal Transformer,52,15,0.50+,17786,22.931619955505976,29.056772310795903,30.235548896856844,36.21862047951262
larno_ukea,ukea,cnn_temporal_transformer,CNN-Temporal Transformer,52,30,0.00-0.10,842081,0.6331049407602883,1.639285688049345,0.2513914377901772,0.9174298511174458
larno_ukea,ukea,cnn_temporal_transformer,CNN-Temporal Transformer,52,30,0.10-0.30,49072,6.8007553189860515,8.831876359655432,8.711201535935025,10.79257884431867
larno_ukea,ukea,cnn_temporal_transformer,CNN-Temporal Transformer,52,30,0.30-0.50,17899,13.721207077376397,18.911354744604502,19.382019927914072,22.741585499570398
larno_ukea,ukea,cnn_temporal_transformer,CNN-Temporal Transformer,52,30,0.50+,26948,36.66801547226025,46.56234830680085,50.71377732093033,57.86708993304317
larno_ukea,ukea,cnn_temporal_transformer,CNN-Temporal Transformer,52,60,0.00-0.10,818554,1.1153957841106399,3.0090317806067604,0.291937604238047,0.9951907148157071
larno_ukea,ukea,cnn_temporal_transformer,CNN-Temporal Transformer,52,60,0.10-0.30,49362,9.036615912195257,11.28113029235945,11.322287135496346,13.7529954329003
larno_ukea,ukea,cnn_temporal_transformer,CNN-Temporal Transformer,52,60,0.30-0.50,23786,18.37715161526553,22.27434067999846,26.518831346871565,28.79677465500664
larno_ukea,ukea,cnn_temporal_transformer,CNN-Temporal Transformer,52,60,0.50+,44298,49.79347492376834,61.865721354332706,71.52171556189602,79.41411709651686
larno_ukea,ukea,cnn_temporal_transformer,CNN-Temporal Transformer,77,5,0.00-0.10,870695,0.1880890598648987,0.42682416635533404,0.07725666336118858,0.3763963210709829
larno_ukea,ukea,cnn_temporal_transformer,CNN-Temporal Transformer,77,5,0.10-0.30,41429,1.7415084111868633,3.1574323030906584,2.3514664405443195,3.8575559656027414
larno_ukea,ukea,cnn_temporal_transformer,CNN-Temporal Transformer,77,5,0.30-0.50,11440,3.8643920583116422,6.276306228427371,5.389570514769196,7.850880605646717
larno_ukea,ukea,cnn_temporal_transformer,CNN-Temporal Transformer,77,5,0.50+,12436,8.644540714571505,10.941079145760849,10.86350979409865,13.455957836388228
larno_ukea,ukea,cnn_temporal_transformer,CNN-Temporal Transformer,77,15,0.00-0.10,858790,0.46540552699909177,1.0275651816417555,0.17199536230539633,0.6995547435309106
larno_ukea,ukea,cnn_temporal_transformer,CNN-Temporal Transformer,77,15,0.10-0.30,45324,3.9198204750635206,5.764387031898757,5.551429416960648,7.52614404114484
larno_ukea,ukea,cnn_temporal_transformer,CNN-Temporal Transformer,77,15,0.30-0.50,14100,9.009166750079352,13.89919491743164,13.154482909762265,17.345726286586768
larno_ukea,ukea,cnn_temporal_transformer,CNN-Temporal Transformer,77,15,0.50+,17786,23.246282481857673,29.68960003702467,30.235548896856844,36.21862047951262
larno_ukea,ukea,cnn_temporal_transformer,CNN-Temporal Transformer,77,30,0.00-0.10,842081,0.8226210450087857,1.9073704049294327,0.2513914377901772,0.9174298511174458
larno_ukea,ukea,cnn_temporal_transformer,CNN-Temporal Transformer,77,30,0.10-0.30,49072,5.9278412622299115,7.7774345755513785,8.711201535935025,10.79257884431867
larno_ukea,ukea,cnn_temporal_transformer,CNN-Temporal Transformer,77,30,0.30-0.50,17899,12.221372654430827,16.901168065147225,19.382019927914072,22.741585499570398
larno_ukea,ukea,cnn_temporal_transformer,CNN-Temporal Transformer,77,30,0.50+,26948,37.002039629525314,46.34930748566292,50.71377732093033,57.86708993304317
larno_ukea,ukea,cnn_temporal_transformer,CNN-Temporal Transformer,77,60,0.00-0.10,818554,1.269151156573089,3.0161366614327494,0.291937604238047,0.9951907148157071
larno_ukea,ukea,cnn_temporal_transformer,CNN-Temporal Transformer,77,60,0.10-0.30,49362,7.639821000509804,9.72435839907056,11.322287135496346,13.7529954329003
larno_ukea,ukea,cnn_temporal_transformer,CNN-Temporal Transformer,77,60,0.30-0.50,23786,16.318139231135824,19.906441230278094,26.518831346871565,28.79677465500664
larno_ukea,ukea,cnn_temporal_transformer,CNN-Temporal Transformer,77,60,0.50+,44298,52.423350802204816,62.93118648056314,71.52171556189602,79.41411709651686
larno_ukea,ukea,convlstm,Conv-LSTM,2026,5,0.00-0.10,870695,0.13085780056855875,0.38156229250648793,0.07725666336118858,0.3763963210709829
larno_ukea,ukea,convlstm,Conv-LSTM,2026,5,0.10-0.30,41429,1.8835894844847176,3.420411417029992,2.3514664405443195,3.8575559656027414
larno_ukea,ukea,convlstm,Conv-LSTM,2026,5,0.30-0.50,11440,4.065269098545497,6.738736749374037,5.389570514769196,7.850880605646717
larno_ukea,ukea,convlstm,Conv-LSTM,2026,5,0.50+,12436,8.721744347017422,11.037463558893625,10.86350979409865,13.455957836388228
larno_ukea,ukea,convlstm,Conv-LSTM,2026,15,0.00-0.10,858790,0.22464010457755168,0.7467411001505964,0.17199536230539633,0.6995547435309106
larno_ukea,ukea,convlstm,Conv-LSTM,2026,15,0.10-0.30,45324,4.468169735376208,6.510667924396143,5.551429416960648,7.52614404114484
larno_ukea,ukea,convlstm,Conv-LSTM,2026,15,0.30-0.50,14100,10.029781103662565,15.317923793743857,13.154482909762265,17.345726286586768
larno_ukea,ukea,convlstm,Conv-LSTM,2026,15,0.50+,17786,24.217057472056563,30.887858686717813,30.235548896856844,36.21862047951262
larno_ukea,ukea,convlstm,Conv-LSTM,2026,30,0.00-0.10,842081,0.37080854560505916,1.1840060699627146,0.2513914377901772,0.9174298511174458
larno_ukea,ukea,convlstm,Conv-LSTM,2026,30,0.10-0.30,49072,7.091693533060664,9.13123345250662,8.711201535935025,10.79257884431867
larno_ukea,ukea,convlstm,Conv-LSTM,2026,30,0.30-0.50,17899,14.421841862418278,19.449858122163754,19.382019927914072,22.741585499570398
larno_ukea,ukea,convlstm,Conv-LSTM,2026,30,0.50+,26948,38.65835669730951,48.71929498839072,50.71377732093033,57.86708993304317
larno_ukea,ukea,convlstm,Conv-LSTM,2026,60,0.00-0.10,818554,0.6935819577463687,2.1536180856057485,0.291937604238047,0.9951907148157071
larno_ukea,ukea,convlstm,Conv-LSTM,2026,60,0.10-0.30,49362,9.60370830801819,11.902255888696832,11.322287135496346,13.7529954329003
larno_ukea,ukea,convlstm,Conv-LSTM,2026,60,0.30-0.50,23786,19.74049024023902,23.4883685609105,26.518831346871565,28.79677465500664
larno_ukea,ukea,convlstm,Conv-LSTM,2026,60,0.50+,44298,51.177706806281556,63.506586432821564,71.52171556189602,79.41411709651686
larno_ukea,ukea,convlstm,Conv-LSTM,42,5,0.00-0.10,870695,0.12548153967339445,0.3618912620449603,0.07725666336118858,0.3763963210709829
larno_ukea,ukea,convlstm,Conv-LSTM,42,5,0.10-0.30,41429,1.8906437239933305,3.417664884041776,2.3514664405443195,3.8575559656027414
larno_ukea,ukea,convlstm,Conv-LSTM,42,5,0.30-0.50,11440,4.2261931744332495,6.874829792039518,5.389570514769196,7.850880605646717
larno_ukea,ukea,convlstm,Conv-LSTM,42,5,0.50+,12436,8.93255458978757,11.282887244901112,10.86350979409865,13.455957836388228
larno_ukea,ukea,convlstm,Conv-LSTM,42,15,0.00-0.10,858790,0.35168307933113174,0.8058522357901396,0.17199536230539633,0.6995547435309106
larno_ukea,ukea,convlstm,Conv-LSTM,42,15,0.10-0.30,45324,4.276546018972221,6.256218680830686,5.551429416960648,7.52614404114484
larno_ukea,ukea,convlstm,Conv-LSTM,42,15,0.30-0.50,14100,9.665247186489985,14.856656563172333,13.154482909762265,17.345726286586768
larno_ukea,ukea,convlstm,Conv-LSTM,42,15,0.50+,17786,23.72574274275604,29.893885859567586,30.235548896856844,36.21862047951262
larno_ukea,ukea,convlstm,Conv-LSTM,42,30,0.00-0.10,842081,0.46301609372341423,1.3538115098584254,0.2513914377901772,0.9174298511174458
larno_ukea,ukea,convlstm,Conv-LSTM,42,30,0.10-0.30,49072,6.389740364244047,8.384953315360825,8.711201535935025,10.79257884431867
larno_ukea,ukea,convlstm,Conv-LSTM,42,30,0.30-0.50,17899,13.120753894212411,18.190466962826406,19.382019927914072,22.741585499570398
larno_ukea,ukea,convlstm,Conv-LSTM,42,30,0.50+,26948,36.772475067149536,46.395765066390446,50.71377732093033,57.86708993304317
larno_ukea,ukea,convlstm,Conv-LSTM,42,60,0.00-0.10,818554,0.8196243951112051,2.471577016930573,0.291937604238047,0.9951907148157071
larno_ukea,ukea,convlstm,Conv-LSTM,42,60,0.10-0.30,49362,8.450837442198202,10.802790924831408,11.322287135496346,13.7529954329003
larno_ukea,ukea,convlstm,Conv-LSTM,42,60,0.30-0.50,23786,17.710128719049596,21.634437960701888,26.518831346871565,28.79677465500664
larno_ukea,ukea,convlstm,Conv-LSTM,42,60,0.50+,44298,48.42339610280052,60.52080396250316,71.52171556189602,79.41411709651686
larno_ukea,ukea,convlstm,Conv-LSTM,44,5,0.00-0.10,870695,0.10454208755504402,0.37255043442211927,0.07725666336118858,0.3763963210709829
larno_ukea,ukea,convlstm,Conv-LSTM,44,5,0.10-0.30,41429,1.9494852692492353,3.469785653184966,2.3514664405443195,3.8575559656027414
larno_ukea,ukea,convlstm,Conv-LSTM,44,5,0.30-0.50,11440,4.262475475825213,6.987138262084196,5.389570514769196,7.850880605646717
larno_ukea,ukea,convlstm,Conv-LSTM,44,5,0.50+,12436,9.10202823735081,11.539374216286712,10.86350979409865,13.455957836388228
larno_ukea,ukea,convlstm,Conv-LSTM,44,15,0.00-0.10,858790,0.28684180649964763,0.8090790006110198,0.17199536230539633,0.6995547435309106
larno_ukea,ukea,convlstm,Conv-LSTM,44,15,0.10-0.30,45324,4.339743789591835,6.276447356786652,5.551429416960648,7.52614404114484
larno_ukea,ukea,convlstm,Conv-LSTM,44,15,0.30-0.50,14100,9.937389185031256,14.920399651079707,13.154482909762265,17.345726286586768
larno_ukea,ukea,convlstm,Conv-LSTM,44,15,0.50+,17786,24.19150825977379,30.580727037887268,30.235548896856844,36.21862047951262
larno_ukea,ukea,convlstm,Conv-LSTM,44,30,0.00-0.10,842081,0.4268185980901724,1.3015519867484047,0.2513914377901772,0.9174298511174458
larno_ukea,ukea,convlstm,Conv-LSTM,44,30,0.10-0.30,49072,6.881332881706164,8.846857029429563,8.711201535935025,10.79257884431867
larno_ukea,ukea,convlstm,Conv-LSTM,44,30,0.30-0.50,17899,14.358802349635747,18.7884095727617,19.382019927914072,22.741585499570398
larno_ukea,ukea,convlstm,Conv-LSTM,44,30,0.50+,26948,38.396067525961996,47.87923641275773,50.71377732093033,57.86708993304317
larno_ukea,ukea,convlstm,Conv-LSTM,44,60,0.00-0.10,818554,0.7764937851244823,2.442003349777077,0.291937604238047,0.9951907148157071
larno_ukea,ukea,convlstm,Conv-LSTM,44,60,0.10-0.30,49362,8.928865139492604,11.321256919066414,11.322287135496346,13.7529954329003
larno_ukea,ukea,convlstm,Conv-LSTM,44,60,0.30-0.50,23786,19.414059636992402,22.807057127414556,26.518831346871565,28.79677465500664
larno_ukea,ukea,convlstm,Conv-LSTM,44,60,0.50+,44298,50.084466675578234,60.943810152457324,71.52171556189602,79.41411709651686
larno_ukea,ukea,convlstm,Conv-LSTM,52,5,0.00-0.10,870695,0.19470436258359256,0.41705418495863783,0.07725666336118858,0.3763963210709829
larno_ukea,ukea,convlstm,Conv-LSTM,52,5,0.10-0.30,41429,1.9208659555032588,3.4368922721679898,2.3514664405443195,3.8575559656027414
larno_ukea,ukea,convlstm,Conv-LSTM,52,5,0.30-0.50,11440,4.132060508888501,6.856820466379121,5.389570514769196,7.850880605646717
larno_ukea,ukea,convlstm,Conv-LSTM,52,5,0.50+,12436,8.884829091523459,11.263921240421771,10.86350979409865,13.455957836388228
larno_ukea,ukea,convlstm,Conv-LSTM,52,15,0.00-0.10,858790,0.3680321584925633,0.8936663148630472,0.17199536230539633,0.6995547435309106
larno_ukea,ukea,convlstm,Conv-LSTM,52,15,0.10-0.30,45324,4.377227627344554,6.315004953484476,5.551429416960648,7.52614404114484
larno_ukea,ukea,convlstm,Conv-LSTM,52,15,0.30-0.50,14100,9.802207108719129,14.945155941904309,13.154482909762265,17.345726286586768
larno_ukea,ukea,convlstm,Conv-LSTM,52,15,0.50+,17786,23.999619589678474,30.42634556179561,30.235548896856844,36.21862047951262
larno_ukea,ukea,convlstm,Conv-LSTM,52,30,0.00-0.10,842081,0.5931336309080241,1.5827021800712704,0.2513914377901772,0.9174298511174458
larno_ukea,ukea,convlstm,Conv-LSTM,52,30,0.10-0.30,49072,6.87697042876877,8.788106281458157,8.711201535935025,10.79257884431867
larno_ukea,ukea,convlstm,Conv-LSTM,52,30,0.30-0.50,17899,13.768099221768837,18.50567229966273,19.382019927914072,22.741585499570398
larno_ukea,ukea,convlstm,Conv-LSTM,52,30,0.50+,26948,37.268865570432624,46.90502707166968,50.71377732093033,57.86708993304317
larno_ukea,ukea,convlstm,Conv-LSTM,52,60,0.00-0.10,818554,0.9674285317766309,2.9949103473294896,0.291937604238047,0.9951907148157071
larno_ukea,ukea,convlstm,Conv-LSTM,52,60,0.10-0.30,49362,9.422976881978668,11.667883351175549,11.322287135496346,13.7529954329003
larno_ukea,ukea,convlstm,Conv-LSTM,52,60,0.30-0.50,23786,18.448347549199216,21.99990122325212,26.518831346871565,28.79677465500664
larno_ukea,ukea,convlstm,Conv-LSTM,52,60,0.50+,44298,48.558385213778585,59.960880273856674,71.52171556189602,79.41411709651686
larno_ukea,ukea,convlstm,Conv-LSTM,77,5,0.00-0.10,870695,0.09125244429460738,0.3667084323568934,0.07725666336118858,0.3763963210709829
larno_ukea,ukea,convlstm,Conv-LSTM,77,5,0.10-0.30,41429,1.9974155745773257,3.5391873366128492,2.3514664405443195,3.8575559656027414
larno_ukea,ukea,convlstm,Conv-LSTM,77,5,0.30-0.50,11440,4.316731743071671,6.995981349921745,5.389570514769196,7.850880605646717
larno_ukea,ukea,convlstm,Conv-LSTM,77,5,0.50+,12436,9.137956122995075,11.512006905264961,10.86350979409865,13.455957836388228
larno_ukea,ukea,convlstm,Conv-LSTM,77,15,0.00-0.10,858790,0.20752578136556807,0.7272329246262252,0.17199536230539633,0.6995547435309106
larno_ukea,ukea,convlstm,Conv-LSTM,77,15,0.10-0.30,45324,4.525782219405095,6.568762241592885,5.551429416960648,7.52614404114484
larno_ukea,ukea,convlstm,Conv-LSTM,77,15,0.30-0.50,14100,10.17076429280829,15.378571311282336,13.154482909762265,17.345726286586768
larno_ukea,ukea,convlstm,Conv-LSTM,77,15,0.50+,17786,24.30905966871731,30.82067374165106,30.235548896856844,36.21862047951262
larno_ukea,ukea,convlstm,Conv-LSTM,77,30,0.00-0.10,842081,0.37041338000025215,1.249803034002663,0.2513914377901772,0.9174298511174458
larno_ukea,ukea,convlstm,Conv-LSTM,77,30,0.10-0.30,49072,6.810371188608122,8.879709356354647,8.711201535935025,10.79257884431867
larno_ukea,ukea,convlstm,Conv-LSTM,77,30,0.30-0.50,17899,13.975652527013926,18.95947021580228,19.382019927914072,22.741585499570398
larno_ukea,ukea,convlstm,Conv-LSTM,77,30,0.50+,26948,36.90542232997785,46.5621888052386,50.71377732093033,57.86708993304317
larno_ukea,ukea,convlstm,Conv-LSTM,77,60,0.00-0.10,818554,0.6202021154189225,2.5019054788998,0.291937604238047,0.9951907148157071
larno_ukea,ukea,convlstm,Conv-LSTM,77,60,0.10-0.30,49362,9.095832722659344,11.554550528504157,11.322287135496346,13.7529954329003
larno_ukea,ukea,convlstm,Conv-LSTM,77,60,0.30-0.50,23786,18.980578993123164,22.96919725618416,26.518831346871565,28.79677465500664
larno_ukea,ukea,convlstm,Conv-LSTM,77,60,0.50+,44298,47.65142466136417,58.72711988470114,71.52171556189602,79.41411709651686
larno_ukea,ukea,convlstm_attention,Conv-LSTM + Attention,2026,5,0.00-0.10,870695,0.11300184970756584,0.3893624220974861,0.07725666336118858,0.3763963210709829
larno_ukea,ukea,convlstm_attention,Conv-LSTM + Attention,2026,5,0.10-0.30,41429,2.1912803338621334,3.702894602558801,2.3514664405443195,3.8575559656027414
larno_ukea,ukea,convlstm_attention,Conv-LSTM + Attention,2026,5,0.30-0.50,11440,4.703604667675453,7.384667446821709,5.389570514769196,7.850880605646717
larno_ukea,ukea,convlstm_attention,Conv-LSTM + Attention,2026,5,0.50+,12436,9.386848856030879,11.878922212850956,10.86350979409865,13.455957836388228
larno_ukea,ukea,convlstm_attention,Conv-LSTM + Attention,2026,15,0.00-0.10,858790,0.22884875935340093,0.7569208708268428,0.17199536230539633,0.6995547435309106
larno_ukea,ukea,convlstm_attention,Conv-LSTM + Attention,2026,15,0.10-0.30,45324,5.18691922911054,7.173305651154218,5.551429416960648,7.52614404114484
larno_ukea,ukea,convlstm_attention,Conv-LSTM + Attention,2026,15,0.30-0.50,14100,11.633045911260531,16.390117025602212,13.154482909762265,17.345726286586768
larno_ukea,ukea,convlstm_attention,Conv-LSTM + Attention,2026,15,0.50+,17786,25.951075537305545,32.611138317609914,30.235548896856844,36.21862047951262
larno_ukea,ukea,convlstm_attention,Conv-LSTM + Attention,2026,30,0.00-0.10,842081,0.3362373919526482,1.0943842419742167,0.2513914377901772,0.9174298511174458
larno_ukea,ukea,convlstm_attention,Conv-LSTM + Attention,2026,30,0.10-0.30,49072,8.240204622873684,10.302804355576061,8.711201535935025,10.79257884431867
larno_ukea,ukea,convlstm_attention,Conv-LSTM + Attention,2026,30,0.30-0.50,17899,17.313624301485007,21.41732841633479,19.382019927914072,22.741585499570398
larno_ukea,ukea,convlstm_attention,Conv-LSTM + Attention,2026,30,0.50+,26948,43.06797112683983,52.291802279595856,50.71377732093033,57.86708993304317
larno_ukea,ukea,convlstm_attention,Conv-LSTM + Attention,2026,60,0.00-0.10,818554,0.4385836922663677,1.595084444501356,0.291937604238047,0.9951907148157071
larno_ukea,ukea,convlstm_attention,Conv-LSTM + Attention,2026,60,0.10-0.30,49362,10.75258122865073,13.108975378575163,11.322287135496346,13.7529954329003
larno_ukea,ukea,convlstm_attention,Conv-LSTM + Attention,2026,60,0.30-0.50,23786,24.019320737164886,26.831346456430666,26.518831346871565,28.79677465500664
larno_ukea,ukea,convlstm_attention,Conv-LSTM + Attention,2026,60,0.50+,44298,60.363591254589025,71.00704546883026,71.52171556189602,79.41411709651686
larno_ukea,ukea,convlstm_attention,Conv-LSTM + Attention,42,5,0.00-0.10,870695,0.12815874793109217,0.38323708854100447,0.07725666336118858,0.3763963210709829
larno_ukea,ukea,convlstm_attention,Conv-LSTM + Attention,42,5,0.10-0.30,41429,1.921097343949092,3.4133226516742075,2.3514664405443195,3.8575559656027414
larno_ukea,ukea,convlstm_attention,Conv-LSTM + Attention,42,5,0.30-0.50,11440,4.341871421523653,6.9753237008477,5.389570514769196,7.850880605646717
larno_ukea,ukea,convlstm_attention,Conv-LSTM + Attention,42,5,0.50+,12436,9.18004359797137,11.64426074472443,10.86350979409865,13.455957836388228
larno_ukea,ukea,convlstm_attention,Conv-LSTM + Attention,42,15,0.00-0.10,858790,0.38545069881447347,0.944845334719289,0.17199536230539633,0.6995547435309106
larno_ukea,ukea,convlstm_attention,Conv-LSTM + Attention,42,15,0.10-0.30,45324,4.183097584113083,6.075366021395522,5.551429416960648,7.52614404114484
larno_ukea,ukea,convlstm_attention,Conv-LSTM + Attention,42,15,0.30-0.50,14100,9.936002003385665,14.637094028562672,13.154482909762265,17.345726286586768
larno_ukea,ukea,convlstm_attention,Conv-LSTM + Attention,42,15,0.50+,17786,23.99934142690588,30.20430948279833,30.235548896856844,36.21862047951262
larno_ukea,ukea,convlstm_attention,Conv-LSTM + Attention,42,30,0.00-0.10,842081,0.7191679415968283,1.7208484931023351,0.2513914377901772,0.9174298511174458
larno_ukea,ukea,convlstm_attention,Conv-LSTM + Attention,42,30,0.10-0.30,49072,6.432222475075775,8.426781295545888,8.711201535935025,10.79257884431867
larno_ukea,ukea,convlstm_attention,Conv-LSTM + Attention,42,30,0.30-0.50,17899,14.047665506579687,18.324663510171668,19.382019927914072,22.741585499570398
larno_ukea,ukea,convlstm_attention,Conv-LSTM + Attention,42,30,0.50+,26948,38.0032361619848,47.076855953171545,50.71377732093033,57.86708993304317
larno_ukea,ukea,convlstm_attention,Conv-LSTM + Attention,42,60,0.00-0.10,818554,1.4307054948136504,3.664792922778775,0.291937604238047,0.9951907148157071
larno_ukea,ukea,convlstm_attention,Conv-LSTM + Attention,42,60,0.10-0.30,49362,7.824893709605567,10.35283900244182,11.322287135496346,13.7529954329003
larno_ukea,ukea,convlstm_attention,Conv-LSTM + Attention,42,60,0.30-0.50,23786,17.907395028971766,21.863978459878076,26.518831346871565,28.79677465500664
larno_ukea,ukea,convlstm_attention,Conv-LSTM + Attention,42,60,0.50+,44298,49.44546133390135,60.46148566657421,71.52171556189602,79.41411709651686
larno_ukea,ukea,convlstm_attention,Conv-LSTM + Attention,44,5,0.00-0.10,870695,0.09501375670839762,0.3717868164612084,0.07725666336118858,0.3763963210709829
larno_ukea,ukea,convlstm_attention,Conv-LSTM + Attention,44,5,0.10-0.30,41429,1.9523452896008942,3.4485936412630647,2.3514664405443195,3.8575559656027414
larno_ukea,ukea,convlstm_attention,Conv-LSTM + Attention,44,5,0.30-0.50,11440,4.33804637915292,6.990562890975818,5.389570514769196,7.850880605646717
larno_ukea,ukea,convlstm_attention,Conv-LSTM + Attention,44,5,0.50+,12436,9.134069255269505,11.674285551244406,10.86350979409865,13.455957836388228
larno_ukea,ukea,convlstm_attention,Conv-LSTM + Attention,44,15,0.00-0.10,858790,0.23309797420301812,0.7795543790457196,0.17199536230539633,0.6995547435309106
larno_ukea,ukea,convlstm_attention,Conv-LSTM + Attention,44,15,0.10-0.30,45324,4.472633787957594,6.399534189908561,5.551429416960648,7.52614404114484
larno_ukea,ukea,convlstm_attention,Conv-LSTM + Attention,44,15,0.30-0.50,14100,10.316069670708467,15.003064584883752,13.154482909762265,17.345726286586768
larno_ukea,ukea,convlstm_attention,Conv-LSTM + Attention,44,15,0.50+,17786,24.378491630305405,30.719792220011822,30.235548896856844,36.21862047951262
larno_ukea,ukea,convlstm_attention,Conv-LSTM + Attention,44,30,0.00-0.10,842081,0.3841773842904646,1.2656855235386797,0.2513914377901772,0.9174298511174458
larno_ukea,ukea,convlstm_attention,Conv-LSTM + Attention,44,30,0.10-0.30,49072,7.05717119902529,9.106462342959079,8.711201535935025,10.79257884431867
larno_ukea,ukea,convlstm_attention,Conv-LSTM + Attention,44,30,0.30-0.50,17899,15.043660113632203,19.32739743803268,19.382019927914072,22.741585499570398
larno_ukea,ukea,convlstm_attention,Conv-LSTM + Attention,44,30,0.50+,26948,39.41010440627456,47.958630321918214,50.71377732093033,57.86708993304317
larno_ukea,ukea,convlstm_attention,Conv-LSTM + Attention,44,60,0.00-0.10,818554,0.6617367613741563,2.4123744494332495,0.291937604238047,0.9951907148157071
larno_ukea,ukea,convlstm_attention,Conv-LSTM + Attention,44,60,0.10-0.30,49362,8.655134375008982,11.1007746559264,11.322287135496346,13.7529954329003
larno_ukea,ukea,convlstm_attention,Conv-LSTM + Attention,44,60,0.30-0.50,23786,19.73987705845824,23.337310333076193,26.518831346871565,28.79677465500664
larno_ukea,ukea,convlstm_attention,Conv-LSTM + Attention,44,60,0.50+,44298,51.93011435010728,62.16167825881453,71.52171556189602,79.41411709651686
larno_ukea,ukea,convlstm_attention,Conv-LSTM + Attention,52,5,0.00-0.10,870695,0.1349218489406221,0.4349193252344233,0.07725666336118858,0.3763963210709829
larno_ukea,ukea,convlstm_attention,Conv-LSTM + Attention,52,5,0.10-0.30,41429,1.8044241800058667,3.2638882082878746,2.3514664405443195,3.8575559656027414
larno_ukea,ukea,convlstm_attention,Conv-LSTM + Attention,52,5,0.30-0.50,11440,4.040487809692855,6.619171192630311,5.389570514769196,7.850880605646717
larno_ukea,ukea,convlstm_attention,Conv-LSTM + Attention,52,5,0.50+,12436,8.743711089342113,11.034925954232602,10.86350979409865,13.455957836388228
larno_ukea,ukea,convlstm_attention,Conv-LSTM + Attention,52,15,0.00-0.10,858790,0.26284511832048374,0.8464397089322371,0.17199536230539633,0.6995547435309106
larno_ukea,ukea,convlstm_attention,Conv-LSTM + Attention,52,15,0.10-0.30,45324,4.367275372859018,6.2943823091442725,5.551429416960648,7.52614404114484
larno_ukea,ukea,convlstm_attention,Conv-LSTM + Attention,52,15,0.30-0.50,14100,10.057278881998773,14.917064697596297,13.154482909762265,17.345726286586768
larno_ukea,ukea,convlstm_attention,Conv-LSTM + Attention,52,15,0.50+,17786,24.618925080147367,31.225339035936273,30.235548896856844,36.21862047951262
larno_ukea,ukea,convlstm_attention,Conv-LSTM + Attention,52,30,0.00-0.10,842081,0.49148429912633135,1.6179291081217504,0.2513914377901772,0.9174298511174458
larno_ukea,ukea,convlstm_attention,Conv-LSTM + Attention,52,30,0.10-0.30,49072,6.664480180901672,8.648415860590433,8.711201535935025,10.79257884431867
larno_ukea,ukea,convlstm_attention,Conv-LSTM + Attention,52,30,0.30-0.50,17899,13.871767281606829,18.267052353998487,19.382019927914072,22.741585499570398
larno_ukea,ukea,convlstm_attention,Conv-LSTM + Attention,52,30,0.50+,26948,37.977568006411985,47.227199756829805,50.71377732093033,57.86708993304317
larno_ukea,ukea,convlstm_attention,Conv-LSTM + Attention,52,60,0.00-0.10,818554,0.7782293285281271,2.8172348303463353,0.291937604238047,0.9951907148157071
larno_ukea,ukea,convlstm_attention,Conv-LSTM + Attention,52,60,0.10-0.30,49362,8.966658749776082,11.32890345936491,11.322287135496346,13.7529954329003
larno_ukea,ukea,convlstm_attention,Conv-LSTM + Attention,52,60,0.30-0.50,23786,19.06535331619344,22.67954612514504,26.518831346871565,28.79677465500664
larno_ukea,ukea,convlstm_attention,Conv-LSTM + Attention,52,60,0.50+,44298,51.46671882482613,62.400650655409336,71.52171556189602,79.41411709651686
larno_ukea,ukea,convlstm_attention,Conv-LSTM + Attention,77,5,0.00-0.10,870695,0.09058274076477064,0.3668862523306757,0.07725666336118858,0.3763963210709829
larno_ukea,ukea,convlstm_attention,Conv-LSTM + Attention,77,5,0.10-0.30,41429,2.1515106197972886,3.6080828697861578,2.3514664405443195,3.8575559656027414
larno_ukea,ukea,convlstm_attention,Conv-LSTM + Attention,77,5,0.30-0.50,11440,4.782706100128956,7.286373251732117,5.389570514769196,7.850880605646717
larno_ukea,ukea,convlstm_attention,Conv-LSTM + Attention,77,5,0.50+,12436,9.695807908865063,12.303324166327462,10.86350979409865,13.455957836388228
larno_ukea,ukea,convlstm_attention,Conv-LSTM + Attention,77,15,0.00-0.10,858790,0.24096174832087452,0.8013238652710635,0.17199536230539633,0.6995547435309106
larno_ukea,ukea,convlstm_attention,Conv-LSTM + Attention,77,15,0.10-0.30,45324,4.511270838226706,6.401760789324499,5.551429416960648,7.52614404114484
larno_ukea,ukea,convlstm_attention,Conv-LSTM + Attention,77,15,0.30-0.50,14100,10.350245380866612,14.922241813719058,13.154482909762265,17.345726286586768
larno_ukea,ukea,convlstm_attention,Conv-LSTM + Attention,77,15,0.50+,17786,24.225511339642956,30.58283260092935,30.235548896856844,36.21862047951262
larno_ukea,ukea,convlstm_attention,Conv-LSTM + Attention,77,30,0.00-0.10,842081,0.45622417897941225,1.4630867187599892,0.2513914377901772,0.9174298511174458
larno_ukea,ukea,convlstm_attention,Conv-LSTM + Attention,77,30,0.10-0.30,49072,6.883803943450249,8.931828782372708,8.711201535935025,10.79257884431867
larno_ukea,ukea,convlstm_attention,Conv-LSTM + Attention,77,30,0.30-0.50,17899,14.576686271456168,18.80232920342442,19.382019927914072,22.741585499570398
larno_ukea,ukea,convlstm_attention,Conv-LSTM + Attention,77,30,0.50+,26948,37.62269186477235,46.60449772031099,50.71377732093033,57.86708993304317
larno_ukea,ukea,convlstm_attention,Conv-LSTM + Attention,77,60,0.00-0.10,818554,0.792673980090796,2.95551935326556,0.291937604238047,0.9951907148157071
larno_ukea,ukea,convlstm_attention,Conv-LSTM + Attention,77,60,0.10-0.30,49362,8.356682784678165,10.881129011023505,11.322287135496346,13.7529954329003
larno_ukea,ukea,convlstm_attention,Conv-LSTM + Attention,77,60,0.30-0.50,23786,19.229251014946247,22.98178182341196,26.518831346871565,28.79677465500664
larno_ukea,ukea,convlstm_attention,Conv-LSTM + Attention,77,60,0.50+,44298,49.349807665008335,60.277274307234826,71.52171556189602,79.41411709651686
larno_ukea,ukea,fno2d_history,FNO2D-History (adapted),2026,5,0.00-0.10,870695,0.2240740902164224,0.43270443849407264,0.07725666336118858,0.3763963210709829
larno_ukea,ukea,fno2d_history,FNO2D-History (adapted),2026,5,0.10-0.30,41429,1.696587206700991,3.348331295249745,2.3514664405443195,3.8575559656027414
larno_ukea,ukea,fno2d_history,FNO2D-History (adapted),2026,5,0.30-0.50,11440,4.0952414797840415,6.973796292853541,5.389570514769196,7.850880605646717
larno_ukea,ukea,fno2d_history,FNO2D-History (adapted),2026,5,0.50+,12436,8.845992037417155,11.352789167813299,10.86350979409865,13.455957836388228
larno_ukea,ukea,fno2d_history,FNO2D-History (adapted),2026,15,0.00-0.10,858790,0.4302394306757153,0.9703840307919376,0.17199536230539633,0.6995547435309106
larno_ukea,ukea,fno2d_history,FNO2D-History (adapted),2026,15,0.10-0.30,45324,3.478210614261833,5.771675955542204,5.551429416960648,7.52614404114484
larno_ukea,ukea,fno2d_history,FNO2D-History (adapted),2026,15,0.30-0.50,14100,9.42602196621134,14.944424109290496,13.154482909762265,17.345726286586768
larno_ukea,ukea,fno2d_history,FNO2D-History (adapted),2026,15,0.50+,17786,24.282214944487038,30.906344335673918,30.235548896856844,36.21862047951262
larno_ukea,ukea,fno2d_history,FNO2D-History (adapted),2026,30,0.00-0.10,842081,0.6566803195103255,1.5324559786329444,0.2513914377901772,0.9174298511174458
larno_ukea,ukea,fno2d_history,FNO2D-History (adapted),2026,30,0.10-0.30,49072,5.199314910807031,7.630984120584068,8.711201535935025,10.79257884431867
larno_ukea,ukea,fno2d_history,FNO2D-History (adapted),2026,30,0.30-0.50,17899,12.749239630196719,18.67707610024295,19.382019927914072,22.741585499570398
larno_ukea,ukea,fno2d_history,FNO2D-History (adapted),2026,30,0.50+,26948,39.28588303540074,48.42306788925604,50.71377732093033,57.86708993304317
larno_ukea,ukea,fno2d_history,FNO2D-History (adapted),2026,60,0.00-0.10,818554,0.8962596097412892,2.358986164542045,0.291937604238047,0.9951907148157071
larno_ukea,ukea,fno2d_history,FNO2D-History (adapted),2026,60,0.10-0.30,49362,6.324341644405701,8.642299865175728,11.322287135496346,13.7529954329003
larno_ukea,ukea,fno2d_history,FNO2D-History (adapted),2026,60,0.30-0.50,23786,14.479283201256463,20.257086709134775,26.518831346871565,28.79677465500664
larno_ukea,ukea,fno2d_history,FNO2D-History (adapted),2026,60,0.50+,44298,51.859904908639834,62.907244374809224,71.52171556189602,79.41411709651686
larno_ukea,ukea,fno2d_history,FNO2D-History (adapted),42,5,0.00-0.10,870695,0.19767571202888296,0.4062216776600066,0.07725666336118858,0.3763963210709829
larno_ukea,ukea,fno2d_history,FNO2D-History (adapted),42,5,0.10-0.30,41429,1.559683406305735,3.117382156899149,2.3514664405443195,3.8575559656027414
larno_ukea,ukea,fno2d_history,FNO2D-History (adapted),42,5,0.30-0.50,11440,3.629017456636562,6.330801025629862,5.389570514769196,7.850880605646717
larno_ukea,ukea,fno2d_history,FNO2D-History (adapted),42,5,0.50+,12436,7.617928678916941,9.834629082456585,10.86350979409865,13.455957836388228
larno_ukea,ukea,fno2d_history,FNO2D-History (adapted),42,15,0.00-0.10,858790,0.3948557779035229,0.8426845981494893,0.17199536230539633,0.6995547435309106
larno_ukea,ukea,fno2d_history,FNO2D-History (adapted),42,15,0.10-0.30,45324,3.4943634855549695,5.63740391646776,5.551429416960648,7.52614404114484
larno_ukea,ukea,fno2d_history,FNO2D-History (adapted),42,15,0.30-0.50,14100,8.839318911657266,14.2340652209188,13.154482909762265,17.345726286586768
larno_ukea,ukea,fno2d_history,FNO2D-History (adapted),42,15,0.50+,17786,22.266418641240634,28.633610106826456,30.235548896856844,36.21862047951262
larno_ukea,ukea,fno2d_history,FNO2D-History (adapted),42,30,0.00-0.10,842081,0.5838120009476563,1.316038094044067,0.2513914377901772,0.9174298511174458
larno_ukea,ukea,fno2d_history,FNO2D-History (adapted),42,30,0.10-0.30,49072,5.116037530182303,7.369924550234918,8.711201535935025,10.79257884431867
larno_ukea,ukea,fno2d_history,FNO2D-History (adapted),42,30,0.30-0.50,17899,12.027072790025487,17.599966501834228,19.382019927914072,22.741585499570398
larno_ukea,ukea,fno2d_history,FNO2D-History (adapted),42,30,0.50+,26948,35.82142980229312,45.526402084968545,50.71377732093033,57.86708993304317
larno_ukea,ukea,fno2d_history,FNO2D-History (adapted),42,60,0.00-0.10,818554,0.87251049127268,2.1895619448937995,0.291937604238047,0.9951907148157071
larno_ukea,ukea,fno2d_history,FNO2D-History (adapted),42,60,0.10-0.30,49362,5.985900943976646,8.246819993893963,11.322287135496346,13.7529954329003
larno_ukea,ukea,fno2d_history,FNO2D-History (adapted),42,60,0.30-0.50,23786,13.713072059052871,19.036970615535846,26.518831346871565,28.79677465500664
larno_ukea,ukea,fno2d_history,FNO2D-History (adapted),42,60,0.50+,44298,46.18654862834054,58.075540620024725,71.52171556189602,79.41411709651686
larno_ukea,ukea,fno2d_history,FNO2D-History (adapted),44,5,0.00-0.10,870695,0.2015110264967419,0.4303435273775559,0.07725666336118858,0.3763963210709829
larno_ukea,ukea,fno2d_history,FNO2D-History (adapted),44,5,0.10-0.30,41429,1.6870421015644965,3.344878472853311,2.3514664405443195,3.8575559656027414
larno_ukea,ukea,fno2d_history,FNO2D-History (adapted),44,5,0.30-0.50,11440,4.027228442939011,6.871263375034017,5.389570514769196,7.850880605646717
larno_ukea,ukea,fno2d_history,FNO2D-History (adapted),44,5,0.50+,12436,8.574746257001543,11.046054559611212,10.86350979409865,13.455957836388228
larno_ukea,ukea,fno2d_history,FNO2D-History (adapted),44,15,0.00-0.10,858790,0.3490378704383293,0.7857193650083077,0.17199536230539633,0.6995547435309106
larno_ukea,ukea,fno2d_history,FNO2D-History (adapted),44,15,0.10-0.30,45324,3.684021438244382,5.943716454551811,5.551429416960648,7.52614404114484
larno_ukea,ukea,fno2d_history,FNO2D-History (adapted),44,15,0.30-0.50,14100,9.59776926230877,15.082070686194179,13.154482909762265,17.345726286586768
larno_ukea,ukea,fno2d_history,FNO2D-History (adapted),44,15,0.50+,17786,23.6578892538173,30.18966576764239,30.235548896856844,36.21862047951262
larno_ukea,ukea,fno2d_history,FNO2D-History (adapted),44,30,0.00-0.10,842081,0.5964966880212442,1.4011770388434313,0.2513914377901772,0.9174298511174458
larno_ukea,ukea,fno2d_history,FNO2D-History (adapted),44,30,0.10-0.30,49072,5.160170632434561,7.593517297013537,8.711201535935025,10.79257884431867
larno_ukea,ukea,fno2d_history,FNO2D-History (adapted),44,30,0.30-0.50,17899,12.355893455215575,18.135280687839032,19.382019927914072,22.741585499570398
larno_ukea,ukea,fno2d_history,FNO2D-History (adapted),44,30,0.50+,26948,35.58416455769567,45.34652848352686,50.71377732093033,57.86708993304317
larno_ukea,ukea,fno2d_history,FNO2D-History (adapted),44,60,0.00-0.10,818554,0.8641757708303006,2.2677794638504905,0.291937604238047,0.9951907148157071
larno_ukea,ukea,fno2d_history,FNO2D-History (adapted),44,60,0.10-0.30,49362,6.190993999300489,8.624578322361538,11.322287135496346,13.7529954329003
larno_ukea,ukea,fno2d_history,FNO2D-History (adapted),44,60,0.30-0.50,23786,14.208090095586975,20.21920108249569,26.518831346871565,28.79677465500664
larno_ukea,ukea,fno2d_history,FNO2D-History (adapted),44,60,0.50+,44298,47.008804001290514,59.7336747053098,71.52171556189602,79.41411709651686
larno_ukea,ukea,fno2d_history,FNO2D-History (adapted),52,5,0.00-0.10,870695,0.13411771731306812,0.3681130735696827,0.07725666336118858,0.3763963210709829
larno_ukea,ukea,fno2d_history,FNO2D-History (adapted),52,5,0.10-0.30,41429,1.8504103977082016,3.467718307225959,2.3514664405443195,3.8575559656027414
larno_ukea,ukea,fno2d_history,FNO2D-History (adapted),52,5,0.30-0.50,11440,4.264094828517287,7.140951830680614,5.389570514769196,7.850880605646717
larno_ukea,ukea,fno2d_history,FNO2D-History (adapted),52,5,0.50+,12436,9.156263353894401,11.70556908591545,10.86350979409865,13.455957836388228
larno_ukea,ukea,fno2d_history,FNO2D-History (adapted),52,15,0.00-0.10,858790,0.31171884297562474,0.7676804365640145,0.17199536230539633,0.6995547435309106
larno_ukea,ukea,fno2d_history,FNO2D-History (adapted),52,15,0.10-0.30,45324,4.050615363409206,6.224361760729724,5.551429416960648,7.52614404114484
larno_ukea,ukea,fno2d_history,FNO2D-History (adapted),52,15,0.30-0.50,14100,9.98511090451944,15.361278028563813,13.154482909762265,17.345726286586768
larno_ukea,ukea,fno2d_history,FNO2D-History (adapted),52,15,0.50+,17786,24.863666312091063,31.42697014344665,30.235548896856844,36.21862047951262
larno_ukea,ukea,fno2d_history,FNO2D-History (adapted),52,30,0.00-0.10,842081,0.5617583890299739,1.3069078866565975,0.2513914377901772,0.9174298511174458
larno_ukea,ukea,fno2d_history,FNO2D-History (adapted),52,30,0.10-0.30,49072,5.803026242031651,8.13964484993663,8.711201535935025,10.79257884431867
larno_ukea,ukea,fno2d_history,FNO2D-History (adapted),52,30,0.30-0.50,17899,13.589577750141604,19.263211486861127,19.382019927914072,22.741585499570398
larno_ukea,ukea,fno2d_history,FNO2D-History (adapted),52,30,0.50+,26948,39.734705418007685,48.76893916869538,50.71377732093033,57.86708993304317
larno_ukea,ukea,fno2d_history,FNO2D-History (adapted),52,60,0.00-0.10,818554,1.0441530642046437,2.539158371400157,0.291937604238047,0.9951907148157071
larno_ukea,ukea,fno2d_history,FNO2D-History (adapted),52,60,0.10-0.30,49362,6.612627265581611,8.855723158626716,11.322287135496346,13.7529954329003
larno_ukea,ukea,fno2d_history,FNO2D-History (adapted),52,60,0.30-0.50,23786,14.913436156312843,20.31485866064691,26.518831346871565,28.79677465500664
larno_ukea,ukea,fno2d_history,FNO2D-History (adapted),52,60,0.50+,44298,52.35628058040722,63.14214653072502,71.52171556189602,79.41411709651686
larno_ukea,ukea,fno2d_history,FNO2D-History (adapted),77,5,0.00-0.10,870695,0.12285574166493898,0.3658710918204628,0.07725666336118858,0.3763963210709829
larno_ukea,ukea,fno2d_history,FNO2D-History (adapted),77,5,0.10-0.30,41429,1.9311953095464789,3.5496883499029104,2.3514664405443195,3.8575559656027414
larno_ukea,ukea,fno2d_history,FNO2D-History (adapted),77,5,0.30-0.50,11440,4.432921742929237,7.340812300106051,5.389570514769196,7.850880605646717
larno_ukea,ukea,fno2d_history,FNO2D-History (adapted),77,5,0.50+,12436,9.720245104111749,12.401299707115765,10.86350979409865,13.455957836388228
larno_ukea,ukea,fno2d_history,FNO2D-History (adapted),77,15,0.00-0.10,858790,0.32731615260707503,0.7770892753771139,0.17199536230539633,0.6995547435309106
larno_ukea,ukea,fno2d_history,FNO2D-History (adapted),77,15,0.10-0.30,45324,3.942419838956886,6.0670529284834345,5.551429416960648,7.52614404114484
larno_ukea,ukea,fno2d_history,FNO2D-History (adapted),77,15,0.30-0.50,14100,9.830849486145567,15.24314267717167,13.154482909762265,17.345726286586768
larno_ukea,ukea,fno2d_history,FNO2D-History (adapted),77,15,0.50+,17786,25.465471797587032,32.156367762101326,30.235548896856844,36.21862047951262
larno_ukea,ukea,fno2d_history,FNO2D-History (adapted),77,30,0.00-0.10,842081,0.4831078252149434,1.1852425530888389,0.2513914377901772,0.9174298511174458
larno_ukea,ukea,fno2d_history,FNO2D-History (adapted),77,30,0.10-0.30,49072,6.1385999502778725,8.285130148042953,8.711201535935025,10.79257884431867
larno_ukea,ukea,fno2d_history,FNO2D-History (adapted),77,30,0.30-0.50,17899,13.824287233832056,19.040930908020925,19.382019927914072,22.741585499570398
larno_ukea,ukea,fno2d_history,FNO2D-History (adapted),77,30,0.50+,26948,41.04821187331642,49.65378767382823,50.71377732093033,57.86708993304317
larno_ukea,ukea,fno2d_history,FNO2D-History (adapted),77,60,0.00-0.10,818554,0.7292426230995017,1.8471892034572537,0.291937604238047,0.9951907148157071
larno_ukea,ukea,fno2d_history,FNO2D-History (adapted),77,60,0.10-0.30,49362,7.276366880785187,9.497169346376001,11.322287135496346,13.7529954329003
larno_ukea,ukea,fno2d_history,FNO2D-History (adapted),77,60,0.30-0.50,23786,16.726605029397522,21.502974128257762,26.518831346871565,28.79677465500664
larno_ukea,ukea,fno2d_history,FNO2D-History (adapted),77,60,0.50+,44298,55.052601512242475,65.29030903673971,71.52171556189602,79.41411709651686
larno_ukea,ukea,simvp_lite,SimVP Lite (adapted),2026,5,0.00-0.10,870695,0.12960619138067406,0.3960616844811366,0.07725666336118858,0.3763963210709829
larno_ukea,ukea,simvp_lite,SimVP Lite (adapted),2026,5,0.10-0.30,41429,1.7030875534326348,3.3535947085717015,2.3514664405443195,3.8575559656027414
larno_ukea,ukea,simvp_lite,SimVP Lite (adapted),2026,5,0.30-0.50,11440,4.097736208224213,7.030048952110941,5.389570514769196,7.850880605646717
larno_ukea,ukea,simvp_lite,SimVP Lite (adapted),2026,5,0.50+,12436,9.215812448348675,11.831133142382994,10.86350979409865,13.455957836388228
larno_ukea,ukea,simvp_lite,SimVP Lite (adapted),2026,15,0.00-0.10,858790,0.3665726290033665,0.9487432221052633,0.17199536230539633,0.6995547435309106
larno_ukea,ukea,simvp_lite,SimVP Lite (adapted),2026,15,0.10-0.30,45324,3.6688271011835334,5.817235710068118,5.551429416960648,7.52614404114484
larno_ukea,ukea,simvp_lite,SimVP Lite (adapted),2026,15,0.30-0.50,14100,9.518531281051906,14.965670018570465,13.154482909762265,17.345726286586768
larno_ukea,ukea,simvp_lite,SimVP Lite (adapted),2026,15,0.50+,17786,24.837120187157897,31.52847664998929,30.235548896856844,36.21862047951262
larno_ukea,ukea,simvp_lite,SimVP Lite (adapted),2026,30,0.00-0.10,842081,0.6515983761937346,1.6223350761590465,0.2513914377901772,0.9174298511174458
larno_ukea,ukea,simvp_lite,SimVP Lite (adapted),2026,30,0.10-0.30,49072,5.419546609325684,7.6284333752388465,8.711201535935025,10.79257884431867
larno_ukea,ukea,simvp_lite,SimVP Lite (adapted),2026,30,0.30-0.50,17899,13.011662036561788,18.540084039593996,19.382019927914072,22.741585499570398
larno_ukea,ukea,simvp_lite,SimVP Lite (adapted),2026,30,0.50+,26948,40.33234157923405,49.055337973482544,50.71377732093033,57.86708993304317
larno_ukea,ukea,simvp_lite,SimVP Lite (adapted),2026,60,0.00-0.10,818554,1.0065343329198808,2.4757614119412334,0.291937604238047,0.9951907148157071
larno_ukea,ukea,simvp_lite,SimVP Lite (adapted),2026,60,0.10-0.30,49362,6.702430382191937,8.862877802053383,11.322287135496346,13.7529954329003
larno_ukea,ukea,simvp_lite,SimVP Lite (adapted),2026,60,0.30-0.50,23786,14.813333469865341,20.19271002224799,26.518831346871565,28.79677465500664
larno_ukea,ukea,simvp_lite,SimVP Lite (adapted),2026,60,0.50+,44298,55.08696184445625,65.38461907251806,71.52171556189602,79.41411709651686
larno_ukea,ukea,simvp_lite,SimVP Lite (adapted),42,5,0.00-0.10,870695,0.13164447240665003,0.41520931309412484,0.07725666336118858,0.3763963210709829
larno_ukea,ukea,simvp_lite,SimVP Lite (adapted),42,5,0.10-0.30,41429,1.7528877661713689,3.413236411977731,2.3514664405443195,3.8575559656027414
larno_ukea,ukea,simvp_lite,SimVP Lite (adapted),42,5,0.30-0.50,11440,4.17403017203291,7.146171271919577,5.389570514769196,7.850880605646717
larno_ukea,ukea,simvp_lite,SimVP Lite (adapted),42,5,0.50+,12436,9.370570600838017,12.004012672074218,10.86350979409865,13.455957836388228
larno_ukea,ukea,simvp_lite,SimVP Lite (adapted),42,15,0.00-0.10,858790,0.3051732589393824,0.8678328086042402,0.17199536230539633,0.6995547435309106
larno_ukea,ukea,simvp_lite,SimVP Lite (adapted),42,15,0.10-0.30,45324,3.8819851248558206,6.116566231743926,5.551429416960648,7.52614404114484
larno_ukea,ukea,simvp_lite,SimVP Lite (adapted),42,15,0.30-0.50,14100,9.762250444462113,15.444743171771291,13.154482909762265,17.345726286586768
larno_ukea,ukea,simvp_lite,SimVP Lite (adapted),42,15,0.50+,17786,25.81407093370402,32.651463987788745,30.235548896856844,36.21862047951262
larno_ukea,ukea,simvp_lite,SimVP Lite (adapted),42,30,0.00-0.10,842081,0.5222566553923886,1.4587746893927298,0.2513914377901772,0.9174298511174458
larno_ukea,ukea,simvp_lite,SimVP Lite (adapted),42,30,0.10-0.30,49072,5.808030564066498,8.124359239635593,8.711201535935025,10.79257884431867
larno_ukea,ukea,simvp_lite,SimVP Lite (adapted),42,30,0.30-0.50,17899,13.471372797689767,19.295549776985997,19.382019927914072,22.741585499570398
larno_ukea,ukea,simvp_lite,SimVP Lite (adapted),42,30,0.50+,26948,41.98405063389423,50.83594848910998,50.71377732093033,57.86708993304317
larno_ukea,ukea,simvp_lite,SimVP Lite (adapted),42,60,0.00-0.10,818554,0.7022252728464631,1.9847697978335572,0.291937604238047,0.9951907148157071
larno_ukea,ukea,simvp_lite,SimVP Lite (adapted),42,60,0.10-0.30,49362,7.249608154871899,9.505515060131101,11.322287135496346,13.7529954329003
larno_ukea,ukea,simvp_lite,SimVP Lite (adapted),42,60,0.30-0.50,23786,15.865236781753664,21.197651953834622,26.518831346871565,28.79677465500664
larno_ukea,ukea,simvp_lite,SimVP Lite (adapted),42,60,0.50+,44298,58.29580502851246,68.99719047557775,71.52171556189602,79.41411709651686
larno_ukea,ukea,simvp_lite,SimVP Lite (adapted),44,5,0.00-0.10,870695,0.11247394975346596,0.3796323195474999,0.07725666336118858,0.3763963210709829
larno_ukea,ukea,simvp_lite,SimVP Lite (adapted),44,5,0.10-0.30,41429,1.7241305657717192,3.342686061891384,2.3514664405443195,3.8575559656027414
larno_ukea,ukea,simvp_lite,SimVP Lite (adapted),44,5,0.30-0.50,11440,4.052041164514693,6.941044372399046,5.389570514769196,7.850880605646717
larno_ukea,ukea,simvp_lite,SimVP Lite (adapted),44,5,0.50+,12436,9.13388481373839,11.722522190988482,10.86350979409865,13.455957836388228
larno_ukea,ukea,simvp_lite,SimVP Lite (adapted),44,15,0.00-0.10,858790,0.29852639533923925,0.8783553248317175,0.17199536230539633,0.6995547435309106
larno_ukea,ukea,simvp_lite,SimVP Lite (adapted),44,15,0.10-0.30,45324,3.738123047220724,5.863200336188696,5.551429416960648,7.52614404114484
larno_ukea,ukea,simvp_lite,SimVP Lite (adapted),44,15,0.30-0.50,14100,9.378970794009824,14.727745753585447,13.154482909762265,17.345726286586768
larno_ukea,ukea,simvp_lite,SimVP Lite (adapted),44,15,0.50+,17786,24.09697946407765,30.629667581316017,30.235548896856844,36.21862047951262
larno_ukea,ukea,simvp_lite,SimVP Lite (adapted),44,30,0.00-0.10,842081,0.5157984728900806,1.488775184356651,0.2513914377901772,0.9174298511174458
larno_ukea,ukea,simvp_lite,SimVP Lite (adapted),44,30,0.10-0.30,49072,5.676754519029393,7.978569119054427,8.711201535935025,10.79257884431867
larno_ukea,ukea,simvp_lite,SimVP Lite (adapted),44,30,0.30-0.50,17899,13.16779260845436,18.664511633891536,19.382019927914072,22.741585499570398
larno_ukea,ukea,simvp_lite,SimVP Lite (adapted),44,30,0.50+,26948,38.450407291115155,46.79729394199827,50.71377732093033,57.86708993304317
larno_ukea,ukea,simvp_lite,SimVP Lite (adapted),44,60,0.00-0.10,818554,0.7170981885394709,2.0947834985725238,0.291937604238047,0.9951907148157071
larno_ukea,ukea,simvp_lite,SimVP Lite (adapted),44,60,0.10-0.30,49362,7.125886552120937,9.491021381120989,11.322287135496346,13.7529954329003
larno_ukea,ukea,simvp_lite,SimVP Lite (adapted),44,60,0.30-0.50,23786,15.226765044386228,20.879689003951825,26.518831346871565,28.79677465500664
larno_ukea,ukea,simvp_lite,SimVP Lite (adapted),44,60,0.50+,44298,53.322452875573646,63.2508766601656,71.52171556189602,79.41411709651686
larno_ukea,ukea,simvp_lite,SimVP Lite (adapted),52,5,0.00-0.10,870695,0.12833573356865255,0.41153689342896016,0.07725666336118858,0.3763963210709829
larno_ukea,ukea,simvp_lite,SimVP Lite (adapted),52,5,0.10-0.30,41429,1.8590812320447843,3.563119936053336,2.3514664405443195,3.8575559656027414
larno_ukea,ukea,simvp_lite,SimVP Lite (adapted),52,5,0.30-0.50,11440,4.502066903702029,7.458656988310189,5.389570514769196,7.850880605646717
larno_ukea,ukea,simvp_lite,SimVP Lite (adapted),52,5,0.50+,12436,9.98046404249839,12.678485858383869,10.86350979409865,13.455957836388228
larno_ukea,ukea,simvp_lite,SimVP Lite (adapted),52,15,0.00-0.10,858790,0.3626868554097088,1.0108078595228802,0.17199536230539633,0.6995547435309106
larno_ukea,ukea,simvp_lite,SimVP Lite (adapted),52,15,0.10-0.30,45324,4.182655063310909,6.429889785716907,5.551429416960648,7.52614404114484
larno_ukea,ukea,simvp_lite,SimVP Lite (adapted),52,15,0.30-0.50,14100,10.769310221393058,16.07568137396129,13.154482909762265,17.345726286586768
larno_ukea,ukea,simvp_lite,SimVP Lite (adapted),52,15,0.50+,17786,27.179077352599997,33.84755603031083,30.235548896856844,36.21862047951262
larno_ukea,ukea,simvp_lite,SimVP Lite (adapted),52,30,0.00-0.10,842081,0.5846338661821605,1.5512561128945037,0.2513914377901772,0.9174298511174458
larno_ukea,ukea,simvp_lite,SimVP Lite (adapted),52,30,0.10-0.30,49072,6.15121213221096,8.539831103097379,8.711201535935025,10.79257884431867
larno_ukea,ukea,simvp_lite,SimVP Lite (adapted),52,30,0.30-0.50,17899,14.735613812367419,20.20260903403832,19.382019927914072,22.741585499570398
larno_ukea,ukea,simvp_lite,SimVP Lite (adapted),52,30,0.50+,26948,44.940581324768644,53.71613507396085,50.71377732093033,57.86708993304317
larno_ukea,ukea,simvp_lite,SimVP Lite (adapted),52,60,0.00-0.10,818554,0.6485239370872573,1.603190032093133,0.291937604238047,0.9951907148157071
larno_ukea,ukea,simvp_lite,SimVP Lite (adapted),52,60,0.10-0.30,49362,7.713519236067841,10.21724585940495,11.322287135496346,13.7529954329003
larno_ukea,ukea,simvp_lite,SimVP Lite (adapted),52,60,0.30-0.50,23786,18.5420056246362,23.303420450278598,26.518831346871565,28.79677465500664
larno_ukea,ukea,simvp_lite,SimVP Lite (adapted),52,60,0.50+,44298,64.13597570946429,74.45553964293329,71.52171556189602,79.41411709651686
larno_ukea,ukea,simvp_lite,SimVP Lite (adapted),77,5,0.00-0.10,870695,0.1268092008538558,0.40778136323756237,0.07725666336118858,0.3763963210709829
larno_ukea,ukea,simvp_lite,SimVP Lite (adapted),77,5,0.10-0.30,41429,1.7438198225880008,3.3816534772775597,2.3514664405443195,3.8575559656027414
larno_ukea,ukea,simvp_lite,SimVP Lite (adapted),77,5,0.30-0.50,11440,4.153392948340494,7.052715287646421,5.389570514769196,7.850880605646717
larno_ukea,ukea,simvp_lite,SimVP Lite (adapted),77,5,0.50+,12436,9.295183151298952,11.886509171458053,10.86350979409865,13.455957836388228
larno_ukea,ukea,simvp_lite,SimVP Lite (adapted),77,15,0.00-0.10,858790,0.3021579304175155,0.8124557181270349,0.17199536230539633,0.6995547435309106
larno_ukea,ukea,simvp_lite,SimVP Lite (adapted),77,15,0.10-0.30,45324,3.8763333935323123,6.099170088610445,5.551429416960648,7.52614404114484
larno_ukea,ukea,simvp_lite,SimVP Lite (adapted),77,15,0.30-0.50,14100,9.74262651145881,15.356483844175767,13.154482909762265,17.345726286586768
larno_ukea,ukea,simvp_lite,SimVP Lite (adapted),77,15,0.50+,17786,25.77828823193031,32.56962294142026,30.235548896856844,36.21862047951262
larno_ukea,ukea,simvp_lite,SimVP Lite (adapted),77,30,0.00-0.10,842081,0.530559603011914,1.3622884288384918,0.2513914377901772,0.9174298511174458
larno_ukea,ukea,simvp_lite,SimVP Lite (adapted),77,30,0.10-0.30,49072,5.823096968941111,8.157084354517327,8.711201535935025,10.79257884431867
larno_ukea,ukea,simvp_lite,SimVP Lite (adapted),77,30,0.30-0.50,17899,13.439503339250845,19.22998834691663,19.382019927914072,22.741585499570398
larno_ukea,ukea,simvp_lite,SimVP Lite (adapted),77,30,0.50+,26948,42.010058004547865,50.604547172664105,50.71377732093033,57.86708993304317
larno_ukea,ukea,simvp_lite,SimVP Lite (adapted),77,60,0.00-0.10,818554,0.7089177718646165,1.874476072028679,0.291937604238047,0.9951907148157071
larno_ukea,ukea,simvp_lite,SimVP Lite (adapted),77,60,0.10-0.30,49362,7.314230552329056,9.714236130428805,11.322287135496346,13.7529954329003
larno_ukea,ukea,simvp_lite,SimVP Lite (adapted),77,60,0.30-0.50,23786,16.3301432501961,21.716762483650612,26.518831346871565,28.79677465500664
larno_ukea,ukea,simvp_lite,SimVP Lite (adapted),77,60,0.50+,44298,58.394661310149765,68.6844306332473,71.52171556189602,79.41411709651686
larno_ukea,ukea,urnn_lite,U-RNN Lite (adapted),2026,5,0.00-0.10,870695,0.12159114898619708,0.3781489981598862,0.07725666336118858,0.3763963210709829
larno_ukea,ukea,urnn_lite,U-RNN Lite (adapted),2026,5,0.10-0.30,41429,1.7046992810509,3.387897573334294,2.3514664405443195,3.8575559656027414
larno_ukea,ukea,urnn_lite,U-RNN Lite (adapted),2026,5,0.30-0.50,11440,4.090347143241784,7.053163946941616,5.389570514769196,7.850880605646717
larno_ukea,ukea,urnn_lite,U-RNN Lite (adapted),2026,5,0.50+,12436,9.18795428966433,11.834565349618362,10.86350979409865,13.455957836388228
larno_ukea,ukea,urnn_lite,U-RNN Lite (adapted),2026,15,0.00-0.10,858790,0.30932570270504667,0.829984420472582,0.17199536230539633,0.6995547435309106
larno_ukea,ukea,urnn_lite,U-RNN Lite (adapted),2026,15,0.10-0.30,45324,3.700248783107611,6.019562816483786,5.551429416960648,7.52614404114484
larno_ukea,ukea,urnn_lite,U-RNN Lite (adapted),2026,15,0.30-0.50,14100,9.614131709679643,15.333203160417197,13.154482909762265,17.345726286586768
larno_ukea,ukea,urnn_lite,U-RNN Lite (adapted),2026,15,0.50+,17786,25.08680702569473,31.771717389524824,30.235548896856844,36.21862047951262
larno_ukea,ukea,urnn_lite,U-RNN Lite (adapted),2026,30,0.00-0.10,842081,0.5193502011182585,1.3945245454853445,0.2513914377901772,0.9174298511174458
larno_ukea,ukea,urnn_lite,U-RNN Lite (adapted),2026,30,0.10-0.30,49072,5.415772275153801,7.887971033056986,8.711201535935025,10.79257884431867
larno_ukea,ukea,urnn_lite,U-RNN Lite (adapted),2026,30,0.30-0.50,17899,13.243952740689977,19.319536580406968,19.382019927914072,22.741585499570398
larno_ukea,ukea,urnn_lite,U-RNN Lite (adapted),2026,30,0.50+,26948,41.361345493184785,50.019853285790894,50.71377732093033,57.86708993304317
larno_ukea,ukea,urnn_lite,U-RNN Lite (adapted),2026,60,0.00-0.10,818554,0.7339570590857204,2.0677581732781065,0.291937604238047,0.9951907148157071
larno_ukea,ukea,urnn_lite,U-RNN Lite (adapted),2026,60,0.10-0.30,49362,6.667294937412841,9.031254553727994,11.322287135496346,13.7529954329003
larno_ukea,ukea,urnn_lite,U-RNN Lite (adapted),2026,60,0.30-0.50,23786,15.282840284669327,20.937405842634178,26.518831346871565,28.79677465500664
larno_ukea,ukea,urnn_lite,U-RNN Lite (adapted),2026,60,0.50+,44298,56.520403094636464,67.39528749267751,71.52171556189602,79.41411709651686
larno_ukea,ukea,urnn_lite,U-RNN Lite (adapted),42,5,0.00-0.10,870695,0.13363322986180276,0.4139002573005544,0.07725666336118858,0.3763963210709829
larno_ukea,ukea,urnn_lite,U-RNN Lite (adapted),42,5,0.10-0.30,41429,1.7278614616838752,3.3649652898701934,2.3514664405443195,3.8575559656027414
larno_ukea,ukea,urnn_lite,U-RNN Lite (adapted),42,5,0.30-0.50,11440,4.1455496510269345,7.035305175850083,5.389570514769196,7.850880605646717
larno_ukea,ukea,urnn_lite,U-RNN Lite (adapted),42,5,0.50+,12436,9.411798324585728,12.032602928575487,10.86350979409865,13.455957836388228
larno_ukea,ukea,urnn_lite,U-RNN Lite (adapted),42,15,0.00-0.10,858790,0.38566294221230657,1.0158815885048962,0.17199536230539633,0.6995547435309106
larno_ukea,ukea,urnn_lite,U-RNN Lite (adapted),42,15,0.10-0.30,45324,3.7299422776702484,5.881405562006004,5.551429416960648,7.52614404114484
larno_ukea,ukea,urnn_lite,U-RNN Lite (adapted),42,15,0.30-0.50,14100,9.528222622283806,14.916471744921884,13.154482909762265,17.345726286586768
larno_ukea,ukea,urnn_lite,U-RNN Lite (adapted),42,15,0.50+,17786,25.05879967392704,31.791391605984344,30.235548896856844,36.21862047951262
larno_ukea,ukea,urnn_lite,U-RNN Lite (adapted),42,30,0.00-0.10,842081,0.6400586677089996,1.68075537249675,0.2513914377901772,0.9174298511174458
larno_ukea,ukea,urnn_lite,U-RNN Lite (adapted),42,30,0.10-0.30,49072,5.572517934465738,7.884552639055048,8.711201535935025,10.79257884431867
larno_ukea,ukea,urnn_lite,U-RNN Lite (adapted),42,30,0.30-0.50,17899,13.034571505114382,18.732937080803588,19.382019927914072,22.741585499570398
larno_ukea,ukea,urnn_lite,U-RNN Lite (adapted),42,30,0.50+,26948,40.698402819894305,49.72750027154478,50.71377732093033,57.86708993304317
larno_ukea,ukea,urnn_lite,U-RNN Lite (adapted),42,60,0.00-0.10,818554,0.8764537101604537,2.38698366641037,0.291937604238047,0.9951907148157071
larno_ukea,ukea,urnn_lite,U-RNN Lite (adapted),42,60,0.10-0.30,49362,6.922436687201931,9.299103977145078,11.322287135496346,13.7529954329003
larno_ukea,ukea,urnn_lite,U-RNN Lite (adapted),42,60,0.30-0.50,23786,15.138060464561711,20.774069400453605,26.518831346871565,28.79677465500664
larno_ukea,ukea,urnn_lite,U-RNN Lite (adapted),42,60,0.50+,44298,56.26135744943947,67.07741457840271,71.52171556189602,79.41411709651686
larno_ukea,ukea,urnn_lite,U-RNN Lite (adapted),44,5,0.00-0.10,870695,0.14644135360649754,0.4472902102740879,0.07725666336118858,0.3763963210709829
larno_ukea,ukea,urnn_lite,U-RNN Lite (adapted),44,5,0.10-0.30,41429,1.7828247789300273,3.403462274191049,2.3514664405443195,3.8575559656027414
larno_ukea,ukea,urnn_lite,U-RNN Lite (adapted),44,5,0.30-0.50,11440,4.21235105153043,7.095185044640686,5.389570514769196,7.850880605646717
larno_ukea,ukea,urnn_lite,U-RNN Lite (adapted),44,5,0.50+,12436,9.41634813533906,12.023983384194974,10.86350979409865,13.455957836388228
larno_ukea,ukea,urnn_lite,U-RNN Lite (adapted),44,15,0.00-0.10,858790,0.37677865441492886,1.0639568075466184,0.17199536230539633,0.6995547435309106
larno_ukea,ukea,urnn_lite,U-RNN Lite (adapted),44,15,0.10-0.30,45324,3.9341788016658796,6.077053142323003,5.551429416960648,7.52614404114484
larno_ukea,ukea,urnn_lite,U-RNN Lite (adapted),44,15,0.30-0.50,14100,9.909772791443986,15.27217861229052,13.154482909762265,17.345726286586768
larno_ukea,ukea,urnn_lite,U-RNN Lite (adapted),44,15,0.50+,17786,25.39627508617528,32.1777301440636,30.235548896856844,36.21862047951262
larno_ukea,ukea,urnn_lite,U-RNN Lite (adapted),44,30,0.00-0.10,842081,0.5913856231949556,1.6605761992438732,0.2513914377901772,0.9174298511174458
larno_ukea,ukea,urnn_lite,U-RNN Lite (adapted),44,30,0.10-0.30,49072,5.8483503949833,8.146886142401204,8.711201535935025,10.79257884431867
larno_ukea,ukea,urnn_lite,U-RNN Lite (adapted),44,30,0.30-0.50,17899,13.627666097855101,19.257691244750937,19.382019927914072,22.741585499570398
larno_ukea,ukea,urnn_lite,U-RNN Lite (adapted),44,30,0.50+,26948,41.79743571784494,50.79222066002167,50.71377732093033,57.86708993304317
larno_ukea,ukea,urnn_lite,U-RNN Lite (adapted),44,60,0.00-0.10,818554,0.8504491218333302,2.463023347805054,0.291937604238047,0.9951907148157071
larno_ukea,ukea,urnn_lite,U-RNN Lite (adapted),44,60,0.10-0.30,49362,7.515728658101501,9.920894361582345,11.322287135496346,13.7529954329003
larno_ukea,ukea,urnn_lite,U-RNN Lite (adapted),44,60,0.30-0.50,23786,16.0972134563732,21.375148882262675,26.518831346871565,28.79677465500664
larno_ukea,ukea,urnn_lite,U-RNN Lite (adapted),44,60,0.50+,44298,57.692162685550045,68.5092820935195,71.52171556189602,79.41411709651686
larno_ukea,ukea,urnn_lite,U-RNN Lite (adapted),52,5,0.00-0.10,870695,0.16646942682663535,0.4544821316690855,0.07725666336118858,0.3763963210709829
larno_ukea,ukea,urnn_lite,U-RNN Lite (adapted),52,5,0.10-0.30,41429,1.7771733425196674,3.4321559586485493,2.3514664405443195,3.8575559656027414
larno_ukea,ukea,urnn_lite,U-RNN Lite (adapted),52,5,0.30-0.50,11440,4.231312243411174,7.159495427917577,5.389570514769196,7.850880605646717
larno_ukea,ukea,urnn_lite,U-RNN Lite (adapted),52,5,0.50+,12436,9.459224800303957,12.09274499974115,10.86350979409865,13.455957836388228
larno_ukea,ukea,urnn_lite,U-RNN Lite (adapted),52,15,0.00-0.10,858790,0.3785653929346892,1.0752187970153677,0.17199536230539633,0.6995547435309106
larno_ukea,ukea,urnn_lite,U-RNN Lite (adapted),52,15,0.10-0.30,45324,3.9039871148359384,6.126606611487199,5.551429416960648,7.52614404114484
larno_ukea,ukea,urnn_lite,U-RNN Lite (adapted),52,15,0.30-0.50,14100,9.963814868783274,15.440015480345574,13.154482909762265,17.345726286586768
larno_ukea,ukea,urnn_lite,U-RNN Lite (adapted),52,15,0.50+,17786,25.63620293574728,32.50918959579036,30.235548896856844,36.21862047951262
larno_ukea,ukea,urnn_lite,U-RNN Lite (adapted),52,30,0.00-0.10,842081,0.5922541373662094,1.6616485159816574,0.2513914377901772,0.9174298511174458
larno_ukea,ukea,urnn_lite,U-RNN Lite (adapted),52,30,0.10-0.30,49072,5.805403201600623,8.217103737862441,8.711201535935025,10.79257884431867
larno_ukea,ukea,urnn_lite,U-RNN Lite (adapted),52,30,0.30-0.50,17899,13.60376739191925,19.534173003461827,19.382019927914072,22.741585499570398
larno_ukea,ukea,urnn_lite,U-RNN Lite (adapted),52,30,0.50+,26948,42.347889475737865,51.583486912018074,50.71377732093033,57.86708993304317
larno_ukea,ukea,urnn_lite,U-RNN Lite (adapted),52,60,0.00-0.10,818554,0.8003547817361601,2.3812509272937152,0.291937604238047,0.9951907148157071
larno_ukea,ukea,urnn_lite,U-RNN Lite (adapted),52,60,0.10-0.30,49362,7.473091277188996,9.879416134984902,11.322287135496346,13.7529954329003
larno_ukea,ukea,urnn_lite,U-RNN Lite (adapted),52,60,0.30-0.50,23786,15.688703746483121,21.431047103540365,26.518831346871565,28.79677465500664
larno_ukea,ukea,urnn_lite,U-RNN Lite (adapted),52,60,0.50+,44298,58.3698274732804,69.68063990457848,71.52171556189602,79.41411709651686
larno_ukea,ukea,urnn_lite,U-RNN Lite (adapted),77,5,0.00-0.10,870695,0.15215675293331524,0.46041135535913125,0.07725666336118858,0.3763963210709829
larno_ukea,ukea,urnn_lite,U-RNN Lite (adapted),77,5,0.10-0.30,41429,1.7404618388632491,3.421243086837937,2.3514664405443195,3.8575559656027414
larno_ukea,ukea,urnn_lite,U-RNN Lite (adapted),77,5,0.30-0.50,11440,4.189978129119723,7.159388857723807,5.389570514769196,7.850880605646717
larno_ukea,ukea,urnn_lite,U-RNN Lite (adapted),77,5,0.50+,12436,9.637869802720296,12.316456299658828,10.86350979409865,13.455957836388228
larno_ukea,ukea,urnn_lite,U-RNN Lite (adapted),77,15,0.00-0.10,858790,0.42885206134562887,1.144241352728325,0.17199536230539633,0.6995547435309106
larno_ukea,ukea,urnn_lite,U-RNN Lite (adapted),77,15,0.10-0.30,45324,3.780340181727578,6.0317426731604975,5.551429416960648,7.52614404114484
larno_ukea,ukea,urnn_lite,U-RNN Lite (adapted),77,15,0.30-0.50,14100,9.686015289620304,15.355089519111859,13.154482909762265,17.345726286586768
larno_ukea,ukea,urnn_lite,U-RNN Lite (adapted),77,15,0.50+,17786,26.026974769406973,32.72102358950963,30.235548896856844,36.21862047951262
larno_ukea,ukea,urnn_lite,U-RNN Lite (adapted),77,30,0.00-0.10,842081,0.777570414768396,2.0414874157278025,0.2513914377901772,0.9174298511174458
larno_ukea,ukea,urnn_lite,U-RNN Lite (adapted),77,30,0.10-0.30,49072,5.688081594517459,8.031333787371155,8.711201535935025,10.79257884431867
larno_ukea,ukea,urnn_lite,U-RNN Lite (adapted),77,30,0.30-0.50,17899,13.142139749794316,19.13693257995185,19.382019927914072,22.741585499570398
larno_ukea,ukea,urnn_lite,U-RNN Lite (adapted),77,30,0.50+,26948,42.676314511178106,51.091886910343206,50.71377732093033,57.86708993304317
larno_ukea,ukea,urnn_lite,U-RNN Lite (adapted),77,60,0.00-0.10,818554,1.1855933430701933,3.180259858017933,0.291937604238047,0.9951907148157071
larno_ukea,ukea,urnn_lite,U-RNN Lite (adapted),77,60,0.10-0.30,49362,7.3691731704250545,9.744060046611173,11.322287135496346,13.7529954329003
larno_ukea,ukea,urnn_lite,U-RNN Lite (adapted),77,60,0.30-0.50,23786,15.030216576573347,20.924741836477015,26.518831346871565,28.79677465500664
larno_ukea,ukea,urnn_lite,U-RNN Lite (adapted),77,60,0.50+,44298,58.54408768163728,68.76952067346056,71.52171556189602,79.41411709651686
