dataset,location,model_type,model_label,seed,split_seed,rain_forcing,prediction_mode,lead_steps,lead_minutes,mae_cm,rmse_cm,wet_mae_cm,wet_rmse_cm,dry_prediction_mean_cm,peak_depth_mae_cm,csi,pod,far,f1,dry_false_positive_rate,boundary_f1,persistence_mae_cm,persistence_rmse_cm,persistence_wet_mae_cm,persistence_wet_rmse_cm,persistence_dry_prediction_mean_cm,persistence_csi,persistence_pod,persistence_far,persistence_f1,persistence_dry_false_positive_rate,persistence_boundary_f1,depth_bin_0p00_0p10_mae_cm,depth_bin_0p00_0p10_rmse_cm,depth_bin_0p10_0p30_mae_cm,depth_bin_0p10_0p30_rmse_cm,depth_bin_0p30_0p50_mae_cm,depth_bin_0p30_0p50_rmse_cm,depth_bin_0p50plus_mae_cm,depth_bin_0p50plus_rmse_cm,mae_reduction_pct,rmse_reduction_pct,csi_gain
larno_ukea,ukea,cnn_temporal_transformer,CNN-Temporal Transformer,2026,44,past_only,residual,1,5,0.3672889601514982,1.576715832013852,3.323108030965295,5.785248638560842,0.73802556952128,2.2137201462800684,0.9226844702818906,0.9332669780261849,0.012140171161825726,0.9597877182069433,0.0008602323431281907,0.9846745934091347,0.3861551155544349,1.987317070723082,4.5046198247252285,7.397111599534366,0.7156934854143532,0.9001021543903518,0.9039889748105046,0.0047541177065596706,0.9474250132400379,0.0003238791999494657,0.9816683425827687,0.14559276984433558,0.4027410277614221,1.7122535001339163,3.1103622686815697,3.7384740261921094,6.03419224506679,8.307371891725865,10.489597302535188,4.885641713136178,20.661083465651185,0.022582315891538807
larno_ukea,ukea,cnn_temporal_transformer,CNN-Temporal Transformer,2026,44,past_only,residual,3,15,1.0769844946777298,4.514411423404621,9.166005622369262,15.420812935010861,0.7497932728335911,6.316852980317214,0.8051231354489939,0.8332987954928118,0.04030369475395654,0.892042342860708,0.003146287218062623,0.9393442693806817,1.1993253908073924,5.714106516157772,12.62609336357296,19.75798281433308,0.6631391367191237,0.7540115883191798,0.760134697578034,0.010570325539052886,0.8597566781662235,0.0007300969969375517,0.927899962697961,0.3497364814625512,0.9124156125838093,4.065347567794748,6.01514265051124,9.203972554270258,13.91410966745311,22.133895644056615,28.04687046615657,10.20080931058268,20.995322529616395,0.05111154712981414
larno_ukea,ukea,cnn_temporal_transformer,CNN-Temporal Transformer,2026,44,past_only,residual,6,30,2.1139016931627546,8.247801400924082,15.778238583486601,25.600062033165795,0.9177407093465546,11.541486120758911,0.6995364310108954,0.7567691308467935,0.09756345306568139,0.8232085152711984,0.009125012914434598,0.883476884850787,2.5135915395634165,10.637767864894853,22.79655583753626,33.469851226649226,0.6271981679793969,0.6141999367955335,0.6208115503785177,0.017044017735219245,0.7609961105745386,0.0012005970922037191,0.8559126301400194,0.5898905156129408,1.5872454653423649,6.402554327567701,8.47754646802162,13.155753331361813,18.084717021384645,34.593120627951265,43.99957308648902,15.901145437101675,22.466804073228325,0.08533649421536182
larno_ukea,ukea,cnn_temporal_transformer,CNN-Temporal Transformer,2026,44,past_only,residual,12,60,3.979546695804805,13.721363393577434,24.750073239885552,38.01738516331735,1.3088264320771512,18.94575732831772,0.6268235925892778,0.7155799260936941,0.16518992371265098,0.7706104035430363,0.020316313890103768,0.8252599724497081,4.911221484678842,18.176537121361612,37.105875176335736,51.24599647814645,0.6061180614528882,0.4862776423106029,0.49242204928222333,0.025018122966434582,0.6543563981149901,0.0018129530855630783,0.7600791081085376,0.9993947931861553,2.813375907353498,8.584611377814694,11.033107866015975,17.292290675831055,21.411017997976543,46.76800507663082,58.73786732304881,18.97032727561791,24.510574803317866,0.1405459502786749
larno_ukea,ukea,cnn_temporal_transformer,CNN-Temporal Transformer,42,44,past_only,residual,1,5,0.34972355129672095,1.5735049077015684,3.3359932062974726,5.7799957736230745,0.7413776320162593,2.484947920609743,0.924095255386105,0.9352882627670163,0.012784871504768062,0.9605504226459602,0.0009084696707802388,0.9848914832741765,0.3861551155544349,1.987317070723082,4.5046198247252285,7.397111599534366,0.7156934854143532,0.9001021543903518,0.9039889748105046,0.0047541177065596706,0.9474250132400379,0.0003238791999494657,0.9816683425827687,0.125743466628928,0.394820273370942,1.7015775838331941,3.089332676232184,3.8176711155036527,6.02939845622615,8.337746948799392,10.497626692137255,9.434437817923536,20.822654276851196,0.023993100995753247
larno_ukea,ukea,cnn_temporal_transformer,CNN-Temporal Transformer,42,44,past_only,residual,3,15,1.0160911982812444,4.599231166602969,9.197396848530731,15.776262250485477,0.7251533534143676,7.090629140535991,0.8108063721464936,0.8312524284419117,0.02944289862085652,0.8955196807545801,0.0022671433062797655,0.9419644682964257,1.1993253908073924,5.714106516157772,12.62609336357296,19.75798281433308,0.6631391367191237,0.7540115883191798,0.760134697578034,0.010570325539052886,0.8597566781662235,0.0007300969969375517,0.927899962697961,0.28054629294261324,0.823441963027168,3.936943273636932,5.922627492220023,9.094903304961557,14.003946796812489,22.68384443611714,28.90658938370045,15.278105002245786,19.510930473596716,0.056794783827313844
larno_ukea,ukea,cnn_temporal_transformer,CNN-Temporal Transformer,42,44,past_only,residual,6,30,2.0162426634223953,8.491663628978753,16.21964493348696,26.517350991372556,0.7754823920592785,12.988575576589659,0.7042889162611312,0.7427357616669683,0.0684658939159233,0.8264900505322773,0.006088487924558327,0.8863943181764122,2.5135915395634165,10.637767864894853,22.79655583753626,33.469851226649226,0.6271981679793969,0.6141999367955335,0.6208115503785177,0.017044017735219245,0.7609961105745386,0.0012005970922037191,0.8559126301400194,0.4321084319147456,1.3133079250887647,6.314648714022517,8.377207080151361,12.876850076627916,18.084180697437905,36.47683135268242,45.88758731903896,19.78638407684191,20.174384919587762,0.09008897946559768
larno_ukea,ukea,cnn_temporal_transformer,CNN-Temporal Transformer,42,44,past_only,residual,12,60,3.8240257785199887,14.187576642756945,26.07825728483152,39.661954472890564,0.9672823519912058,22.005955311350334,0.6331394390410475,0.6867411406093012,0.10974855957085146,0.775364826671281,0.012147030006572565,0.8337927535330029,4.911221484678842,18.176537121361612,37.105875176335736,51.24599647814645,0.6061180614528882,0.4862776423106029,0.49242204928222333,0.025018122966434582,0.6543563981149901,0.0018129530855630783,0.7600791081085376,0.6309921197873175,2.112836305664446,8.595135152861575,10.84753425174131,17.151719755170866,21.336461946880107,50.35313417224875,61.604142633019855,22.136971617967014,21.94565693108134,0.14686179673044464
larno_ukea,ukea,cnn_temporal_transformer,CNN-Temporal Transformer,44,44,past_only,residual,1,5,0.4149440931442129,1.6462965004241472,3.5388420929738804,6.052852224786672,0.7098287990596752,2.5780606250732374,0.9158857281274129,0.9263762345915321,0.01221324189729774,0.9560964045831687,0.0008590838353269514,0.9834355201850628,0.3861551155544349,1.987317070723082,4.5046198247252285,7.397111599534366,0.7156934854143532,0.9001021543903518,0.9039889748105046,0.0047541177065596706,0.9474250132400379,0.0003238791999494657,0.9816683425827687,0.18064142817097165,0.40703261666368795,1.869963998746819,3.2548719085356272,3.995899909625312,6.367623627674503,8.678051576991294,10.945273066621768,-7.455288413943003,17.159847078395753,0.015783573737061074
larno_ukea,ukea,cnn_temporal_transformer,CNN-Temporal Transformer,44,44,past_only,residual,3,15,1.1287098974354588,4.853627187743605,9.982110882155514,16.686666462236204,0.7535515905456566,7.858097285796435,0.7982375829709316,0.8130423520269395,0.022302864173688226,0.8877999109018011,0.0016674623598318563,0.9410872324850056,1.1993253908073924,5.714106516157772,12.62609336357296,19.75798281433308,0.6631391367191237,0.7540115883191798,0.760134697578034,0.010570325539052886,0.8597566781662235,0.0007300969969375517,0.927899962697961,0.33273988144757416,0.8012019265604058,4.46448909547323,6.404234927617582,10.00306563713449,14.79868107173592,24.026034631980334,30.505950980063943,5.88793449327333,15.058860488179391,0.04422599465175181
larno_ukea,ukea,cnn_temporal_transformer,CNN-Temporal Transformer,44,44,past_only,residual,6,30,2.255401687751411,8.995449289660511,17.682504880238906,28.12160450659078,0.8472968652765925,14.942806185438082,0.684417408526419,0.721174629201759,0.06930856326261405,0.8126458502054651,0.00598992258464447,0.880321495876667,2.5135915395634165,10.637767864894853,22.79655583753626,33.469851226649226,0.6271981679793969,0.6141999367955335,0.6208115503785177,0.017044017735219245,0.7609961105745386,0.0012005970922037191,0.8559126301400194,0.5347856131276715,1.3193915700588361,6.906823410253569,8.935628848245921,14.590939331207203,18.997335844900267,39.35833139267912,48.69361936522967,10.271750511097375,15.438563767254895,0.07021747173088544
larno_ukea,ukea,cnn_temporal_transformer,CNN-Temporal Transformer,44,44,past_only,residual,12,60,4.477913525667533,15.560435665838732,29.567780052789804,43.59234714642902,1.029846384127948,27.825388809045155,0.5933726568049165,0.6543943599611737,0.13580857714709785,0.7448008527958135,0.014755287983443976,0.8085263779506332,4.911221484678842,18.176537121361612,37.105875176335736,51.24599647814645,0.6061180614528882,0.4862776423106029,0.49242204928222333,0.025018122966434582,0.6543563981149901,0.0018129530855630783,0.7600791081085376,0.8780233972894399,2.0527593684765626,8.95451640043166,11.336146249632788,20.393704173743927,23.783190887553854,57.46354259887965,67.75890453494361,8.822814453859735,14.392738496093182,0.10709501449431358
larno_ukea,ukea,cnn_temporal_transformer,CNN-Temporal Transformer,52,44,past_only,residual,1,5,0.3872736711116747,1.596269011658876,3.385005275778836,5.8186181422081695,0.8007983260097749,2.2318837829889393,0.9175507362622395,0.9283975193323635,0.012573085128906696,0.9570028254384165,0.0008866480225566932,0.983553383819087,0.3861551155544349,1.987317070723082,4.5046198247252285,7.397111599534366,0.7156934854143532,0.9001021543903518,0.9039889748105046,0.0047541177065596706,0.9474250132400379,0.0003238791999494657,0.9816683425827687,0.1624339023720026,0.4470494429891762,1.7977779990708147,3.267648498765231,3.84782697106679,6.245283769482978,8.246902883743006,10.312060392887576,-0.28966482954235323,19.6771851268768,0.01744858187188769
larno_ukea,ukea,cnn_temporal_transformer,CNN-Temporal Transformer,52,44,past_only,residual,3,15,1.1248889769727652,4.704269816778111,9.55583764908633,16.062714995489884,0.8286183590643195,6.806559607577629,0.7909490886235072,0.8149203471052973,0.035856573705179286,0.883273671650172,0.002724763912015743,0.936384123610031,1.1993253908073924,5.714106516157772,12.62609336357296,19.75798281433308,0.6631391367191237,0.7540115883191798,0.760134697578034,0.010570325539052886,0.8597566781662235,0.0007300969969375517,0.927899962697961,0.3668997747534933,0.9608177132899061,4.3022304966729505,6.343936951845245,9.570931725256832,14.780371393709016,22.931619955505976,29.056772310795903,6.206523634467222,17.672696449114955,0.03693750030432741
larno_ukea,ukea,cnn_temporal_transformer,CNN-Temporal Transformer,52,44,past_only,residual,6,30,2.2442071293355523,8.704347572767118,16.689405034526697,27.036812097145933,1.0036867053517962,12.882837992257032,0.6677399344223555,0.722058369446012,0.10125240209396329,0.8007722554819512,0.009072761408938096,0.8722529716674016,2.5135915395634165,10.637767864894853,22.79655583753626,33.469851226649226,0.6271981679793969,0.6141999367955335,0.6208115503785177,0.017044017735219245,0.7609961105745386,0.0012005970922037191,0.8559126301400194,0.6331049407602883,1.639285688049345,6.8007553189860515,8.831876359655432,13.721207077376397,18.911354744604502,36.66801547226025,46.56234830680085,10.717111590638682,18.175056240023018,0.053539997626821934
larno_ukea,ukea,cnn_temporal_transformer,CNN-Temporal Transformer,52,44,past_only,residual,12,60,4.27558482459239,14.4352174547589,26.30090181999879,39.96959788429632,1.4777128860471915,21.844321088148995,0.570318258915472,0.678524598538903,0.2185186274798231,0.7263728300648531,0.027222394612939405,0.781214048039142,4.911221484678842,18.176537121361612,37.105875176335736,51.24599647814645,0.6061180614528882,0.4862776423106029,0.49242204928222333,0.025018122966434582,0.6543563981149901,0.0018129530855630783,0.7600791081085376,1.1153957841106399,3.0090317806067604,9.036615912195257,11.28113029235945,18.37715161526553,22.27434067999846,49.79347492376834,61.865721354332706,12.942537046423146,20.58323673878343,0.08404061660486917
larno_ukea,ukea,cnn_temporal_transformer,CNN-Temporal Transformer,77,44,past_only,residual,1,5,0.4141338775850694,1.6378819542637586,3.427932094641406,6.001741572552504,0.7518513200301383,2.4718558750091457,0.9210248203393925,0.9341551182910957,0.015031645569620253,0.9588890373385937,0.0010692607629537324,0.9839992518728369,0.3861551155544349,1.987317070723082,4.5046198247252285,7.397111599534366,0.7156934854143532,0.9001021543903518,0.9039889748105046,0.0047541177065596706,0.9474250132400379,0.0003238791999494657,0.9816683425827687,0.1880890598648987,0.42682416635533404,1.7415084111868633,3.1574323030906584,3.8643920583116422,6.276306228427371,8.644540714571505,10.941079145760849,-7.245472325405586,17.58325944093974,0.020922665949040686
larno_ukea,ukea,cnn_temporal_transformer,CNN-Temporal Transformer,77,44,past_only,residual,3,15,1.1942683623309491,4.71570317579787,9.301250804432307,16.05740482600434,0.8427959215761363,7.173564648016906,0.8147818678427343,0.8422613651081466,0.038500776225327125,0.8979391763609376,0.0030321731738841857,0.9451022952475088,1.1993253908073924,5.714106516157772,12.62609336357296,19.75798281433308,0.6631391367191237,0.7540115883191798,0.760134697578034,0.010570325539052886,0.8597566781662235,0.0007300969969375517,0.927899962697961,0.46540552699909177,1.0275651816417555,3.9198204750635206,5.764387031898757,9.009166750079352,13.89919491743164,23.246282481857673,29.68960003702467,0.4216560839288888,17.472606391510517,0.060770279523554516
larno_ukea,ukea,cnn_temporal_transformer,CNN-Temporal Transformer,77,44,past_only,residual,6,30,2.349878089423392,8.588151420112188,16.04331753423963,26.50357132878078,1.1313165764960034,13.487663406592148,0.7015226026101758,0.7898188864872923,0.13745348837209304,0.8245821730890012,0.014037841965321625,0.8772491129154574,2.5135915395634165,10.637767864894853,22.79655583753626,33.469851226649226,0.6271981679793969,0.6141999367955335,0.6208115503785177,0.017044017735219245,0.7609961105745386,0.0012005970922037191,0.8559126301400194,0.8226210450087857,1.9073704049294327,5.9278412622299115,7.7774345755513785,12.221372654430827,16.901168065147225,37.002039629525314,46.34930748566292,6.513128627432427,19.26735449404285,0.08732266581464232
larno_ukea,ukea,cnn_temporal_transformer,CNN-Temporal Transformer,77,44,past_only,residual,12,60,4.4085239889236725,14.506657622599656,26.28875992213469,40.171488449146665,1.5675963628193461,25.327267860754944,0.6293080732668049,0.7930623435451186,0.24705140538224618,0.7724850611033013,0.03733534989750218,0.7967159271465029,4.911221484678842,18.176537121361612,37.105875176335736,51.24599647814645,0.6061180614528882,0.4862776423106029,0.49242204928222333,0.025018122966434582,0.6543563981149901,0.0018129530855630783,0.7600791081085376,1.269151156573089,3.0161366614327494,7.639821000509804,9.72435839907056,16.318139231135824,19.906441230278094,52.423350802204816,62.93118648056314,10.235691819711171,20.19020165534723,0.14303043095620205
larno_ukea,ukea,convlstm,Conv-LSTM,2026,44,past_only,residual,1,5,0.37066533398037155,1.6813364592939484,3.567958348359031,6.210959545628446,0.7862596129474748,2.4473822842805815,0.914199744696371,0.9211852078707603,0.008226585554841155,0.9551769581302297,0.0005731053928183808,0.9835854588079854,0.3861551155544349,1.987317070723082,4.5046198247252285,7.397111599534366,0.7156934854143532,0.9001021543903518,0.9039889748105046,0.0047541177065596706,0.9474250132400379,0.0003238791999494657,0.9816683425827687,0.13085780056855875,0.38156229250648793,1.8835894844847176,3.420411417029992,4.065269098545497,6.738736749374037,8.721744347017422,11.037463558893625,4.011284830921732,15.396667997110454,0.014097590306019203
larno_ukea,ukea,convlstm,Conv-LSTM,2026,44,past_only,residual,3,15,1.0337377118119524,4.922196482101598,10.033154032454753,16.956080697599084,0.7665757416041059,7.516673068778637,0.79222371193258,0.8035617148037819,0.017498574776715018,0.8840678835549096,0.0012866940695629898,0.9394007809474486,1.1993253908073924,5.714106516157772,12.62609336357296,19.75798281433308,0.6631391367191237,0.7540115883191798,0.760134697578034,0.010570325539052886,0.8597566781662235,0.0007300969969375517,0.927899962697961,0.22464010457755168,0.7467411001505964,4.468169735376208,6.510667924396143,10.029781103662565,15.317923793743857,24.217057472056563,30.887858686717813,13.80673504160247,13.858860205298773,0.038212123613400206
larno_ukea,ukea,convlstm,Conv-LSTM,2026,44,past_only,residual,6,30,2.0941841450005643,9.011280772636972,17.546029331965567,28.225954222513916,0.8327571180088549,13.887496693776205,0.672480719399408,0.699102418041078,0.05359124781988267,0.8041715657456399,0.004415252214454429,0.8777457173125464,2.5135915395634165,10.637767864894853,22.79655583753626,33.469851226649226,0.6271981679793969,0.6141999367955335,0.6208115503785177,0.017044017735219245,0.7609961105745386,0.0012005970922037191,0.8559126301400194,0.37080854560505916,1.1840060699627146,7.091693533060664,9.13123345250662,14.421841862418278,19.449858122163754,38.65835669730951,48.71929498839072,16.685582679662375,15.289740412792485,0.05828078260387448
larno_ukea,ukea,convlstm,Conv-LSTM,2026,44,past_only,residual,12,60,4.036762705449251,14.711244895968218,27.337462378108913,41.139584041678326,0.7969032448106024,21.93847076059916,0.5894291688283104,0.6384721489024743,0.11529295169777484,0.7416866135190204,0.011938125035122912,0.8036571342129528,4.911221484678842,18.176537121361612,37.105875176335736,51.24599647814645,0.6061180614528882,0.4862776423106029,0.49242204928222333,0.025018122966434582,0.6543563981149901,0.0018129530855630783,0.7600791081085376,0.6935819577463687,2.1536180856057485,9.60370830801819,11.902255888696832,19.74049024023902,23.4883685609105,51.177706806281556,63.506586432821564,17.80532158766556,19.064644724439173,0.10315152651770754
larno_ukea,ukea,convlstm,Conv-LSTM,42,44,past_only,residual,1,5,0.37074415258692356,1.7052515498071699,3.6407683582487445,6.319162945228621,0.7983706572121092,2.7185124942125416,0.9160828533653481,0.9230686777428987,0.008193619506737524,0.9562038006408426,0.0005719568850171415,0.9841736476152864,0.3861551155544349,1.987317070723082,4.5046198247252285,7.397111599534366,0.7156934854143532,0.9001021543903518,0.9039889748105046,0.0047541177065596706,0.9474250132400379,0.0003238791999494657,0.9816683425827687,0.12548153967339445,0.3618912620449603,1.8906437239933305,3.417664884041776,4.2261931744332495,6.874829792039518,8.93255458978757,11.282887244901112,3.9908737050872745,14.193282243244814,0.01598069897499632
larno_ukea,ukea,convlstm,Conv-LSTM,42,44,past_only,residual,3,15,1.1261945824944954,4.774644235086154,9.74091720652849,16.40556948468794,0.6388547253821142,7.579107095415775,0.796862076424854,0.8110736951172128,0.021515625,0.8869485163940231,0.0016034187636092643,0.9375675883035124,1.1993253908073924,5.714106516157772,12.62609336357296,19.75798281433308,0.6631391367191237,0.7540115883191798,0.760134697578034,0.010570325539052886,0.8597566781662235,0.0007300969969375517,0.927899962697961,0.35168307933113174,0.8058522357901396,4.276546018972221,6.256218680830686,9.665247186489985,14.856656563172333,23.72574274275604,29.893885859567586,6.097661975092924,16.44110550643571,0.042850488105674156
larno_ukea,ukea,convlstm,Conv-LSTM,42,44,past_only,residual,6,30,2.0611617803792135,8.581156614239603,16.390191241561745,26.78485397611746,0.9888345457822582,13.560986528411888,0.7014913349512119,0.7417348992216697,0.07179118199624256,0.8245605728827603,0.00639843435488985,0.8884862416830882,2.5135915395634165,10.637767864894853,22.79655583753626,33.469851226649226,0.6271981679793969,0.6141999367955335,0.6208115503785177,0.017044017735219245,0.7609961105745386,0.0012005970922037191,0.8559126301400194,0.46301609372341423,1.3538115098584254,6.389740364244047,8.384953315360825,13.120753894212411,18.190466962826406,36.772475067149536,46.395765066390446,17.99933489841333,19.333108945177926,0.08729139815567832
larno_ukea,ukea,convlstm,Conv-LSTM,42,44,past_only,residual,12,60,3.9042412256525796,14.026346936434456,25.402848629114306,39.05579471765892,1.1480264422164406,22.346358813154392,0.6360617219799832,0.7191560376683752,0.15372977305746205,0.7775522322106687,0.018744029104982688,0.8257146511170164,4.911221484678842,18.176537121361612,37.105875176335736,51.24599647814645,0.6061180614528882,0.4862776423106029,0.49242204928222333,0.025018122966434582,0.6543563981149901,0.0018129530855630783,0.7600791081085376,0.8196243951112051,2.471577016930573,8.450837442198202,10.802790924831408,17.710128719049596,21.634437960701888,48.42339610280052,60.52080396250316,20.5036621168005,22.83267795849699,0.14978407966938034
larno_ukea,ukea,convlstm,Conv-LSTM,44,44,past_only,residual,1,5,0.356565214472864,1.7400732727299597,3.716725638509481,6.445694277863737,0.7592967369612735,2.6527269910543394,0.9136651253346313,0.9198070591838298,0.007255358884096055,0.9548850666073189,0.0005041949247440263,0.983911397726405,0.3861551155544349,1.987317070723082,4.5046198247252285,7.397111599534366,0.7156934854143532,0.9001021543903518,0.9039889748105046,0.0047541177065596706,0.9474250132400379,0.0003238791999494657,0.9816683425827687,0.10454208755504402,0.37255043442211927,1.9494852692492353,3.469785653184966,4.262475475825213,6.987138262084196,9.10202823735081,11.539374216286712,7.662698198128547,12.441084597696486,0.013562970944279495
larno_ukea,ukea,convlstm,Conv-LSTM,44,44,past_only,residual,3,15,1.082712367457874,4.86129192555084,9.935007135561943,16.709471661938974,0.8702620247892143,7.201062887907028,0.7963415715534387,0.8141950524543453,0.026797739763139563,0.8866260004936356,0.0020156266374783127,0.9408722830850064,1.1993253908073924,5.714106516157772,12.62609336357296,19.75798281433308,0.6631391367191237,0.7540115883191798,0.760134697578034,0.010570325539052886,0.8597566781662235,0.0007300969969375517,0.927899962697961,0.28684180649964763,0.8090790006110198,4.339743789591835,6.276447356786652,9.937389185031256,14.920399651079707,24.19150825977379,30.580727037887268,9.723218089380554,14.924723370056702,0.04232998323425885
larno_ukea,ukea,convlstm,Conv-LSTM,44,44,past_only,residual,6,30,2.124788493605993,8.853135905237778,17.34884526152151,27.675426112022393,0.9043033200258963,13.53978309302758,0.6834490036121595,0.7171924743662091,0.0644072505035072,0.8119628241136975,0.005506596158801826,0.8792956101030028,2.5135915395634165,10.637767864894853,22.79655583753626,33.469851226649226,0.6271981679793969,0.6141999367955335,0.6208115503785177,0.017044017735219245,0.7609961105745386,0.0012005970922037191,0.8559126301400194,0.4268185980901724,1.3015519867484047,6.881332881706164,8.846857029429563,14.358802349635747,18.7884095727617,38.396067525961996,47.87923641275773,15.468028111876693,16.776376231581875,0.06924906681662601
larno_ukea,ukea,convlstm,Conv-LSTM,44,44,past_only,residual,12,60,4.013646647569107,14.176467821929235,26.575372242016755,39.498226584430526,1.0945934899493093,21.25959496658582,0.6237781752027381,0.6889889821705294,0.13174243806131097,0.7683046671382386,0.014999621283385091,0.8128515194627186,4.911221484678842,18.176537121361612,37.105875176335736,51.24599647814645,0.6061180614528882,0.4862776423106029,0.49242204928222333,0.025018122966434582,0.6543563981149901,0.0018129530855630783,0.7600791081085376,0.7764937851244823,2.442003349777077,8.928865139492604,11.321256919066414,19.414059636992402,22.807057127414556,50.084466675578234,60.943810152457324,18.275999970879543,22.006773197362087,0.13750053289213526
larno_ukea,ukea,convlstm,Conv-LSTM,52,44,past_only,residual,1,5,0.4346903605279228,1.71609534278466,3.634362797250053,6.315906671307063,0.6661487486620515,2.669558024559265,0.9107911262487266,0.9172345149682261,0.00765382194095623,0.9533131211853549,0.0005306106041725289,0.9815894806493677,0.3861551155544349,1.987317070723082,4.5046198247252285,7.397111599534366,0.7156934854143532,0.9001021543903518,0.9039889748105046,0.0047541177065596706,0.9474250132400379,0.0003238791999494657,0.9816683425827687,0.19470436258359256,0.41705418495863783,1.9208659555032588,3.4368922721679898,4.132060508888501,6.856820466379121,8.884829091523459,11.263921240421771,-12.568846823070533,13.647632375026022,0.010688971858374807
larno_ukea,ukea,convlstm,Conv-LSTM,52,44,past_only,residual,3,15,1.153337774175806,4.860039800739313,9.888120958900732,16.657036329195783,0.7215649549584469,7.687471477458111,0.7902849905003166,0.8080948063722315,0.027131118145104705,0.8828594270674883,0.002026106498678373,0.9364957252706133,1.1993253908073924,5.714106516157772,12.62609336357296,19.75798281433308,0.6631391367191237,0.7540115883191798,0.760134697578034,0.010570325539052886,0.8597566781662235,0.0007300969969375517,0.927899962697961,0.3680321584925633,0.8936663148630472,4.377227627344554,6.315004953484476,9.802207108719129,14.945155941904309,23.999619589678474,30.42634556179561,3.8344570192604146,14.946636241438897,0.03627340218113684
larno_ukea,ukea,convlstm,Conv-LSTM,52,44,past_only,residual,6,30,2.2304378753116016,8.72886494388472,16.910564318646916,27.14559755277121,0.8408133075326615,13.952629951139292,0.6737385548376867,0.7239323246627413,0.09330826265535819,0.8050702457565406,0.008309176908159667,0.8664804404054566,2.5135915395634165,10.637767864894853,22.79655583753626,33.469851226649226,0.6271981679793969,0.6141999367955335,0.6208115503785177,0.017044017735219245,0.7609961105745386,0.0012005970922037191,0.8559126301400194,0.5931336309080241,1.5827021800712704,6.87697042876877,8.788106281458157,13.768099221768837,18.50567229966273,37.268865570432624,46.90502707166968,11.26490361679828,17.944581469103166,0.05953861804215321
larno_ukea,ukea,convlstm,Conv-LSTM,52,44,past_only,residual,12,60,4.1099158357407415,14.052684967991341,26.011858452850223,38.87557524398942,1.1716764368209327,22.607534531599434,0.5927830983894687,0.7035658941130392,0.20987760566073818,0.7443362489077856,0.02681435800203774,0.7758177688167442,4.911221484678842,18.176537121361612,37.105875176335736,51.24599647814645,0.6061180614528882,0.4862776423106029,0.49242204928222333,0.025018122966434582,0.6543563981149901,0.0018129530855630783,0.7600791081085376,0.9674285317766309,2.9949103473294896,9.422976881978668,11.667883351175549,18.448347549199216,21.99990122325212,48.558385213778585,59.960880273856674,16.315811686316163,22.687776697156444,0.10650545607886586
larno_ukea,ukea,convlstm,Conv-LSTM,77,44,past_only,residual,1,5,0.34746475460530324,1.7431286809586075,3.7634784982079577,6.461972863500148,0.7410974076318085,2.7794644905206485,0.9104266268765797,0.9156266748334737,0.006199308602579444,0.9531134188231731,0.0004283934098622365,0.9830784275334397,0.3861551155544349,1.987317070723082,4.5046198247252285,7.397111599534366,0.7156934854143532,0.9001021543903518,0.9039889748105046,0.0047541177065596706,0.9474250132400379,0.0003238791999494657,0.9816683425827687,0.09125244429460738,0.3667084323568934,1.9974155745773257,3.5391873366128492,4.316731743071671,6.995981349921745,9.137956122995075,11.512006905264961,10.019383245404034,12.287339215358674,0.01032447248622792
larno_ukea,ukea,convlstm,Conv-LSTM,77,44,past_only,residual,3,15,1.0246969347090342,4.9180985242851945,10.113913548876045,16.951095851991514,0.7209117044641251,7.761941138559426,0.7897867550177171,0.7996373526745241,0.015358116836515,0.8825484408167933,0.0011213451484064789,0.9382817911222155,1.1993253908073924,5.714106516157772,12.62609336357296,19.75798281433308,0.6631391367191237,0.7540115883191798,0.760134697578034,0.010570325539052886,0.8597566781662235,0.0007300969969375517,0.927899962697961,0.20752578136556807,0.7272329246262252,4.525782219405095,6.568762241592885,10.17076429280829,15.378571311282336,24.30905966871731,30.82067374165106,14.560556912815576,13.930576716092123,0.03577516669853731
larno_ukea,ukea,convlstm,Conv-LSTM,77,44,past_only,residual,6,30,2.020079198654525,8.650558310945913,16.81103994395855,27.05133766539844,0.8465826795298007,13.20837666399968,0.6869751981590386,0.7151801020027896,0.05429074269623372,0.8144461150451062,0.004579131936238913,0.8809979510585758,2.5135915395634165,10.637767864894853,22.79655583753626,33.469851226649226,0.6271981679793969,0.6141999367955335,0.6208115503785177,0.017044017735219245,0.7609961105745386,0.0012005970922037191,0.8559126301400194,0.37041338000025215,1.249803034002663,6.810371188608122,8.879709356354647,13.975652527013926,18.95947021580228,36.90542232997785,46.5621888052386,19.63375246698234,18.680700492692903,0.0727752613635051
larno_ukea,ukea,convlstm,Conv-LSTM,77,44,past_only,residual,12,60,3.759607135491526,13.753062177077743,25.64006740489628,38.25965157681402,1.053295031577506,18.85398761011087,0.6171364904243217,0.6744120702280196,0.12096729443883383,0.7632460142710537,0.013316164846790804,0.8139476839085834,4.911221484678842,18.176537121361612,37.105875176335736,51.24599647814645,0.6061180614528882,0.4862776423106029,0.49242204928222333,0.025018122966434582,0.6543563981149901,0.0018129530855630783,0.7600791081085376,0.6202021154189225,2.5019054788998,9.095832722659344,11.554550528504157,18.980578993123164,22.96919725618416,47.65142466136417,58.72711988470114,23.448633965703205,24.336180839887643,0.13085884811371884
larno_ukea,ukea,convlstm_attention,Conv-LSTM + Attention,2026,44,past_only,residual,1,5,0.3843128079642206,1.8136298068268126,4.001632994768877,6.717346528377484,0.6948666208635161,2.6021392299578743,0.902955837741429,0.9070209019217518,0.004938935273069363,0.9490034606511151,0.00033766129356433653,0.9817779629491566,0.3861551155544349,1.987317070723082,4.5046198247252285,7.397111599534366,0.7156934854143532,0.9001021543903518,0.9039889748105046,0.0047541177065596706,0.9474250132400379,0.0003238791999494657,0.9816683425827687,0.11300184970756584,0.3893624220974861,2.1912803338621334,3.702894602558801,4.703604667675453,7.384667446821709,9.386848856030879,11.878922212850956,0.4770900386931558,8.739786240203411,0.002853683351077163
larno_ukea,ukea,convlstm_attention,Conv-LSTM + Attention,2026,44,past_only,residual,3,15,1.1295050534621833,5.222318826096592,11.147308690525787,18.006870552920358,0.6585439233331143,7.6484831623159915,0.764861226844433,0.7727366921383241,0.013149624532733467,0.8667664235697475,0.0009257210726720152,0.9308542899767329,1.1993253908073924,5.714106516157772,12.62609336357296,19.75798281433308,0.6631391367191237,0.7540115883191798,0.760134697578034,0.010570325539052886,0.8597566781662235,0.0007300969969375517,0.927899962697961,0.22884875935340093,0.7569208708268428,5.18691922911054,7.173305651154218,11.633045911260531,16.390117025602212,25.951075537305545,32.611138317609914,5.821634218734055,8.606554474799388,0.010849638525253225
larno_ukea,ukea,convlstm_attention,Conv-LSTM + Attention,2026,44,past_only,residual,6,30,2.3055498801334346,9.702586904737927,19.962473711943453,30.45432647971199,0.6580773126775055,14.536171115170687,0.6302159171277614,0.6451729681959987,0.03548063607277589,0.773168646565694,0.002647013767084164,0.8611043366946349,2.5135915395634165,10.637767864894853,22.79655583753626,33.469851226649226,0.6271981679793969,0.6141999367955335,0.6208115503785177,0.017044017735219245,0.7609961105745386,0.0012005970922037191,0.8559126301400194,0.3362373919526482,1.0943842419742167,8.240204622873684,10.302804355576061,17.313624301485007,21.41732841633479,43.06797112683983,52.291802279595856,8.276669305869659,8.791139006173163,0.01601598033222784
larno_ukea,ukea,convlstm_attention,Conv-LSTM + Attention,2026,44,past_only,residual,12,60,4.417824015703045,16.376964546510003,32.15161727992989,46.040839822401814,0.7267771341028049,24.759378785697315,0.5172059327426697,0.5397884985440117,0.0748350942735392,0.6817873850621068,0.006264705810490206,0.7734442259924255,4.911221484678842,18.176537121361612,37.105875176335736,51.24599647814645,0.6061180614528882,0.4862776423106029,0.49242204928222333,0.025018122966434582,0.6543563981149901,0.0018129530855630783,0.7600791081085376,0.4385836922663677,1.595084444501356,10.75258122865073,13.108975378575163,24.019320737164886,26.831346456430666,60.363591254589025,71.00704546883026,10.046329014380872,9.900524851549957,0.030928290432066796
larno_ukea,ukea,convlstm_attention,Conv-LSTM + Attention,42,44,past_only,residual,1,5,0.37928456638774755,1.7459833629696493,3.7274814043192626,6.460230997393195,0.7862105705911686,2.6238700709281826,0.9153603110949082,0.9227471097159482,0.00866961685886785,0.9558100434603306,0.0006052636112530794,0.9837914532571821,0.3861551155544349,1.987317070723082,4.5046198247252285,7.397111599534366,0.7156934854143532,0.9001021543903518,0.9039889748105046,0.0047541177065596706,0.9474250132400379,0.0003238791999494657,0.9816683425827687,0.12815874793109217,0.38323708854100447,1.921097343949092,3.4133226516742075,4.341871421523653,6.9753237008477,9.18004359797137,11.64426074472443,1.7792200310030122,12.143694194989424,0.015258156704556436
larno_ukea,ukea,convlstm_attention,Conv-LSTM + Attention,42,44,past_only,residual,3,15,1.1619293113289628,4.813465257802682,9.79853166389104,16.460513170300636,0.9555680022252837,6.989762167900036,0.8002006772858397,0.8263178344773993,0.037997587454764774,0.8890127499477462,0.002934361136016954,0.9409255519864966,1.1993253908073924,5.714106516157772,12.62609336357296,19.75798281433308,0.6631391367191237,0.7540115883191798,0.760134697578034,0.010570325539052886,0.8597566781662235,0.0007300969969375517,0.927899962697961,0.38545069881447347,0.944845334719289,4.183097584113083,6.075366021395522,9.936002003385665,14.637094028562672,23.99934142690588,30.20430948279833,3.118092868296097,15.761716303473648,0.04618908896665985
larno_ukea,ukea,convlstm_attention,Conv-LSTM + Attention,42,44,past_only,residual,6,30,2.346997920641189,8.752999806394367,16.942177773319077,27.147679468995424,1.2460570082880367,12.847598202717611,0.7005465130093858,0.7533938819621163,0.09101653327852216,0.8239074999126699,0.008413679919152671,0.879754878144767,2.5135915395634165,10.637767864894853,22.79655583753626,33.469851226649226,0.6271981679793969,0.6141999367955335,0.6208115503785177,0.017044017735219245,0.7609961105745386,0.0012005970922037191,0.8559126301400194,0.7191679415968283,1.7208484931023351,6.432222475075775,8.426781295545888,14.047665506579687,18.324663510171668,38.0032361619848,47.076855953171545,6.627712430602904,17.717702458241366,0.08634657621385222
larno_ukea,ukea,convlstm_attention,Conv-LSTM + Attention,42,44,past_only,residual,12,60,4.4590197149824,14.2321386207205,25.565219314594234,38.995764695830296,1.95038868811959,19.763059417406716,0.5882433579215354,0.767271767450573,0.28400486266159214,0.7407471342318015,0.04366724736547619,0.7617926770941429,4.911221484678842,18.176537121361612,37.105875176335736,51.24599647814645,0.6061180614528882,0.4862776423106029,0.49242204928222333,0.025018122966434582,0.6543563981149901,0.0018129530855630783,0.7600791081085376,1.4307054948136504,3.664792922778775,7.824893709605567,10.35283900244182,17.907395028971766,21.863978459878076,49.44546133390135,60.46148566657421,9.207521410043125,21.700494842912278,0.10196571561093248
larno_ukea,ukea,convlstm_attention,Conv-LSTM + Attention,44,44,past_only,residual,1,5,0.3491776193762123,1.7501519462762714,3.737879930157207,6.48527051457849,0.7545232689314899,2.7632250904272766,0.9145383702170405,0.9200980016844039,0.0065637193307320945,0.9553617565923889,0.00045595759709197824,0.9843124353221696,0.3861551155544349,1.987317070723082,4.5046198247252285,7.397111599534366,0.7156934854143532,0.9001021543903518,0.9039889748105046,0.0047541177065596706,0.9474250132400379,0.0003238791999494657,0.9816683425827687,0.09501375670839762,0.3717868164612084,1.9523452896008942,3.4485936412630647,4.33804637915292,6.990562890975818,9.134069255269505,11.674285551244406,9.575814145341813,11.93393484817793,0.014436215826688747
larno_ukea,ukea,convlstm_attention,Conv-LSTM + Attention,44,44,past_only,residual,3,15,1.0490943350051296,4.885071961532132,10.125243987812347,16.80886158003467,0.7831639936980568,7.846846020756623,0.7937310928642245,0.8087812459525968,0.022907213268659053,0.8850056689342404,0.001704724088543183,0.9408920892471078,1.1993253908073924,5.714106516157772,12.62609336357296,19.75798281433308,0.6631391367191237,0.7540115883191798,0.760134697578034,0.010570325539052886,0.8597566781662235,0.0007300969969375517,0.927899962697961,0.23309797420301812,0.7795543790457196,4.472633787957594,6.399534189908561,10.316069670708467,15.003064584883752,24.378491630305405,30.719792220011822,12.526296612558703,14.508559689627411,0.03971950454504469
larno_ukea,ukea,convlstm_attention,Conv-LSTM + Attention,44,44,past_only,residual,6,30,2.1379358407408735,8.89671030676969,17.86219477414324,27.829173571210823,0.8503319663893262,14.802184404853064,0.6849809710411046,0.7109743502379711,0.05066962381642924,0.8130429753374285,0.004232371945216672,0.8788063266828633,2.5135915395634165,10.637767864894853,22.79655583753626,33.469851226649226,0.6271981679793969,0.6141999367955335,0.6208115503785177,0.017044017735219245,0.7609961105745386,0.0012005970922037191,0.8559126301400194,0.3841773842904646,1.2656855235386797,7.05717119902529,9.106462342959079,15.043660113632203,19.32739743803268,39.41010440627456,47.958630321918214,14.94497784981367,16.366756449637688,0.07078103424557103
larno_ukea,ukea,convlstm_attention,Conv-LSTM + Attention,44,44,past_only,residual,12,60,3.9944817704942244,14.432708896674823,27.22244830996997,40.24346408935829,1.1437162152335254,23.70453574336492,0.6115306328563216,0.6702229109548218,0.1252625379221443,0.7589438517497216,0.013770624784681279,0.8176913401421098,4.911221484678842,18.176537121361612,37.105875176335736,51.24599647814645,0.6061180614528882,0.4862776423106029,0.49242204928222333,0.025018122966434582,0.6543563981149901,0.0018129530855630783,0.7600791081085376,0.6617367613741563,2.4123744494332495,8.655134375008982,11.1007746559264,19.73987705845824,23.337310333076193,51.93011435010728,62.16167825881453,18.666226254395163,20.597037816883887,0.1252529905457187
larno_ukea,ukea,convlstm_attention,Conv-LSTM + Attention,52,44,past_only,residual,1,5,0.3709308122508149,1.6735722749148716,3.517578454994378,6.133664129849359,0.7704814387613876,2.2622433419411,0.9190148321150171,0.9279228236735318,0.010337900736555014,0.9577985711576152,0.0007270054381844389,0.9844534327851698,0.3861551155544349,1.987317070723082,4.5046198247252285,7.397111599534366,0.7156934854143532,0.9001021543903518,0.9039889748105046,0.0047541177065596706,0.9474250132400379,0.0003238791999494657,0.9816683425827687,0.1349218489406221,0.4349193252344233,1.8044241800058667,3.2638882082878746,4.040487809692855,6.619171192630311,8.743711089342113,11.034925954232602,3.942535704016549,15.787354742243267,0.018912677724665317
larno_ukea,ukea,convlstm_attention,Conv-LSTM + Attention,52,44,past_only,residual,3,15,1.0719561772153785,4.945239089321809,10.071522117745705,16.98523852062939,0.8058230556831398,7.478808205670272,0.7943429731100964,0.8111125501877995,0.025367280876494022,0.8853858877751545,0.0018980193062331885,0.9417741632470951,1.1993253908073924,5.714106516157772,12.62609336357296,19.75798281433308,0.6631391367191237,0.7540115883191798,0.760134697578034,0.010570325539052886,0.8597566781662235,0.0007300969969375517,0.927899962697961,0.26284511832048374,0.8464397089322371,4.367275372859018,6.2943823091442725,10.057278881998773,14.917064697596297,24.618925080147367,31.225339035936273,10.620071464197741,13.455601932897782,0.04033138479091658
larno_ukea,ukea,convlstm_attention,Conv-LSTM + Attention,52,44,past_only,residual,6,30,2.1502342166026476,8.767676454511736,17.022643305906982,27.25142505598929,0.9886062949630465,12.926357435301327,0.6794128325140071,0.7372416656906483,0.10350229818087654,0.8091075873190227,0.009493148521341772,0.8672710430460261,2.5135915395634165,10.637767864894853,22.79655583753626,33.469851226649226,0.6271981679793969,0.6141999367955335,0.6208115503785177,0.017044017735219245,0.7609961105745386,0.0012005970922037191,0.8559126301400194,0.49148429912633135,1.6179291081217504,6.664480180901672,8.648415860590433,13.871767281606829,18.267052353998487,37.977568006411985,47.227199756829805,14.455702815735933,17.579735092307367,0.06521289571847355
larno_ukea,ukea,convlstm_attention,Conv-LSTM + Attention,52,44,past_only,residual,12,60,4.073713828495282,14.528045972123712,27.041988775161112,40.33341396793288,1.2302858455764172,22.306340120923824,0.6087158785659619,0.6907514943037651,0.1632526765270128,0.7567723880597015,0.019336537357339895,0.7909823143155481,4.911221484678842,18.176537121361612,37.105875176335736,51.24599647814645,0.6061180614528882,0.4862776423106029,0.49242204928222333,0.025018122966434582,0.6543563981149901,0.0018129530855630783,0.7600791081085376,0.7782293285281271,2.8172348303463353,8.966658749776082,11.32890345936491,19.06535331619344,22.67954612514504,51.46671882482613,62.400650655409336,17.05294006381647,20.072531554704575,0.12243823625535899
larno_ukea,ukea,convlstm_attention,Conv-LSTM + Attention,77,44,past_only,residual,1,5,0.3667693353396207,1.8334374057223144,4.049095144440748,6.810635889544699,0.7244558862679755,3.062284116943677,0.9067014079356372,0.9111859735089197,0.005398809921775757,0.9510680635803505,0.0003709680198002745,0.9827771691951703,0.3861551155544349,1.987317070723082,4.5046198247252285,7.397111599534366,0.7156934854143532,0.9001021543903518,0.9039889748105046,0.0047541177065596706,0.9474250132400379,0.0003238791999494657,0.9816683425827687,0.09058274076477064,0.3668862523306757,2.1515106197972886,3.6080828697861578,4.782706100128956,7.286373251732117,9.695807908865063,12.303324166327462,5.020205465096692,7.743085754543375,0.006599253545285455
larno_ukea,ukea,convlstm_attention,Conv-LSTM + Attention,77,44,past_only,residual,3,15,1.0557882306296797,4.86835783004709,10.11892557996239,16.738541778535776,0.788614843411156,7.51648821318761,0.7919892377592203,0.8082372749643828,0.024754641495280366,0.883921868581708,0.001844455571210657,0.9396835274457014,1.1993253908073924,5.714106516157772,12.62609336357296,19.75798281433308,0.6631391367191237,0.7540115883191798,0.760134697578034,0.010570325539052886,0.8597566781662235,0.0007300969969375517,0.927899962697961,0.24096174832087452,0.8013238652710635,4.511270838226706,6.401760789324499,10.350245380866612,14.922241813719058,24.225511339642956,30.58283260092935,11.968158206096401,14.801066163522837,0.03797764944004045
larno_ukea,ukea,convlstm_attention,Conv-LSTM + Attention,77,44,past_only,residual,6,30,2.133273662304308,8.68339782566637,17.16975729147105,27.060303747986403,0.8786728536876586,13.02976528994548,0.6895552526629309,0.727190451346373,0.06981463574084415,0.8162565285463302,0.0060873003903424965,0.8754580583449802,2.5135915395634165,10.637767864894853,22.79655583753626,33.469851226649226,0.6271981679793969,0.6141999367955335,0.6208115503785177,0.017044017735219245,0.7609961105745386,0.0012005970922037191,0.8559126301400194,0.45622417897941225,1.4630867187599892,6.883803943450249,8.931828782372708,14.576686271456168,18.80232920342442,37.62269186477235,46.60449772031099,15.130456610510624,18.371993674330852,0.07535531586739741
larno_ukea,ukea,convlstm_attention,Conv-LSTM + Attention,77,44,past_only,residual,12,60,3.958155744981383,14.115955778769736,26.020361018709316,39.07873923633727,1.2249318511362435,19.906690086309727,0.6128372884137653,0.6994618803535242,0.1681113924050633,0.7599493052600418,0.020280885561612307,0.818890594271748,4.911221484678842,18.176537121361612,37.105875176335736,51.24599647814645,0.6061180614528882,0.4862776423106029,0.49242204928222333,0.025018122966434582,0.6543563981149901,0.0018129530855630783,0.7600791081085376,0.792673980090796,2.95551935326556,8.356682784678165,10.881129011023505,19.229251014946247,22.98178182341196,49.349807665008335,60.277274307234826,19.40587983398152,22.33968613207275,0.1265596461031624
larno_ukea,ukea,fno2d_history,FNO2D-History (adapted),2026,44,past_only,residual,1,5,0.4511179710186457,1.7254666096755762,3.478236442729722,6.338424293161853,0.6511922576115077,2.2418425967678046,0.9219027387906835,0.9303728657836307,0.00977867596727403,0.9593646131861712,0.000689104680743544,0.9832691898126312,0.3861551155544349,1.987317070723082,4.5046198247252285,7.397111599534366,0.7156934854143532,0.9001021543903518,0.9039889748105046,0.0047541177065596706,0.9474250132400379,0.0003238791999494657,0.9816683425827687,0.2240740902164224,0.43270443849407264,1.696587206700991,3.348331295249745,4.0952414797840415,6.973796292853541,8.845992037417155,11.352789167813299,-16.822994917712865,13.176078689458045,0.021800584400331724
larno_ukea,ukea,fno2d_history,FNO2D-History (adapted),2026,44,past_only,residual,3,15,1.1665834650395595,4.898192086292637,9.356777653244782,16.74453749765319,0.7416083749220214,5.655046122578474,0.8228666072750542,0.8493718430255148,0.03653752919917141,0.9028270132230154,0.002895934978283399,0.9491844741308362,1.1993253908073924,5.714106516157772,12.62609336357296,19.75798281433308,0.6631391367191237,0.7540115883191798,0.760134697578034,0.010570325539052886,0.8597566781662235,0.0007300969969375517,0.927899962697961,0.4302394306757153,0.9703840307919376,3.478210614261833,5.771675955542204,9.42602196621134,14.944424109290496,24.282214944487038,30.906344335673918,2.7300285659583112,14.278950305843523,0.06885501895587443
larno_ukea,ukea,fno2d_history,FNO2D-History (adapted),2026,44,past_only,residual,6,30,2.238240830785862,8.907548535323889,16.41856703629716,27.743345405341014,0.7036528856147197,10.874067523922676,0.7198051501640117,0.7803745780938894,0.09733357965391957,0.8370775609031831,0.009385082907701278,0.8967833194479049,2.5135915395634165,10.637767864894853,22.79655583753626,33.469851226649226,0.6271981679793969,0.6141999367955335,0.6208115503785177,0.017044017735219245,0.7609961105745386,0.0012005970922037191,0.8559126301400194,0.6566803195103255,1.5324559786329444,5.199314910807031,7.630984120584068,12.749239630196719,18.67707610024295,39.28588303540074,48.42306788925604,10.954473089346084,16.264872025274883,0.10560521336847817
larno_ukea,ukea,fno2d_history,FNO2D-History (adapted),2026,44,past_only,residual,12,60,3.9396510028967286,14.370848175746678,25.150932770117056,40.08879478320356,0.7651106008613853,17.91792228244818,0.6752102309879716,0.7561347342608518,0.13681826576335768,0.8061199943720017,0.01719617764985572,0.8630629592462901,4.911221484678842,18.176537121361612,37.105875176335736,51.24599647814645,0.6061180614528882,0.4862776423106029,0.49242204928222333,0.025018122966434582,0.6543563981149901,0.0018129530855630783,0.7600791081085376,0.8962596097412892,2.358986164542045,6.324341644405701,8.642299865175728,14.479283201256463,20.257086709134775,51.859904908639834,62.907244374809224,19.782664756884756,20.937370634488865,0.18893258867736873
larno_ukea,ukea,fno2d_history,FNO2D-History (adapted),42,44,past_only,residual,1,5,0.39848707123906174,1.5357568330888776,3.075853986597866,5.6217762427119675,0.6651132673667454,1.5622387281977215,0.9265148649670928,0.937722992113927,0.012736183658992713,0.9618559210887987,0.0009073211629789995,0.9848622889083261,0.3861551155544349,1.987317070723082,4.5046198247252285,7.397111599534366,0.7156934854143532,0.9001021543903518,0.9039889748105046,0.0047541177065596706,0.9474250132400379,0.0003238791999494657,0.9816683425827687,0.19767571202888296,0.4062216776600066,1.559683406305735,3.117382156899149,3.629017456636562,6.330801025629862,7.617928678916941,9.834629082456585,-3.1935238425938888,22.722103296274966,0.026412710576740994
larno_ukea,ukea,fno2d_history,FNO2D-History (adapted),42,44,past_only,residual,3,15,1.087758165312536,4.5631238201136695,8.794760383716707,15.637240393281246,0.5965947864695591,5.326196675499281,0.8309255538316759,0.8462504856883823,0.021329179335859684,0.9076562966667361,0.0016581469276540249,0.9523675809429087,1.1993253908073924,5.714106516157772,12.62609336357296,19.75798281433308,0.6631391367191237,0.7540115883191798,0.760134697578034,0.010570325539052886,0.8597566781662235,0.0007300969969375517,0.927899962697961,0.3948557779035229,0.8426845981494893,3.4943634855549695,5.63740391646776,8.839318911657266,14.2340652209188,22.266418641240634,28.633610106826456,9.302498417026646,20.142828853285636,0.07691396551249607
larno_ukea,ukea,fno2d_history,FNO2D-History (adapted),42,44,past_only,residual,6,30,2.054764586999968,8.366732155329471,15.243376312162257,26.11734355208376,0.6302333255924883,10.4289786842389,0.7550074071067638,0.7922678052364271,0.05863822681038409,0.860403670149107,0.005504221090370166,0.9148208701618645,2.5135915395634165,10.637767864894853,22.79655583753626,33.469851226649226,0.6271981679793969,0.6141999367955335,0.6208115503785177,0.017044017735219245,0.7609961105745386,0.0012005970922037191,0.8559126301400194,0.5838120009476563,1.316038094044067,5.116037530182303,7.369924550234918,12.027072790025487,17.599966501834228,35.82142980229312,45.526402084968545,18.253838992597103,21.348799282036502,0.1408074703112303
larno_ukea,ukea,fno2d_history,FNO2D-History (adapted),42,44,past_only,residual,12,60,3.613059677569073,13.289531357662634,22.713646318575652,37.06904474684967,0.8279929570889584,16.633220007404304,0.722655263942966,0.8043866968649422,0.12327038188483133,0.83900160301242,0.016227396115589196,0.8891641216105146,4.911221484678842,18.176537121361612,37.105875176335736,51.24599647814645,0.6061180614528882,0.4862776423106029,0.49242204928222333,0.025018122966434582,0.6543563981149901,0.0018129530855630783,0.7600791081085376,0.87251049127268,2.1895619448937995,5.985900943976646,8.246819993893963,13.713072059052871,19.036970615535846,46.18654862834054,58.075540620024725,26.432564916071165,26.886341061937603,0.2363776216323631
larno_ukea,ukea,fno2d_history,FNO2D-History (adapted),44,44,past_only,residual,1,5,0.42527152594080087,1.69283272631353,3.4086135068525993,6.213206664714759,0.7057416901138597,2.231700961979536,0.9239263064338762,0.9391777046167981,0.017272596176955986,0.9604591437251402,0.0012380914097359006,0.9838579823060756,0.3861551155544349,1.987317070723082,4.5046198247252285,7.397111599534366,0.7156934854143532,0.9001021543903518,0.9039889748105046,0.0047541177065596706,0.9474250132400379,0.0003238791999494657,0.9816683425827687,0.2015110264967419,0.4303435273775559,1.6870421015644965,3.344878472853311,4.027228442939011,6.871263375034017,8.574746257001543,11.046054559611212,-10.129714410283887,14.818186224425896,0.023824152043524394
larno_ukea,ukea,fno2d_history,FNO2D-History (adapted),44,44,past_only,residual,3,15,1.0927698560765702,4.798184338394201,9.365138615903854,16.499422087228726,0.7963886356555778,6.868803567993336,0.8254148813812106,0.8458230799119285,0.02840139849735922,0.9043586636662627,0.0022228950034350655,0.9506937375479222,1.1993253908073924,5.714106516157772,12.62609336357296,19.75798281433308,0.6631391367191237,0.7540115883191798,0.760134697578034,0.010570325539052886,0.8597566781662235,0.0007300969969375517,0.927899962697961,0.3490378704383293,0.7857193650083077,3.684021438244382,5.943716454551811,9.59776926230877,15.082070686194179,23.6578892538173,30.18966576764239,8.884622600968072,16.02914077946603,0.07140329306203075
larno_ukea,ukea,fno2d_history,FNO2D-History (adapted),44,44,past_only,residual,6,30,2.067947248158261,8.383373639745287,15.261023826174846,26.130813665892834,0.6825595412759516,11.671078682709963,0.7454005699024018,0.7993696696089183,0.08305242073379257,0.8541312324013766,0.008075232667641236,0.9079948761609677,2.5135915395634165,10.637767864894853,22.79655583753626,33.469851226649226,0.6271981679793969,0.6141999367955335,0.6208115503785177,0.017044017735219245,0.7609961105745386,0.0012005970922037191,0.8559126301400194,0.5964966880212442,1.4011770388434313,5.160170632434561,7.593517297013537,12.355893455215575,18.135280687839032,35.58416455769567,45.34652848352686,17.7293838076237,21.192361534689773,0.13120063310686825
larno_ukea,ukea,fno2d_history,FNO2D-History (adapted),44,44,past_only,residual,12,60,3.6680812076629223,13.699527026341265,23.21023684464579,38.20826069460438,0.8157620451005402,18.354676606563423,0.712674813202867,0.7975069393593651,0.12987254282635355,0.8322359944910924,0.017078897665883986,0.8883549928040264,4.911221484678842,18.176537121361612,37.105875176335736,51.24599647814645,0.6061180614528882,0.4862776423106029,0.49242204928222333,0.025018122966434582,0.6543563981149901,0.0018129530855630783,0.7600791081085376,0.8641757708303006,2.2677794638504905,6.190993999300489,8.624578322361538,14.208090095586975,20.21920108249569,47.008804001290514,59.7336747053098,25.31224219665206,24.6307097173027,0.22639717089226408
larno_ukea,ukea,fno2d_history,FNO2D-History (adapted),52,44,past_only,residual,1,5,0.3804324937498113,1.7612638961697857,3.664484928779138,6.531019793505822,0.7233650496999573,2.2317300144678507,0.9168579986923533,0.9233443074802848,0.007603561495037935,0.9566258943727889,0.0005306106041725289,0.9839456345760291,0.3861551155544349,1.987317070723082,4.5046198247252285,7.397111599534366,0.7156934854143532,0.9001021543903518,0.9039889748105046,0.0047541177065596706,0.9474250132400379,0.0003238791999494657,0.9816683425827687,0.13411771731306812,0.3681130735696827,1.8504103977082016,3.467718307225959,4.264094828517287,7.140951830680614,9.156263353894401,11.70556908591545,1.4819489821874123,11.374791566151407,0.0167558443020015
larno_ukea,ukea,fno2d_history,FNO2D-History (adapted),52,44,past_only,residual,3,15,1.105028150289286,4.97382784326854,9.928834652399102,17.12746436695862,0.7594135992128717,6.23438533108968,0.8060416189093502,0.8197383758580494,0.020308340040864344,0.8926058076071474,0.0015277308771643825,0.9442229826479399,1.1993253908073924,5.714106516157772,12.62609336357296,19.75798281433308,0.6631391367191237,0.7540115883191798,0.760134697578034,0.010570325539052886,0.8597566781662235,0.0007300969969375517,0.927899962697961,0.31171884297562474,0.7676804365640145,4.050615363409206,6.224361760729724,9.98511090451944,15.361278028563813,24.863666312091063,31.42697014344665,7.86252348535913,12.955283048993687,0.05203003059017042
larno_ukea,ukea,fno2d_history,FNO2D-History (adapted),52,44,past_only,residual,6,30,2.2134859652734855,8.9767429443149,17.022932500380467,28.067206453237535,0.9519949523658108,10.985815047453611,0.7131945635613315,0.7526059689732642,0.06840287845638822,0.8325902716837561,0.006163302580155591,0.8984674929288571,2.5135915395634165,10.637767864894853,22.79655583753626,33.469851226649226,0.6271981679793969,0.6141999367955335,0.6208115503785177,0.017044017735219245,0.7609961105745386,0.0012005970922037191,0.8559126301400194,0.5617583890299739,1.3069078866565975,5.803026242031651,8.13964484993663,13.589577750141604,19.263211486861127,39.734705418007685,48.76893916869538,11.939313510820302,15.614412174394362,0.09899462676579796
larno_ukea,ukea,fno2d_history,FNO2D-History (adapted),52,44,past_only,residual,12,60,4.118715474322161,14.455133319647032,25.547247387297784,40.25324478893991,1.3716846640343408,15.320254012178152,0.6475663749141546,0.7546872605282428,0.17978401488020876,0.7860883601097961,0.023734536756279977,0.8483819899695167,4.911221484678842,18.176537121361612,37.105875176335736,51.24599647814645,0.6061180614528882,0.4862776423106029,0.49242204928222333,0.025018122966434582,0.6543563981149901,0.0018129530855630783,0.7600791081085376,1.0441530642046437,2.539158371400157,6.612627265581611,8.855723158626716,14.913436156312843,20.31485866064691,52.35628058040722,63.14214653072502,16.13663755196138,20.473667656646626,0.1612887326035517
larno_ukea,ukea,fno2d_history,FNO2D-History (adapted),77,44,past_only,residual,1,5,0.383088636027777,1.8396172888653841,3.852707806952687,6.835204364865211,0.7159985882819218,2.7414752409244194,0.9134913871812039,0.9192404869458694,0.006799907349194269,0.9547901739206502,0.0004720367063093276,0.9830730146039357,0.3861551155544349,1.987317070723082,4.5046198247252285,7.397111599534366,0.7156934854143532,0.9001021543903518,0.9039889748105046,0.0047541177065596706,0.9474250132400379,0.0003238791999494657,0.9816683425827687,0.12285574166493898,0.3658710918204628,1.9311953095464789,3.5496883499029104,4.432921742929237,7.340812300106051,9.720245104111749,12.401299707115765,0.7941056334978487,7.432119616622506,0.013389232790852135
larno_ukea,ukea,fno2d_history,FNO2D-History (adapted),77,44,past_only,residual,3,15,1.1232114686162904,5.048314487267925,9.975781581756472,17.38499983820506,0.754723629624437,7.057158075846158,0.8106929988435193,0.8262012692656392,0.02262977262977263,0.895450525695195,0.0017198616658321592,0.9453808245312495,1.1993253908073924,5.714106516157772,12.62609336357296,19.75798281433308,0.6631391367191237,0.7540115883191798,0.760134697578034,0.010570325539052886,0.8597566781662235,0.0007300969969375517,0.927899962697961,0.32731615260707503,0.7770892753771139,3.942419838956886,6.0670529284834345,9.830849486145567,15.24314267717167,25.465471797587032,32.156367762101326,6.346394629389253,11.651725899879315,0.056681410524339504
larno_ukea,ukea,fno2d_history,FNO2D-History (adapted),77,44,past_only,residual,6,30,2.2026254573561443,9.09829331811853,17.619879976581167,28.502321053896175,0.7659796387317149,13.281570814358881,0.7130089272946416,0.7432468403624399,0.053978966769664447,0.8324637612025735,0.004729948781649272,0.8995752364694888,2.5135915395634165,10.637767864894853,22.79655583753626,33.469851226649226,0.6271981679793969,0.6141999367955335,0.6208115503785177,0.017044017735219245,0.7609961105745386,0.0012005970922037191,0.8559126301400194,0.4831078252149434,1.1852425530888389,6.1385999502778725,8.285130148042953,13.824287233832056,19.040930908020925,41.04821187331642,49.65378767382823,12.37138482178706,14.471781733991982,0.09880899049910807
larno_ukea,ukea,fno2d_history,FNO2D-History (adapted),77,44,past_only,residual,12,60,4.052008180658626,14.874043063830648,27.210421734140667,41.70605463759805,0.9084434467460304,21.196874699149376,0.6621706546842842,0.7177170784871345,0.10464708694035796,0.7967541152506487,0.012035858355099358,0.8623191465743988,4.911221484678842,18.176537121361612,37.105875176335736,51.24599647814645,0.6061180614528882,0.4862776423106029,0.49242204928222333,0.025018122966434582,0.6543563981149901,0.0018129530855630783,0.7600791081085376,0.7292426230995017,1.8471892034572537,7.276366880785187,9.497169346376001,16.726605029397522,21.502974128257762,55.052601512242475,65.29030903673971,17.49490033590702,18.168994652175932,0.17589301237368127
larno_ukea,ukea,simvp_lite,SimVP Lite (adapted),2026,44,past_only,residual,1,5,0.3684728876977625,1.7628156052507071,3.5532219597413635,6.5152007023528355,0.8105161485143411,2.8684642500220203,0.9237082803319402,0.9340479289487789,0.011842083947577313,0.9603413259442354,0.0008395592027058843,0.984790271410945,0.3861551155544349,1.987317070723082,4.5046198247252285,7.397111599534366,0.7156934854143532,0.9001021543903518,0.9039889748105046,0.0047541177065596706,0.9474250132400379,0.0003238791999494657,0.9816683425827687,0.12960619138067406,0.3960616844811366,1.7030875534326348,3.3535947085717015,4.097736208224213,7.030048952110941,9.215812448348675,11.831133142382994,4.579047938102427,11.296710966745254,0.023606125941588396
larno_ukea,ukea,simvp_lite,SimVP Lite (adapted),2026,44,past_only,residual,3,15,1.1293366862259253,4.972666725828121,9.613395029732738,17.02214104797115,0.9689553365116753,7.976046452919642,0.8211897263453745,0.8476622199196995,0.03663688417210062,0.9018167788517848,0.0028982638363278567,0.947929103505447,1.1993253908073924,5.714106516157772,12.62609336357296,19.75798281433308,0.6631391367191237,0.7540115883191798,0.760134697578034,0.010570325539052886,0.8597566781662235,0.0007300969969375517,0.927899962697961,0.3665726290033665,0.9487432221052633,3.6688271011835334,5.817235710068118,9.518531281051906,14.965670018570465,24.837120187157897,31.52847664998929,5.835672713837096,12.975603241435595,0.06717813802619466
larno_ukea,ukea,simvp_lite,SimVP Lite (adapted),2026,44,past_only,residual,6,30,2.2803614135748336,9.015232837000056,16.883907099547997,28.0425634671225,1.1992325342445125,14.640101140890366,0.710571823841365,0.7875083848848475,0.12087102257194138,0.8308003369839932,0.012076035440771137,0.8883997619268617,2.5135915395634165,10.637767864894853,22.79655583753626,33.469851226649226,0.6271981679793969,0.6141999367955335,0.6208115503785177,0.017044017735219245,0.7609961105745386,0.0012005970922037191,0.8559126301400194,0.6515983761937346,1.6223350761590465,5.419546609325684,7.6284333752388465,13.011662036561788,18.540084039593996,40.33234157923405,49.055337973482544,9.278759986162767,15.252589156877926,0.09637188704583144
larno_ukea,ukea,simvp_lite,SimVP Lite (adapted),2026,44,past_only,residual,12,60,4.217243865998501,14.906181495882729,26.594669501095808,41.57023189198563,1.5590084648040161,23.971438446106056,0.6468640620565699,0.7568925293326295,0.18349239007632887,0.7855706818312367,0.02440523166461834,0.8325521841506353,4.911221484678842,18.176537121361612,37.105875176335736,51.24599647814645,0.6061180614528882,0.4862776423106029,0.49242204928222333,0.025018122966434582,0.6543563981149901,0.0018129530855630783,0.7600791081085376,1.0065343329198808,2.4757614119412334,6.702430382191937,8.862877802053383,14.813333469865341,20.19271002224799,55.08696184445625,65.38461907251806,14.130448419915277,17.992181919159197,0.160586419745967
larno_ukea,ukea,simvp_lite,SimVP Lite (adapted),42,44,past_only,residual,1,5,0.37556185077660237,1.7929584581171671,3.627650385495623,6.616413758154797,0.8074427407890071,2.8199042981633773,0.9203112463478511,0.9309088124952147,0.012218701762937687,0.9585021679148601,0.0008636778665319084,0.9836626430795986,0.3861551155544349,1.987317070723082,4.5046198247252285,7.397111599534366,0.7156934854143532,0.9001021543903518,0.9039889748105046,0.0047541177065596706,0.9474250132400379,0.0003238791999494657,0.9816683425827687,0.13164447240665003,0.41520931309412484,1.7528877661713689,3.413236411977731,4.17403017203291,7.146171271919577,9.370570600838017,12.004012672074218,2.7432667213595976,9.779949836348854,0.020209091957499314
larno_ukea,ukea,simvp_lite,SimVP Lite (adapted),42,44,past_only,residual,3,15,1.105559437753518,5.133667822675394,10.008080438968276,17.638408807002985,0.887172746695111,8.173748812614342,0.8100219635126386,0.826356689547986,0.0238219094247246,0.8950410324752753,0.0018130159876104752,0.9431115475143023,1.1993253908073924,5.714106516157772,12.62609336357296,19.75798281433308,0.6631391367191237,0.7540115883191798,0.760134697578034,0.010570325539052886,0.8597566781662235,0.0007300969969375517,0.927899962697961,0.3051732589393824,0.8678328086042402,3.8819851248558206,6.116566231743926,9.762250444462113,15.444743171771291,25.81407093370402,32.651463987788745,7.818224626325189,10.157995687358513,0.05601037519345875
larno_ukea,ukea,simvp_lite,SimVP Lite (adapted),42,44,past_only,residual,6,30,2.2407098083946364,9.321916424216852,17.6484201708696,29.102401828268732,0.9813963128173682,14.90276133020719,0.6924321019309284,0.7476016567467711,0.09631002484008391,0.8182686928957673,0.008886318537052849,0.883646192532202,2.5135915395634165,10.637767864894853,22.79655583753626,33.469851226649226,0.6271981679793969,0.6141999367955335,0.6208115503785177,0.017044017735219245,0.7609961105745386,0.0012005970922037191,0.8559126301400194,0.5222566553923886,1.4587746893927298,5.808030564066498,8.124359239635593,13.471372797689767,19.295549776985997,41.98405063389423,50.83594848910998,10.856247997086143,12.369619805489217,0.07823216513539488
larno_ukea,ukea,simvp_lite,SimVP Lite (adapted),42,44,past_only,residual,12,60,4.158571107878405,15.650368248768027,28.247988445622873,43.869985554240934,1.1253608102527006,25.899208107819927,0.6244930625562729,0.6909643580879723,0.13348353478836544,0.7688466967948536,0.015272052912819436,0.830823540608431,4.911221484678842,18.176537121361612,37.105875176335736,51.24599647814645,0.6061180614528882,0.4862776423106029,0.49242204928222333,0.025018122966434582,0.6543563981149901,0.0018129530855630783,0.7600791081085376,0.7022252728464631,1.9847697978335572,7.249608154871899,9.505515060131101,15.865236781753664,21.197651953834622,58.29580502851246,68.99719047557775,15.325115740522442,13.89796557906927,0.13821542024567002
larno_ukea,ukea,simvp_lite,SimVP Lite (adapted),44,44,past_only,residual,1,5,0.35182035614919793,1.7444894827416866,3.5429652809900505,6.457283734882632,0.7713086714181103,2.6257815030522833,0.9216421308241007,0.929898170124799,0.009541362212943633,0.959223484998065,0.0006718770637249553,0.9840656011158141,0.3861551155544349,1.987317070723082,4.5046198247252285,7.397111599534366,0.7156934854143532,0.9001021543903518,0.9039889748105046,0.0047541177065596706,0.9474250132400379,0.0003238791999494657,0.9816683425827687,0.11247394975346596,0.3796323195474999,1.7241305657717192,3.342686061891384,4.052041164514693,6.941044372399046,9.13388481373839,11.722522190988482,8.891442330354653,12.218864898747286,0.021539976433748942
larno_ukea,ukea,simvp_lite,SimVP Lite (adapted),44,44,past_only,residual,3,15,1.0540924540483347,4.844313497878234,9.458089029087628,16.61049471232916,0.8498682579758025,7.222475713262192,0.8186121068309183,0.8400077710141174,0.030175700934579438,0.9002602630391783,0.0023498177668580212,0.9455380354724078,1.1993253908073924,5.714106516157772,12.62609336357296,19.75798281433308,0.6631391367191237,0.7540115883191798,0.760134697578034,0.010570325539052886,0.8597566781662235,0.0007300969969375517,0.927899962697961,0.29852639533923925,0.8783553248317175,3.738123047220724,5.863200336188696,9.378970794009824,14.727745753585447,24.09697946407765,30.629667581316017,12.109552409399594,15.221855172283275,0.06460051851173854
larno_ukea,ukea,simvp_lite,SimVP Lite (adapted),44,44,past_only,residual,6,30,2.120476161524848,8.6628051711014,16.50807177820788,26.98185027393265,0.9811218367352739,13.036057878381166,0.7100775950417256,0.7746142952970112,0.10501064130795822,0.8304624270858304,0.01013679206632141,0.8873826501393712,2.5135915395634165,10.637767864894853,22.79655583753626,33.469851226649226,0.6271981679793969,0.6141999367955335,0.6208115503785177,0.017044017735219245,0.7609961105745386,0.0012005970922037191,0.8559126301400194,0.5157984728900806,1.488775184356651,5.676754519029393,7.978569119054427,13.16779260845436,18.664511633891536,38.450407291115155,46.79729394199827,15.639588686189175,18.565574271562408,0.0958776582461921
larno_ukea,ukea,simvp_lite,SimVP Lite (adapted),44,44,past_only,residual,12,60,3.913454544268658,14.45705486325856,26.19084398628924,40.436596904861474,1.1391782537962563,22.052614820691254,0.6469270263701543,0.7252439418967015,0.14304542482016197,0.7856171111551782,0.017369654292813914,0.8354792001179562,4.911221484678842,18.176537121361612,37.105875176335736,51.24599647814645,0.6061180614528882,0.4862776423106029,0.49242204928222333,0.025018122966434582,0.6543563981149901,0.0018129530855630783,0.7600791081085376,0.7170981885394709,2.0947834985725238,7.125886552120937,9.491021381120989,15.226765044386228,20.879689003951825,53.322452875573646,63.2508766601656,20.316064822627947,20.46309609618548,0.16064938405955143
larno_ukea,ukea,simvp_lite,SimVP Lite (adapted),52,44,past_only,residual,1,5,0.389296852684618,1.8801925204417616,3.868625259524455,6.95772704062413,0.7897899756452619,2.8072348437630215,0.916134885830939,0.9277084449888983,0.013434512856421697,0.9562321448300898,0.000947518936022373,0.9826947728331744,0.3861551155544349,1.987317070723082,4.5046198247252285,7.397111599534366,0.7156934854143532,0.9001021543903518,0.9039889748105046,0.0047541177065596706,0.9474250132400379,0.0003238791999494657,0.9816683425827687,0.12833573356865255,0.41153689342896016,1.8590812320447843,3.563119936053336,4.502066903702029,7.458656988310189,9.98046404249839,12.678485858383869,-0.8135945902651756,5.390410612351023,0.016032731440587256
larno_ukea,ukea,simvp_lite,SimVP Lite (adapted),52,44,past_only,residual,3,15,1.2139966309420869,5.348115547977813,10.682929698283763,18.31325814617724,0.9020149050777665,7.706984342672886,0.792262634518458,0.8285973319518197,0.05244605062428721,0.884092118264042,0.004123243167712712,0.9367013712196438,1.1993253908073924,5.714106516157772,12.62609336357296,19.75798281433308,0.6631391367191237,0.7540115883191798,0.760134697578034,0.010570325539052886,0.8597566781662235,0.0007300969969375517,0.927899962697961,0.3626868554097088,1.0108078595228802,4.182655063310909,6.429889785716907,10.769310221393058,16.07568137396129,27.179077352599997,33.84755603031083,-1.2232910473793683,6.405042803193224,0.038251046199278216
larno_ukea,ukea,simvp_lite,SimVP Lite (adapted),52,44,past_only,residual,6,30,2.424116335029728,9.842071091019584,18.91697972635235,30.72129065724858,1.0498488872577447,14.250001091605577,0.6729570181002098,0.7343349056101535,0.11048056336574923,0.804512023703289,0.0101724180927963,0.8737669842765914,2.5135915395634165,10.637767864894853,22.79655583753626,33.469851226649226,0.6271981679793969,0.6141999367955335,0.6208115503785177,0.017044017735219245,0.7609961105745386,0.0012005970922037191,0.8559126301400194,0.5846338661821605,1.5512561128945037,6.15121213221096,8.539831103097379,14.735613812367419,20.20260903403832,44.940581324768644,53.71613507396085,3.559655700831539,7.479922329393058,0.05875708130467627
larno_ukea,ukea,simvp_lite,SimVP Lite (adapted),52,44,past_only,residual,12,60,4.480493800314902,16.84980930513046,31.18786790777231,47.37921270584276,1.1105557303609903,27.805496198244583,0.6000955414012739,0.6417587657306336,0.09762229724876087,0.7500746372629022,0.009961468638599286,0.835166437440843,4.911221484678842,18.176537121361612,37.105875176335736,51.24599647814645,0.6061180614528882,0.4862776423106029,0.49242204928222333,0.025018122966434582,0.6543563981149901,0.0018129530855630783,0.7600791081085376,0.6485239370872573,1.603190032093133,7.713519236067841,10.21724585940495,18.5420056246362,23.303420450278598,64.13597570946429,74.45553964293329,8.770276105601177,7.299123080336033,0.11381789909067097
larno_ukea,ukea,simvp_lite,SimVP Lite (adapted),77,44,past_only,residual,1,5,0.36940871962181115,1.7736962984952136,3.6039265665502995,6.547805364220697,0.7938641301172811,2.662089767937477,0.9208832063837504,0.9330525993415512,0.013965305197747427,0.9588122831449005,0.0009911622324694641,0.9833504708383262,0.3861551155544349,1.987317070723082,4.5046198247252285,7.397111599534366,0.7156934854143532,0.9001021543903518,0.9039889748105046,0.0047541177065596706,0.9474250132400379,0.0003238791999494657,0.9816683425827687,0.1268092008538558,0.40778136323756237,1.7438198225880008,3.3816534772775597,4.153392948340494,7.052715287646421,9.295183151298952,11.886509171458053,4.336701822162718,10.749204310419518,0.020781051993398636
larno_ukea,ukea,simvp_lite,SimVP Lite (adapted),77,44,past_only,residual,3,15,1.1015436026670928,5.110430569398304,9.99293618745163,17.585865640250216,0.8111445115398128,8.057646568004902,0.8104084973540945,0.8271078875793291,0.024307889751268106,0.8952769483113934,0.0018526065743662595,0.9428964742208247,1.1993253908073924,5.714106516157772,12.62609336357296,19.75798281433308,0.6631391367191237,0.7540115883191798,0.760134697578034,0.010570325539052886,0.8597566781662235,0.0007300969969375517,0.927899962697961,0.3021579304175155,0.8124557181270349,3.8763333935323123,6.099170088610445,9.74262651145881,15.356483844175767,25.77828823193031,32.56962294142026,8.153065789299461,10.564660372578887,0.05639690903491468
larno_ukea,ukea,simvp_lite,SimVP Lite (adapted),77,44,past_only,residual,6,30,2.249108855661923,9.271303180364038,17.657680850900086,28.98295401636807,0.8879027762713595,15.007503015490679,0.7059242967471102,0.7484215121540903,0.07444861412864573,0.827615033203033,0.006714318456300522,0.8879938894398278,2.5135915395634165,10.637767864894853,22.79655583753626,33.469851226649226,0.6271981679793969,0.6141999367955335,0.6208115503785177,0.017044017735219245,0.7609961105745386,0.0012005970922037191,0.8559126301400194,0.530559603011914,1.3622884288384918,5.823096968941111,8.157084354517327,13.439503339250845,19.22998834691663,42.010058004547865,50.604547172664105,10.522102725864166,12.845408001806602,0.09172435995157668
larno_ukea,ukea,simvp_lite,SimVP Lite (adapted),77,44,past_only,residual,12,60,4.184324808142216,15.598125071120075,28.406591476851027,43.75536180493199,1.0272714737671087,26.343523682310032,0.6277009340004027,0.6901043883997752,0.12591937536397557,0.7712730525474374,0.014264178050562333,0.8320884339735195,4.911221484678842,18.176537121361612,37.105875176335736,51.24599647814645,0.6061180614528882,0.4862776423106029,0.49242204928222333,0.025018122966434582,0.6543563981149901,0.0018129530855630783,0.7600791081085376,0.7089177718646165,1.874476072028679,7.314230552329056,9.714236130428805,16.3301432501961,21.716762483650612,58.394661310149765,68.6844306332473,14.800730913974643,14.185386539943904,0.14142329168979983
larno_ukea,ukea,urnn_lite,U-RNN Lite (adapted),2026,44,past_only,residual,1,5,0.3606279517587032,1.7634942088575447,3.5476450100238783,6.532001153976482,0.7831816803406302,2.490209697339779,0.9237360104334111,0.9327463440777889,0.010349309504467913,0.9603563123250956,0.0007315994693893958,0.9846690914134952,0.3861551155544349,1.987317070723082,4.5046198247252285,7.397111599534366,0.7156934854143532,0.9001021543903518,0.9039889748105046,0.0047541177065596706,0.9474250132400379,0.0003238791999494657,0.9816683425827687,0.12159114898619708,0.3781489981598862,1.7046992810509,3.387897573334294,4.090347143241784,7.053163946941616,9.18795428966433,11.834565349618362,6.610598375494833,11.262564246182405,0.023633856043059343
larno_ukea,ukea,urnn_lite,U-RNN Lite (adapted),2026,44,past_only,residual,3,15,1.0845182723687246,5.010977884545452,9.706816250628918,17.22613246419675,0.827244997059735,7.121948592173748,0.8179326892719581,0.8388550705867116,0.029591118169695698,0.8998492563545046,0.0022997473189021764,0.946777194753367,1.1993253908073924,5.714106516157772,12.62609336357296,19.75798281433308,0.6631391367191237,0.7540115883191798,0.760134697578034,0.010570325539052886,0.8597566781662235,0.0007300969969375517,0.927899962697961,0.30932570270504667,0.829984420472582,3.700248783107611,6.019562816483786,9.614131709679643,15.333203160417197,25.08680702569473,31.771717389524824,9.57264136310656,12.3051369382787,0.06392110095277825
larno_ukea,ukea,urnn_lite,U-RNN Lite (adapted),2026,44,past_only,residual,6,30,2.195252951121971,9.175116873859963,17.22145492969794,28.662382245611152,0.9155832347935109,13.231983733100769,0.7066107567525002,0.7643394840234671,0.09656552435847418,0.8280866084508992,0.009111950038060472,0.8925696570112803,2.5135915395634165,10.637767864894853,22.79655583753626,33.469851226649226,0.6271981679793969,0.6141999367955335,0.6208115503785177,0.017044017735219245,0.7609961105745386,0.0012005970922037191,0.8559126301400194,0.5193502011182585,1.3945245454853445,5.415772275153801,7.887971033056986,13.243952740689977,19.319536580406968,41.361345493184785,50.019853285790894,12.664690480965636,13.749604330638842,0.09241081995696665
larno_ukea,ukea,urnn_lite,U-RNN Lite (adapted),2026,44,past_only,residual,12,60,4.056787344594846,15.30181402375231,27.215652027297,42.85150293324915,1.087287759660961,21.997427176206543,0.6571673911876778,0.7298247705328407,0.13156028368794326,0.7931213161474189,0.015863339498676934,0.8674690833180422,4.911221484678842,18.176537121361612,37.105875176335736,51.24599647814645,0.6061180614528882,0.4862776423106029,0.49242204928222333,0.025018122966434582,0.6543563981149901,0.0018129530855630783,0.7600791081085376,0.7339570590857204,2.0677581732781065,6.667294937412841,9.031254553727994,15.282840284669327,20.937405842634178,56.520403094636464,67.39528749267751,17.397589230082747,15.815570801056714,0.17088974887707487
larno_ukea,ukea,urnn_lite,U-RNN Lite (adapted),42,44,past_only,residual,1,5,0.3765038136142306,1.7858114543854133,3.6146357012234516,6.5897500835785365,0.7869535662397459,2.4064958429871464,0.9207365044783345,0.9318888293392543,0.012830910978458345,0.95873275936764,0.0009084696707802388,0.9840149742780804,0.3861551155544349,1.987317070723082,4.5046198247252285,7.397111599534366,0.7156934854143532,0.9001021543903518,0.9039889748105046,0.0047541177065596706,0.9474250132400379,0.0003238791999494657,0.9816683425827687,0.13363322986180276,0.4139002573005544,1.7278614616838752,3.3649652898701934,4.1455496510269345,7.035305175850083,9.411798324585728,12.032602928575487,2.499332923855516,10.13958060876271,0.020634350087982756
larno_ukea,ukea,urnn_lite,U-RNN Lite (adapted),42,44,past_only,residual,3,15,1.154170012724681,5.017866373783687,9.702106641209616,17.139441048262842,0.8912301785534229,6.744303487432308,0.8105521837882116,0.8458360316021241,0.04894565154074678,0.8953646197507507,0.003913645943711501,0.9433833696237074,1.1993253908073924,5.714106516157772,12.62609336357296,19.75798281433308,0.6631391367191237,0.7540115883191798,0.760134697578034,0.010570325539052886,0.8597566781662235,0.0007300969969375517,0.927899962697961,0.38566294221230657,1.0158815885048962,3.7299422776702484,5.881405562006004,9.528222622283806,14.916471744921884,25.05879967392704,31.791391605984344,3.765064796327923,12.18458459612762,0.056540595469031785
larno_ukea,ukea,urnn_lite,U-RNN Lite (adapted),42,44,past_only,residual,6,30,2.2889767068415794,9.14906724199065,17.073232835109582,28.4408636471846,1.0476453463782347,12.886228995063368,0.6976737523634905,0.7778937169262875,0.1287772186314961,0.8219173458883883,0.012824181996743782,0.882041619750216,2.5135915395634165,10.637767864894853,22.79655583753626,33.469851226649226,0.6271981679793969,0.6141999367955335,0.6208115503785177,0.017044017735219245,0.7609961105745386,0.0012005970922037191,0.8559126301400194,0.6400586677089996,1.68075537249675,5.572517934465738,7.884552639055048,13.034571505114382,18.732937080803588,40.698402819894305,49.72750027154478,8.936011646540244,13.994483070240577,0.08347381556795697
larno_ukea,ukea,urnn_lite,U-RNN Lite (adapted),42,44,past_only,residual,12,60,4.178920436459055,15.279134019214654,27.195858847972655,42.67097957934678,1.2639981267665639,22.335039337094013,0.6431297851367076,0.7388331658804898,0.1676450839328537,0.7828106957274826,0.021351065415354392,0.8491647242918311,4.911221484678842,18.176537121361612,37.105875176335736,51.24599647814645,0.6061180614528882,0.4862776423106029,0.49242204928222333,0.025018122966434582,0.6543563981149901,0.0018129530855630783,0.7600791081085376,0.8764537101604537,2.38698366641037,6.922436687201931,9.299103977145078,15.138060464561711,20.774069400453605,56.26135744943947,67.07741457840271,14.910772208182626,15.940347068319426,0.1568521428261047
larno_ukea,ukea,urnn_lite,U-RNN Lite (adapted),44,44,past_only,residual,1,5,0.3917279952834254,1.798608081487107,3.6620725703526036,6.610510031634618,0.8260439041586273,2.7430759121974306,0.9175615919140871,0.9341551182910957,0.018991412858199594,0.957008730028002,0.0013563877132635423,0.9829552717228301,0.3861551155544349,1.987317070723082,4.5046198247252285,7.397111599534366,0.7156934854143532,0.9001021543903518,0.9039889748105046,0.0047541177065596706,0.9474250132400379,0.0003238791999494657,0.9816683425827687,0.14644135360649754,0.4472902102740879,1.7828247789300273,3.403462274191049,4.21235105153043,7.095185044640686,9.41634813533906,12.023983384194974,-1.4431712813098603,9.49566589126684,0.017459437523735355
larno_ukea,ukea,urnn_lite,U-RNN Lite (adapted),44,44,past_only,residual,3,15,1.1680688094805285,5.100528716473031,9.9694167212638,17.400801881903732,0.966365065801731,7.782608442581616,0.7986118788772189,0.8420023313042352,0.06061613154928763,0.8880313626926019,0.004884779748250446,0.9392378719825356,1.1993253908073924,5.714106516157772,12.62609336357296,19.75798281433308,0.6631391367191237,0.7540115883191798,0.760134697578034,0.010570325539052886,0.8597566781662235,0.0007300969969375517,0.927899962697961,0.37677865441492886,1.0639568075466184,3.9341788016658796,6.077053142323003,9.909772791443986,15.27217861229052,25.39627508617528,32.1777301440636,2.6061802381938923,10.737948233021694,0.044600290558039046
larno_ukea,ukea,urnn_lite,U-RNN Lite (adapted),44,44,past_only,residual,6,30,2.302632201664793,9.344935143151764,17.645728167810713,29.078996564275904,1.1169654073771977,14.765962815055481,0.6878371609124537,0.7602615019325163,0.12164788663091079,0.815051566397087,0.011743525860338852,0.8826001943788807,2.5135915395634165,10.637767864894853,22.79655583753626,33.469851226649226,0.6271981679793969,0.6141999367955335,0.6208115503785177,0.017044017735219245,0.7609961105745386,0.0012005970922037191,0.8559126301400194,0.5913856231949556,1.6605761992438732,5.8483503949833,8.146886142401204,13.627666097855101,19.257691244750937,41.79743571784494,50.79222066002167,8.392745383574333,12.153233066962285,0.0736372241169202
larno_ukea,ukea,urnn_lite,U-RNN Lite (adapted),44,44,past_only,residual,12,60,4.279557340183927,15.628073541161639,28.179138837755186,43.637053995109255,1.3673105282868838,25.18962392440209,0.6185284887785,0.7082063246087563,0.16993333599457108,0.7643096714909258,0.02080253715698659,0.8391602712841406,4.911221484678842,18.176537121361612,37.105875176335736,51.24599647814645,0.6061180614528882,0.4862776423106029,0.49242204928222333,0.025018122966434582,0.6543563981149901,0.0018129530855630783,0.7600791081085376,0.8504491218333302,2.463023347805054,7.515728658101501,9.920894361582345,16.0972134563732,21.375148882262675,57.692162685550045,68.5092820935195,12.861650537762737,14.020622097511316,0.1322508464678971
larno_ukea,ukea,urnn_lite,U-RNN Lite (adapted),52,44,past_only,residual,1,5,0.41090998256332084,1.8118892509166822,3.6699739084059586,6.655798387740577,0.7588355111571053,2.615655791492034,0.9189107550104968,0.9316591378914325,0.014672540001295588,0.9577420446585283,0.0010405480679227513,0.9830001380096675,0.3861551155544349,1.987317070723082,4.5046198247252285,7.397111599534366,0.7156934854143532,0.9001021543903518,0.9039889748105046,0.0047541177065596706,0.9474250132400379,0.0003238791999494657,0.9816683425827687,0.16646942682663535,0.4544821316690855,1.7771733425196674,3.4321559586485493,4.231312243411174,7.159495427917577,9.459224800303957,12.09274499974115,-6.410601857065482,8.827369441483777,0.018808600620145
larno_ukea,ukea,urnn_lite,U-RNN Lite (adapted),52,44,past_only,residual,3,15,1.173619423991722,5.1528493952466485,10.0168321079895,17.57906071353994,0.8755281737233368,7.39560084274182,0.8003088326127239,0.8390752493200363,0.05457862094126231,0.8890794936013998,0.004354964543136273,0.9374407569381802,1.1993253908073924,5.714106516157772,12.62609336357296,19.75798281433308,0.6631391367191237,0.7540115883191798,0.760134697578034,0.010570325539052886,0.8597566781662235,0.0007300969969375517,0.927899962697961,0.3785653929346892,1.0752187970153677,3.9039871148359384,6.126606611487199,9.963814868783274,15.440015480345574,25.63620293574728,32.50918959579036,2.143368848246021,9.822307640294369,0.04629724429354409
larno_ukea,ukea,urnn_lite,U-RNN Lite (adapted),52,44,past_only,residual,6,30,2.316552842197187,9.483068082855489,17.776674624400734,29.520762829397057,0.9519296457504538,14.17735885733213,0.6802216342651175,0.7555233765265814,0.12779792268453077,0.8096808425664959,0.012346793241980285,0.8710408644403868,2.5135915395634165,10.637767864894853,22.79655583753626,33.469851226649226,0.6271981679793969,0.6141999367955335,0.6208115503785177,0.017044017735219245,0.7609961105745386,0.0012005970922037191,0.8559126301400194,0.5922541373662094,1.6616485159816574,5.805403201600623,8.217103737862441,13.60376739191925,19.534173003461827,42.347889475737865,51.583486912018074,7.838930640276311,10.854718740854732,0.06602169746958397
larno_ukea,ukea,urnn_lite,U-RNN Lite (adapted),52,44,past_only,residual,12,60,4.2551906670503055,15.86091281910535,28.334084228920748,44.33266949259005,1.1133906638683542,23.58718416056572,0.6161973671438065,0.702646322565264,0.16643434343434343,0.7625273740332462,0.020129398915648813,0.8294198254215993,4.911221484678842,18.176537121361612,37.105875176335736,51.24599647814645,0.6061180614528882,0.4862776423106029,0.49242204928222333,0.025018122966434582,0.6543563981149901,0.0018129530855630783,0.7600791081085376,0.8003547817361601,2.3812509272937152,7.473091277188996,9.879416134984902,15.688703746483121,21.431047103540365,58.3698274732804,69.68063990457848,13.357793365155803,12.739633995162208,0.12991972483320358
larno_ukea,ukea,urnn_lite,U-RNN Lite (adapted),77,44,past_only,residual,1,5,0.39783933352702733,1.8322694352838071,3.673462861741441,6.729918322692689,0.8250817815098568,2.754667148185082,0.9205626498213451,0.9349973202664421,0.016493782617099415,0.9586385009694715,0.0011760719884689817,0.9835809428356094,0.3861551155544349,1.987317070723082,4.5046198247252285,7.397111599534366,0.7156934854143532,0.9001021543903518,0.9039889748105046,0.0047541177065596706,0.9474250132400379,0.0003238791999494657,0.9816683425827687,0.15215675293331524,0.46041135535913125,1.7404618388632491,3.421243086837937,4.189978129119723,7.159388857723807,9.637869802720296,12.316456299658828,-3.0257835522433645,7.80185697206642,0.020460495430993264
larno_ukea,ukea,urnn_lite,U-RNN Lite (adapted),77,44,past_only,residual,3,15,1.21701131302559,5.182637954430419,9.98353486891516,17.636660644138182,1.0123731015742847,7.810607734016884,0.8030589448358825,0.8473254759746147,0.061080972473377536,0.890773922988944,0.004955809918606412,0.9388731997230888,1.1993253908073924,5.714106516157772,12.62609336357296,19.75798281433308,0.6631391367191237,0.7540115883191798,0.760134697578034,0.010570325539052886,0.8597566781662235,0.0007300969969375517,0.927899962697961,0.42885206134562887,1.144241352728325,3.780340181727578,6.0317426731604975,9.686015289620304,15.355089519111859,26.026974769406973,32.72102358950963,-1.4746558651852837,9.300991506275214,0.04904735651670267
larno_ukea,ukea,urnn_lite,U-RNN Lite (adapted),77,44,past_only,residual,6,30,2.4777513838392538,9.44927585529229,17.7216327136677,29.19739589646926,1.2994559001890507,14.466314887007078,0.6624814156724806,0.7780853714370894,0.1831869089933606,0.7969790331815579,0.01946249826323121,0.8603351051730498,2.5135915395634165,10.637767864894853,22.79655583753626,33.469851226649226,0.6271981679793969,0.6141999367955335,0.6208115503785177,0.017044017735219245,0.7609961105745386,0.0012005970922037191,0.8559126301400194,0.777570414768396,2.0414874157278025,5.688081594517459,8.031333787371155,13.142139749794316,19.13693257995185,42.676314511178106,51.091886910343206,1.4258544063363539,11.17238150613009,0.048281478876947115
larno_ukea,ukea,urnn_lite,U-RNN Lite (adapted),77,44,past_only,residual,12,60,4.578123960463185,15.773382351914137,28.222773475895846,43.730391146499706,1.7088422750836683,24.14641381265261,0.5875856585517051,0.7424944229688538,0.26202968705042057,0.7402254554097414,0.037826459830383824,0.7902617360747813,4.911221484678842,18.176537121361612,37.105875176335736,51.24599647814645,0.6061180614528882,0.4862776423106029,0.49242204928222333,0.025018122966434582,0.6543563981149901,0.0018129530855630783,0.7600791081085376,1.1855933430701933,3.180259858017933,7.3691731704250545,9.744060046611173,15.030216576573347,20.924741836477015,58.54408768163728,68.76952067346056,6.782376344760578,13.221191437081906,0.1013080162411022
