dataset,location,model_type,model_label,lead_minutes,threshold_m,seed_count,csi_mean,csi_std,pod_mean,pod_std,far_mean,far_std,f1_mean,f1_std,false_positive_rate_mean,false_positive_rate_std,persistence_csi_mean,persistence_csi_std,persistence_pod_mean,persistence_pod_std,persistence_far_mean,persistence_far_std,persistence_f1_mean,persistence_f1_std,persistence_false_positive_rate_mean,persistence_false_positive_rate_std
larno_ukea,ukea,cnn_temporal_transformer,CNN-Temporal Transformer,5,0.05,5,0.9289453564575665,0.0035731767825820703,0.941841516771998,0.0028461005109160138,0.01452570518471126,0.0024334288455294083,0.9631604386242925,0.0019191083280239902,0.0017144571805797276,0.0002916504343773228,0.9234984825346504,0.0,0.9289936801166747,0.0,0.006364458865004836,0.0,0.9602279293901281,0.0,0.0007345616035527816,0.0
larno_ukea,ukea,cnn_temporal_transformer,CNN-Temporal Transformer,5,0.1,5,0.920248202079408,0.0030869356532770937,0.9314968226016385,0.00347566129107719,0.012948603052483696,0.0010678207723426988,0.9584652816426165,0.0016749075814711703,0.0009167389269491614,7.84268540590925e-05,0.9001021543903518,0.0,0.9039889748105046,0.0,0.0047541177065596706,0.0,0.9474250132400379,0.0,0.0003238791999494657,0.0
larno_ukea,ukea,cnn_temporal_transformer,CNN-Temporal Transformer,5,0.2,5,0.9047946051882543,0.004214481787893202,0.9199946229331899,0.006790053856277439,0.01788933040831634,0.003044990542017554,0.9500128745080206,0.002328203131203139,0.0006947001852459655,0.00012510679129862026,0.8660321715817695,0.0,0.8684769458260518,0.0,0.003239940755369045,0.0,0.9282071175093027,0.0,0.00011682178003015115,0.0
larno_ukea,ukea,cnn_temporal_transformer,CNN-Temporal Transformer,5,0.3,5,0.8892819218967397,0.0034482957200416406,0.9118612832970346,0.007125519028063082,0.027012583444119283,0.0054097541294310355,0.9413932092480175,0.0019349194398586103,0.0006643833513864343,0.00014175496442135488,0.8437696072280085,0.0,0.8448651365387837,0.0,0.0015344255803593527,0.0,0.9152657728169877,0.0,3.3986607084124524e-05,0.0
larno_ukea,ukea,cnn_temporal_transformer,CNN-Temporal Transformer,15,0.05,5,0.8106329046416758,0.012285763785890037,0.862867923875133,0.008090987942837557,0.06919384394170298,0.020389044031825218,0.8953629273923098,0.007507262319551448,0.009114720770111146,0.0029694083064953844,0.8116672514269577,0.0,0.820869429755857,0.0,0.013623269792739109,0.0,0.8960445145626482,0.0,0.001596678907871627,0.0
larno_ukea,ukea,cnn_temporal_transformer,CNN-Temporal Transformer,15,0.1,5,0.8039796094065321,0.008571656410566118,0.8269550576350214,0.011237358134308366,0.03328136149580154,0.0066098165348924326,0.8913149565056397,0.005274597488611403,0.002567565994014835,0.0005433101537333367,0.7540115883191798,0.0,0.760134697578034,0.0,0.010570325539052886,0.0,0.8597566781662235,0.0,0.0007300969969375517,0.0
larno_ukea,ukea,cnn_temporal_transformer,CNN-Temporal Transformer,15,0.2,5,0.773528448792548,0.014430140794873215,0.7942220055533182,0.018332444020352317,0.032345198738433126,0.005367997896673438,0.8722294782532709,0.009224188475961433,0.0014155831151604205,0.0002693817558117519,0.6759391846361186,0.0,0.6803662646516458,0.0,0.00953468279437176,0.0,0.8066392752585221,0.0,0.0003476515518872754,0.0
larno_ukea,ukea,cnn_temporal_transformer,CNN-Temporal Transformer,15,0.3,5,0.7476283628222097,0.013359481515202437,0.7764285266261055,0.020634170243483255,0.04669777061223414,0.010840519792318242,0.8555244175886358,0.008831906928122944,0.0013531479437327593,0.00035853089707041066,0.629461632308318,0.0,0.6310606535783729,0.0,0.004009305548680889,0.0,0.7726007410393749,0.0,8.959047199800026e-05,0.0
larno_ukea,ukea,cnn_temporal_transformer,CNN-Temporal Transformer,30,0.05,5,0.7054805024955042,0.029446463845593525,0.8118370182433249,0.023150873871451854,0.15364415636911208,0.056896273834652886,0.8269583074751615,0.020368595171257192,0.025320570256655316,0.01233805048891633,0.6993339181373497,0.0,0.7103494623655914,0.0,0.021693237242483804,0.0,0.823068274778972,0.0,0.0025959221870457756,0.0
larno_ukea,ukea,cnn_temporal_transformer,CNN-Temporal Transformer,30,0.1,5,0.6915010585661954,0.01373533383825388,0.746511355529765,0.025435870460989145,0.09480876014205501,0.025345170515977174,0.8175397689159787,0.009663722159628579,0.008862805359579423,0.002927255741613199,0.6141999367955335,0.0,0.6208115503785177,0.0,0.017044017735219245,0.0,0.7609961105745386,0.0,0.0012005970922037191,0.0
larno_ukea,ukea,cnn_temporal_transformer,CNN-Temporal Transformer,30,0.2,5,0.6511658302405501,0.021050934375573437,0.6759741299266802,0.026066292957335764,0.052691777809737134,0.010453660112993925,0.7885362065950325,0.015563547027148112,0.0027105985571254237,0.0006512530644915098,0.5045513654096229,0.0,0.5093330771939936,0.0,0.0182670945445569,0.0,0.6707000864304236,0.0,0.000677706878037947,0.0
larno_ukea,ukea,cnn_temporal_transformer,CNN-Temporal Transformer,30,0.3,5,0.6247884155132922,0.024339701845698523,0.6521105090641515,0.03146740426371223,0.06163920625411074,0.012377935121390455,0.7687901396910951,0.018716163788223602,0.0021818924472004246,0.0005605614680248998,0.44571619068785423,0.0,0.4471871028162419,0.0,0.007325644706231748,0.0,0.6166026133743274,0.0,0.00016607698116933905,0.0
larno_ukea,ukea,cnn_temporal_transformer,CNN-Temporal Transformer,60,0.05,5,0.6368759522699574,0.03909123352048723,0.8017005714285714,0.037374227637083764,0.23994312853654212,0.06788230185509275,0.7774655066392964,0.029103351990739195,0.05163429666294108,0.02005647625464793,0.595591200322595,0.0,0.60768,0.0,0.032321467569338284,0.0,0.7465461080534651,0.0,0.003969982436532013,0.0
larno_ukea,ukea,cnn_temporal_transformer,CNN-Temporal Transformer,60,0.1,5,0.6105924041235038,0.0246601824973764,0.7056604737496381,0.04787482363717186,0.1752634186585339,0.05094091618417042,0.7579267948356571,0.019208566047741512,0.022355275278112378,0.009101834190609712,0.4862776423106029,0.0,0.49242204928222333,0.0,0.025018122966434582,0.0,0.6543563981149901,0.0,0.0018129530855630783,0.0
larno_ukea,ukea,cnn_temporal_transformer,CNN-Temporal Transformer,60,0.2,5,0.5474968253866904,0.030061207586895997,0.5856213065465562,0.03842869055919566,0.10401421871618428,0.022918495644525052,0.7070960045819396,0.025444357102104544,0.0070596603119910594,0.0019278659157463307,0.3608003835266186,0.0,0.36412123166952737,0.0,0.0246544063194273,0.0,0.5302767222795407,0.0,0.0009408955111394257,0.0
larno_ukea,ukea,cnn_temporal_transformer,CNN-Temporal Transformer,60,0.3,5,0.5104988523378843,0.03616508106610452,0.5359643969214499,0.0455528915298193,0.08123527290727012,0.02407207830723678,0.6751595830435653,0.032357069821269756,0.0038317072159056867,0.0014680349407911262,0.29212463594186777,0.0,0.2931672639680395,0.0,0.012027916646042667,0.0,0.4521616999105191,0.0,0.00027998101198733517,0.0
larno_ukea,ukea,convlstm,Conv-LSTM,5,0.05,5,0.9286325556459677,0.0038569657717528643,0.9371142440447253,0.003998664473924187,0.009650143575838082,0.0011820828730334406,0.9629916765940333,0.002077542864604427,0.001127528056172358,0.00014012505865751676,0.9234984825346504,0.0,0.9289936801166747,0.0,0.006364458865004836,0.0,0.9602279293901281,0.0,0.0007345616035527816,0.0
larno_ukea,ukea,convlstm,Conv-LSTM,5,0.1,5,0.9130330953043313,0.0021392363078930523,0.9193844269198377,0.0026734979458848994,0.007505738897842082,0.0007462142440777359,0.9545384730773838,0.001169048589072238,0.0005216522433228628,5.340450128689629e-05,0.9001021543903518,0.0,0.9039889748105046,0.0,0.0047541177065596706,0.0,0.9474250132400379,0.0,0.0003238791999494657,0.0
larno_ukea,ukea,convlstm,Conv-LSTM,5,0.2,5,0.8935434563156722,0.0025655977194155456,0.8988842586369136,0.0035739094324212573,0.006595854276114262,0.0011990761990385383,0.943777252740532,0.0014310457378307352,0.00024721713831142464,4.622480040346767e-05,0.8660321715817695,0.0,0.8684769458260518,0.0,0.003239940755369045,0.0,0.9282071175093027,0.0,0.00011682178003015115,0.0
larno_ukea,ukea,convlstm,Conv-LSTM,5,0.3,5,0.8800226426087027,0.0026229885954099394,0.8880717038029821,0.004912624355168061,0.010162422969313911,0.002812606651976348,0.9361809555866275,0.0014834749913730776,0.0002392218601856765,6.848550353978848e-05,0.8437696072280085,0.0,0.8448651365387837,0.0,0.0015344255803593527,0.0,0.9152657728169877,0.0,3.3986607084124524e-05,0.0
larno_ukea,ukea,convlstm,Conv-LSTM,15,0.05,5,0.8210047872759041,0.007005984152358086,0.8538499485058029,0.007531646289576074,0.04458969926100723,0.012585644811519433,0.9016889123654159,0.00424616493801136,0.005643711461838765,0.001698175533301804,0.8116672514269577,0.0,0.820869429755857,0.0,0.013623269792739109,0.0,0.8960445145626482,0.0,0.001596678907871627,0.0
larno_ukea,ukea,convlstm,Conv-LSTM,15,0.1,5,0.7930998210857813,0.0029776083213037302,0.8073125242844191,0.005198161142357455,0.021660234904294858,0.004761964695194041,0.8846100536653699,0.001851558208590679,0.0016106382235470838,0.0003690607407844717,0.7540115883191798,0.0,0.760134697578034,0.0,0.010570325539052886,0.0,0.8597566781662235,0.0,0.0007300969969375517,0.0
larno_ukea,ukea,convlstm,Conv-LSTM,15,0.2,5,0.7499405228441675,0.005043499003131284,0.7605756798575637,0.006241086706904761,0.018272612253315168,0.0020651130109837538,0.8570945287203007,0.0032909754480429988,0.0007522324517535027,9.123219052202285e-05,0.6759391846361186,0.0,0.6803662646516458,0.0,0.00953468279437176,0.0,0.8066392752585221,0.0,0.0003476515518872754,0.0
larno_ukea,ukea,convlstm,Conv-LSTM,15,0.3,5,0.7256472733143416,0.003920091884928307,0.7383553910807251,0.0058969186061840545,0.023110151872811617,0.0038130880937329334,0.841008615859151,0.002633064563479951,0.0006171788070973351,0.00010849719463450807,0.629461632308318,0.0,0.6310606535783729,0.0,0.004009305548680889,0.0,0.7726007410393749,0.0,8.959047199800026e-05,0.0
larno_ukea,ukea,convlstm,Conv-LSTM,30,0.05,5,0.7284143436955319,0.018712686411506876,0.8014845354597077,0.015604487318205476,0.11057777180887006,0.029802906937210764,0.842732511511021,0.012704242155690493,0.016633564303207695,0.005233224074018208,0.6993339181373497,0.0,0.7103494623655914,0.0,0.021693237242483804,0.0,0.823068274778972,0.0,0.0025959221870457756,0.0
larno_ukea,ukea,convlstm,Conv-LSTM,30,0.1,5,0.683626962191901,0.010510922850286989,0.7194284436588976,0.013813458558897098,0.06747773713424486,0.014573820029147828,0.8120422647087489,0.007389855170774392,0.005841718314508937,0.0014240450426473003,0.6141999367955335,0.0,0.6208115503785177,0.0,0.017044017735219245,0.0,0.7609961105745386,0.0,0.0012005970922037191,0.0
larno_ukea,ukea,convlstm,Conv-LSTM,30,0.2,5,0.6237608667548304,0.010730508562777916,0.6400729997118433,0.013534692104840564,0.039013480045497165,0.005850059725709477,0.7682379592850542,0.008107771909984155,0.0018652965997889035,0.00032608260026200113,0.5045513654096229,0.0,0.5093330771939936,0.0,0.0182670945445569,0.0,0.6707000864304236,0.0,0.000677706878037947,0.0
larno_ukea,ukea,convlstm,Conv-LSTM,30,0.3,5,0.5961085766339268,0.011277867611809617,0.6119740450866279,0.013950485048586498,0.04140480478186464,0.006539752309261941,0.7468898360909602,0.008856409816724978,0.0013357975566485217,0.00024474588455742117,0.44571619068785423,0.0,0.4471871028162419,0.0,0.007325644706231748,0.0,0.6166026133743274,0.0,0.00016607698116933905,0.0
larno_ukea,ukea,convlstm,Conv-LSTM,60,0.05,5,0.6695843495117152,0.02033841096491877,0.7864137142857143,0.03147234333414191,0.1794599958187472,0.03657654561978325,0.8019178160990318,0.014714575816944285,0.034236627814146575,0.00935215072219493,0.595591200322595,0.0,0.60768,0.0,0.032321467569338284,0.0,0.7465461080534651,0.0,0.003969982436532013,0.0
larno_ukea,ukea,convlstm,Conv-LSTM,60,0.1,5,0.6118377309649644,0.018014857649832534,0.6849190266164875,0.027583153240130383,0.14632201258322397,0.03438725540525922,0.7590251552093534,0.013882122109773996,0.01716245965446385,0.005337153350251453,0.4862776423106029,0.0,0.49242204928222333,0.0,0.025018122966434582,0.0,0.6543563981149901,0.0,0.0018129530855630783,0.0
larno_ukea,ukea,convlstm,Conv-LSTM,60,0.2,5,0.5391191266797114,0.01609874586534387,0.573820686795148,0.0203707987877824,0.1000832500499573,0.016508406231379114,0.700413179148929,0.013599849066254175,0.006567662634201258,0.00136099313375642,0.3608003835266186,0.0,0.36412123166952737,0.0,0.0246544063194273,0.0,0.5302767222795407,0.0,0.0009408955111394257,0.0
larno_ukea,ukea,convlstm,Conv-LSTM,60,0.3,5,0.4980986056145714,0.01632830306405066,0.5234093179014159,0.018903400190021017,0.08815096267177616,0.006831949139019898,0.6648157659811066,0.014554058634066917,0.003977573866595385,0.0004212490063905479,0.29212463594186777,0.0,0.2931672639680395,0.0,0.012027916646042667,0.0,0.4521616999105191,0.0,0.00027998101198733517,0.0
larno_ukea,ukea,convlstm_attention,Conv-LSTM + Attention,5,0.05,5,0.9276140936006783,0.0028234456902772385,0.9381934856587263,0.0060266825768693294,0.011954652290976696,0.004693004938922552,0.9624456989785676,0.0015206697920994408,0.0014071895817079757,0.0005664089710502901,0.9234984825346504,0.0,0.9289936801166747,0.0,0.006364458865004836,0.0,0.9602279293901281,0.0,0.0007345616035527816,0.0
larno_ukea,ukea,convlstm_attention,Conv-LSTM + Attention,5,0.1,5,0.9117141518208064,0.005939802800284612,0.917794962100911,0.007644088438939456,0.007181796424200016,0.002037944571416453,0.95380837908836,0.0032538544819828903,0.0004993711919788215,0.0001466647610007874,0.9001021543903518,0.0,0.9039889748105046,0.0,0.0047541177065596706,0.0,0.9474250132400379,0.0,0.0003238791999494657,0.0
larno_ukea,ukea,convlstm_attention,Conv-LSTM + Attention,5,0.2,5,0.8875013549161644,0.008698526677970508,0.89171662857911,0.010418871391999722,0.00524871391920969,0.002343633972363554,0.9403756160771929,0.004881357515261676,0.00019581555509815812,9.08024814459703e-05,0.8660321715817695,0.0,0.8684769458260518,0.0,0.003239940755369045,0.0,0.9282071175093027,0.0,0.00011682178003015115,0.0
larno_ukea,ukea,convlstm_attention,Conv-LSTM + Attention,5,0.3,5,0.872279096897741,0.009096654117582785,0.8759758753560061,0.011294438585039542,0.004741658102865351,0.0030817629435078374,0.9317579983273311,0.005185482781476874,0.00011029202169880411,7.393476646844542e-05,0.8437696072280085,0.0,0.8448651365387837,0.0,0.0015344255803593527,0.0,0.9152657728169877,0.0,3.3986607084124524e-05,0.0
larno_ukea,ukea,convlstm_attention,Conv-LSTM + Attention,15,0.05,5,0.8216689645745923,0.007561169049979487,0.860775268938181,0.018167795281024964,0.051699390344708995,0.017279177324210453,0.9020867390147986,0.004564571816461796,0.006696056934400874,0.0024460777954950735,0.8116672514269577,0.0,0.820869429755857,0.0,0.013623269792739109,0.0,0.8960445145626482,0.0,0.001596678907871627,0.0
larno_ukea,ukea,convlstm_attention,Conv-LSTM + Attention,15,0.1,5,0.7890250415727628,0.012393535003717785,0.8054371195441005,0.01764401753258773,0.024835269525586335,0.007922220017828356,0.8820185197617193,0.00781576174651762,0.0018614562349351996,0.0006407676750778589,0.7540115883191798,0.0,0.760134697578034,0.0,0.010570325539052886,0.0,0.8597566781662235,0.0,0.0007300969969375517,0.0
larno_ukea,ukea,convlstm_attention,Conv-LSTM + Attention,15,0.2,5,0.7363587549533045,0.01690051024636325,0.7443481209860319,0.01863095892918056,0.014232108939002081,0.0028861207387181373,0.8480538854783444,0.01134435736761903,0.000573343789131895,0.00012957082758330315,0.6759391846361186,0.0,0.6803662646516458,0.0,0.00953468279437176,0.0,0.8066392752585221,0.0,0.0003476515518872754,0.0
larno_ukea,ukea,convlstm_attention,Conv-LSTM + Attention,15,0.3,5,0.7059190160703604,0.016160164065901015,0.7110393276045913,0.017347603810232527,0.009996218827220623,0.002750121486305356,0.827505003129786,0.011232259165331595,0.000254613909307897,7.55149828841499e-05,0.629461632308318,0.0,0.6310606535783729,0.0,0.004009305548680889,0.0,0.7726007410393749,0.0,8.959047199800026e-05,0.0
larno_ukea,ukea,convlstm_attention,Conv-LSTM + Attention,30,0.05,5,0.7196246747564731,0.015076781289680902,0.7992977528089887,0.04024942656160964,0.11701390524596023,0.047125069020585005,0.8368659295498934,0.010217706539063339,0.018268024610238336,0.009032569808860537,0.6993339181373497,0.0,0.7103494623655914,0.0,0.021693237242483804,0.0,0.823068274778972,0.0,0.0025959221870457756,0.0
larno_ukea,ukea,convlstm_attention,Conv-LSTM + Attention,30,0.1,5,0.6769422972710379,0.024373444836553775,0.7147946634866215,0.03744114950155423,0.0700967454178896,0.025017338568741693,0.807096647536229,0.017646643424332396,0.006174702908627555,0.002539684184665195,0.6141999367955335,0.0,0.6208115503785177,0.0,0.017044017735219245,0.0,0.7609961105745386,0.0,0.0012005970922037191,0.0
larno_ukea,ukea,convlstm_attention,Conv-LSTM + Attention,30,0.2,5,0.6029497135756885,0.02943110116582554,0.6190855825569109,0.03474611868692143,0.04016575329243005,0.010725056848777045,0.7518694647499804,0.023462273164568292,0.001886131507188043,0.0005880600098024417,0.5045513654096229,0.0,0.5093330771939936,0.0,0.0182670945445569,0.0,0.6707000864304236,0.0,0.000677706878037947,0.0
larno_ukea,ukea,convlstm_attention,Conv-LSTM + Attention,30,0.3,5,0.5664057710672192,0.029498054730731766,0.5731933016701228,0.03185765216283883,0.01982045494664448,0.006686518123621736,0.7227285248126551,0.024593607853157222,0.0005936129935039214,0.0002288134835566347,0.44571619068785423,0.0,0.4471871028162419,0.0,0.007325644706231748,0.0,0.6166026133743274,0.0,0.00016607698116933905,0.0
larno_ukea,ukea,convlstm_attention,Conv-LSTM + Attention,60,0.05,5,0.6283171968174941,0.05632247676865515,0.7726654693877552,0.06431102442011155,0.2146957478181119,0.10680432937676788,0.77021658522912,0.04399996354324188,0.04732275267443717,0.034755525310470436,0.595591200322595,0.0,0.60768,0.0,0.032321467569338284,0.0,0.7465461080534651,0.0,0.003969982436532013,0.0
larno_ukea,ukea,convlstm_attention,Conv-LSTM + Attention,60,0.1,5,0.5877066181000508,0.036362502720094864,0.6734993103213391,0.07436972850542672,0.16309331275787034,0.06908761115420915,0.7396400128726747,0.029754919238699117,0.020664000175919975,0.012537277360839294,0.4862776423106029,0.0,0.49242204928222333,0.0,0.025018122966434582,0.0,0.6543563981149901,0.0,0.0018129530855630783,0.0
larno_ukea,ukea,convlstm_attention,Conv-LSTM + Attention,60,0.2,5,0.5118021666832343,0.047555499659833446,0.5464295176767386,0.061627260923306004,0.10271126640010977,0.03290152450079836,0.6757126629025648,0.04333731513526445,0.0066993173502780876,0.0027396831838261463,0.3608003835266186,0.0,0.36412123166952737,0.0,0.0246544063194273,0.0,0.5302767222795407,0.0,0.0009408955111394257,0.0
larno_ukea,ukea,convlstm_attention,Conv-LSTM + Attention,60,0.3,5,0.46463854748338923,0.04781996505955839,0.48240702661418244,0.054696842548721425,0.06866607255231441,0.02126298091424186,0.6329555098784764,0.04656014420301487,0.002900280672323128,0.0011147894151949857,0.29212463594186777,0.0,0.2931672639680395,0.0,0.012027916646042667,0.0,0.4521616999105191,0.0,0.00027998101198733517,0.0
larno_ukea,ukea,fno2d_history,FNO2D-History (adapted),5,0.05,5,0.9270432139286215,0.0034198788103043617,0.9377190082644629,0.003656981162878082,0.01212052023949832,0.003116931523606511,0.9621372809671863,0.0018450097753520353,0.0014220728560283263,0.00037367009587573735,0.9234984825346504,0.0,0.9289936801166747,0.0,0.006364458865004836,0.0,0.9602279293901281,0.0,0.0007345616035527816,0.0
larno_ukea,ukea,fno2d_history,FNO2D-History (adapted),5,0.1,5,0.9205386592130419,0.0047384218250594275,0.929971671388102,0.0077984004724727584,0.010838184929490987,0.0038183001741076425,0.9586191492587098,0.002571073906499518,0.0007674329127880602,0.00027948781006903277,0.9001021543903518,0.0,0.9039889748105046,0.0,0.0047541177065596706,0.0,0.9474250132400379,0.0,0.0003238791999494657,0.0
larno_ukea,ukea,fno2d_history,FNO2D-History (adapted),5,0.2,5,0.9022214514201625,0.008173988910553506,0.910530985347493,0.011525556759934198,0.009899568050402518,0.005484241061006008,0.9485782949376301,0.004517028423738841,0.00038006019103142504,0.0002163000008814767,0.8660321715817695,0.0,0.8684769458260518,0.0,0.003239940755369045,0.0,0.9282071175093027,0.0,0.00011682178003015115,0.0
larno_ukea,ukea,fno2d_history,FNO2D-History (adapted),5,0.3,5,0.8854287225997697,0.007649683147925154,0.892703970514324,0.010131560430169672,0.009032946693097187,0.005235228567352038,0.9392158862175911,0.004292580640129884,0.0002146637957119865,0.00012657772387732565,0.8437696072280085,0.0,0.8448651365387837,0.0,0.0015344255803593527,0.0,0.9152657728169877,0.0,3.3986607084124524e-05,0.0
larno_ukea,ukea,fno2d_history,FNO2D-History (adapted),15,0.05,5,0.8245565656294745,0.012748910566914462,0.8686941244688309,0.009143559428447006,0.05780118867717745,0.01888338755027526,0.9037894057585197,0.00770559512958751,0.007572889610983201,0.0027248248174979667,0.8116672514269577,0.0,0.820869429755857,0.0,0.013623269792739109,0.0,0.8960445145626482,0.0,0.001596678907871627,0.0
larno_ukea,ukea,fno2d_history,FNO2D-History (adapted),15,0.1,5,0.819188332048162,0.009328116134023633,0.8374770107499029,0.012082377925431797,0.025841243940605458,0.006037387021362051,0.9005796613716713,0.005644476812448397,0.0020049138904738063,0.0005041111127512839,0.7540115883191798,0.0,0.760134697578034,0.0,0.010570325539052886,0.0,0.8597566781662235,0.0,0.0007300969969375517,0.0
larno_ukea,ukea,fno2d_history,FNO2D-History (adapted),15,0.2,5,0.7744010714789381,0.013550358160003719,0.7885372729392314,0.016440819453191452,0.022444290754604888,0.005366632942501968,0.8727933308285032,0.008613991643070747,0.0009659987781566817,0.0002480814217083776,0.6759391846361186,0.0,0.6803662646516458,0.0,0.00953468279437176,0.0,0.8066392752585221,0.0,0.0003476515518872754,0.0
larno_ukea,ukea,fno2d_history,FNO2D-History (adapted),15,0.3,5,0.7362208614745525,0.011329416652075519,0.7488302076146272,0.013382565598529144,0.022147375924601035,0.010270808546486994,0.8480240168035187,0.007479186003975412,0.0006036849335371424,0.0002904993736148148,0.629461632308318,0.0,0.6310606535783729,0.0,0.004009305548680889,0.0,0.7726007410393749,0.0,8.959047199800026e-05,0.0
larno_ukea,ukea,fno2d_history,FNO2D-History (adapted),30,0.05,5,0.7372363535404753,0.012995480266115819,0.8145674761386976,0.007258153758060517,0.11401815966062705,0.016909944786851525,0.8486812803697158,0.008675001063375737,0.01733120283535432,0.002886868885396658,0.6993339181373497,0.0,0.7103494623655914,0.0,0.021693237242483804,0.0,0.823068274778972,0.0,0.0025959221870457756,0.0
larno_ukea,ukea,fno2d_history,FNO2D-History (adapted),30,0.1,5,0.72928332360583,0.017521609783371146,0.7735729724549878,0.02200235314116196,0.07228121448482978,0.015998654687722828,0.8433332992679993,0.0116677905697012,0.0067715576055035085,0.0017131471496026575,0.6141999367955335,0.0,0.6208115503785177,0.0,0.017044017735219245,0.0,0.7609961105745386,0.0,0.0012005970922037191,0.0
larno_ukea,ukea,fno2d_history,FNO2D-History (adapted),30,0.2,5,0.6637870538087759,0.023536707276900087,0.6817596772644319,0.027141477336533354,0.03773545940476616,0.007512210477624968,0.7976814143838734,0.017084222387962988,0.0019255117717226805,0.00046147304086124164,0.5045513654096229,0.0,0.5093330771939936,0.0,0.0182670945445569,0.0,0.6707000864304236,0.0,0.000677706878037947,0.0
larno_ukea,ukea,fno2d_history,FNO2D-History (adapted),30,0.3,5,0.6166876190807771,0.018789262744637193,0.630490333801592,0.022520122193164047,0.033612901642992875,0.013172714786606119,0.7627346941626,0.014450225786740704,0.0011196730527754494,0.00048748369726286765,0.44571619068785423,0.0,0.4471871028162419,0.0,0.007325644706231748,0.0,0.6166026133743274,0.0,0.00016607698116933905,0.0
larno_ukea,ukea,fno2d_history,FNO2D-History (adapted),60,0.05,5,0.6891718972082963,0.018815278173223593,0.8100793469387755,0.01807980089602251,0.17702569624231618,0.0320724283915153,0.8158401316754601,0.013264422217181479,0.034497716749161744,0.008555091029283427,0.595591200322595,0.0,0.60768,0.0,0.032321467569338284,0.0,0.7465461080534651,0.0,0.003969982436532013,0.0
larno_ukea,ukea,fno2d_history,FNO2D-History (adapted),60,0.1,5,0.6840554675464486,0.02897463840178047,0.7660865419001073,0.0316945747053678,0.13487845845902185,0.024875748458478595,0.8120400134471918,0.02038135708278265,0.017254573308541646,0.0037500473868847363,0.4862776423106029,0.0,0.49242204928222333,0.0,0.025018122966434582,0.0,0.6543563981149901,0.0,0.0018129530855630783,0.0
larno_ukea,ukea,fno2d_history,FNO2D-History (adapted),60,0.2,5,0.6127486650860879,0.03160259793180378,0.6574041862018916,0.03894370869462027,0.09842004462506328,0.02031237907658616,0.7594039149491951,0.024357147799794324,0.0074159994630183315,0.001858115998753368,0.3608003835266186,0.0,0.36412123166952737,0.0,0.0246544063194273,0.0,0.5302767222795407,0.0,0.0009408955111394257,0.0
larno_ukea,ukea,fno2d_history,FNO2D-History (adapted),60,0.3,5,0.5494526874561387,0.027739977470456624,0.5733182539216263,0.03226715797603622,0.06927225005793199,0.01685469259617508,0.7088032977600355,0.02336987935002353,0.0033865028412887886,0.000995267556094393,0.29212463594186777,0.0,0.2931672639680395,0.0,0.012027916646042667,0.0,0.4521616999105191,0.0,0.00027998101198733517,0.0
larno_ukea,ukea,simvp_lite,SimVP Lite (adapted),5,0.05,5,0.932581679094032,0.00202883798155971,0.946716577540107,0.0017738402470960795,0.01575748622105049,0.0011621956913958698,0.9651137501657227,0.0010875076837332264,0.0018712116665666448,0.00013988097939271964,0.9234984825346504,0.0,0.9289936801166747,0.0,0.006364458865004836,0.0,0.9602279293901281,0.0,0.0007345616035527816,0.0
larno_ukea,ukea,simvp_lite,SimVP Lite (adapted),5,0.1,5,0.9205359499437163,0.0024830529715691753,0.9311231911798484,0.002257601967832309,0.012200393195525551,0.0015386443513777787,0.9586222813664301,0.0013475786171197274,0.0008627590602909171,0.0001101332151255084,0.9001021543903518,0.0,0.9039889748105046,0.0,0.0047541177065596706,0.0,0.9474250132400379,0.0,0.0003238791999494657,0.0
larno_ukea,ukea,simvp_lite,SimVP Lite (adapted),5,0.2,5,0.9006662461496884,0.0034883623004714165,0.9090146525070574,0.0036256505289505273,0.010089964205664418,0.0017839555261056782,0.9477338507996291,0.0019355089206068374,0.0003836204738513916,6.882022431731651e-05,0.8660321715817695,0.0,0.8684769458260518,0.0,0.003239940755369045,0.0,0.9282071175093027,0.0,0.00011682178003015115,0.0
larno_ukea,ukea,simvp_lite,SimVP Lite (adapted),5,0.3,5,0.8842543208898108,0.00416857915984738,0.8915479979896129,0.004037197012069344,0.009164913589727722,0.0020315665465700117,0.9385669466363983,0.0023550332743610533,0.00021597940630879134,4.840322717758511e-05,0.8437696072280085,0.0,0.8448651365387837,0.0,0.0015344255803593527,0.0,0.9152657728169877,0.0,3.3986607084124524e-05,0.0
larno_ukea,ukea,simvp_lite,SimVP Lite (adapted),15,0.05,5,0.8132922623472346,0.011497670673847188,0.8799847681030231,0.008574259419243916,0.08505587732246801,0.01676982323269472,0.8969893386813735,0.007018742527240552,0.011577750340360751,0.0025177287387540747,0.8116672514269577,0.0,0.820869429755857,0.0,0.013623269792739109,0.0,0.8960445145626482,0.0,0.001596678907871627,0.0
larno_ukea,ukea,simvp_lite,SimVP Lite (adapted),15,0.1,5,0.8104989857122967,0.010128325752621927,0.8339463800025904,0.00845985130478724,0.033477686981391995,0.010564106015159681,0.8952974281883348,0.006208974013736282,0.002607389466575065,0.0008543406769176227,0.7540115883191798,0.0,0.760134697578034,0.0,0.010570325539052886,0.0,0.8597566781662235,0.0,0.0007300969969375517,0.0
larno_ukea,ukea,simvp_lite,SimVP Lite (adapted),15,0.2,5,0.7645150267331092,0.00943450159055162,0.7813137200873269,0.008876729570859563,0.027325604025678775,0.00776646899325636,0.8665116008284248,0.00607489411951459,0.0011680642109041079,0.0003411555894399987,0.6759391846361186,0.0,0.6803662646516458,0.0,0.00953468279437176,0.0,0.8066392752585221,0.0,0.0003476515518872754,0.0
larno_ukea,ukea,simvp_lite,SimVP Lite (adapted),15,0.3,5,0.7286785688358713,0.01263256965905667,0.7436743398356646,0.010741258890921186,0.026941781416084262,0.010605437433240057,0.8429848085023196,0.008499289678636312,0.000728669172250402,0.00029108666692194147,0.629461632308318,0.0,0.6310606535783729,0.0,0.004009305548680889,0.0,0.7726007410393749,0.0,8.959047199800026e-05,0.0
larno_ukea,ukea,simvp_lite,SimVP Lite (adapted),30,0.05,5,0.7115005422494606,0.00929018751612498,0.824001751842455,0.01635649118391821,0.1604411242873674,0.017993615768934105,0.8314002660561547,0.006359292129327635,0.026079186826752684,0.0040072179930759275,0.6993339181373497,0.0,0.7103494623655914,0.0,0.021693237242483804,0.0,0.823068274778972,0.0,0.0025959221870457756,0.0
larno_ukea,ukea,simvp_lite,SimVP Lite (adapted),30,0.1,5,0.6983925671322678,0.01431150182336288,0.7584961509385747,0.019521569723082725,0.1014241732428757,0.015664585583270395,0.8223317027743826,0.00999789012835964,0.009597176518648444,0.0017653905540332064,0.6141999367955335,0.0,0.6208115503785177,0.0,0.017044017735219245,0.0,0.7609961105745386,0.0,0.0012005970922037191,0.0
larno_ukea,ukea,simvp_lite,SimVP Lite (adapted),30,0.2,5,0.6451304763676842,0.016487589061258783,0.6675759613229597,0.017529971440612562,0.04940358863383513,0.011033423205732975,0.7841683182446866,0.012237189359759326,0.00248919904663127,0.0005849635589752045,0.5045513654096229,0.0,0.5093330771939936,0.0,0.0182670945445569,0.0,0.6707000864304236,0.0,0.000677706878037947,0.0
larno_ukea,ukea,simvp_lite,SimVP Lite (adapted),30,0.3,5,0.6026610895143577,0.0184740379355734,0.6198497112404397,0.019075833741767665,0.04390550173373926,0.011274309104895266,0.7519084812448616,0.01449220389038648,0.0014367903154677143,0.00038456346735295607,0.44571619068785423,0.0,0.4471871028162419,0.0,0.007325644706231748,0.0,0.6166026133743274,0.0,0.00016607698116933905,0.0
larno_ukea,ukea,simvp_lite,SimVP Lite (adapted),60,0.05,5,0.6636375028683636,0.00905585425642461,0.7905149387755102,0.031687475894845614,0.19228106056984837,0.03214807747407295,0.7977794611408838,0.006534517030495016,0.03742947469263931,0.00978510512655853,0.595591200322595,0.0,0.60768,0.0,0.032321467569338284,0.0,0.7465461080534651,0.0,0.003969982436532013,0.0
larno_ukea,ukea,simvp_lite,SimVP Lite (adapted),60,0.1,5,0.6292161252769347,0.017307438986973143,0.7009927966895424,0.038576406242516764,0.13671260445951855,0.027869071599737096,0.7722764359183216,0.013117929275218192,0.016254517111882662,0.004737231749049758,0.4862776423106029,0.0,0.49242204928222333,0.0,0.025018122966434582,0.0,0.6543563981149901,0.0,0.0018129530855630783,0.0
larno_ukea,ukea,simvp_lite,SimVP Lite (adapted),60,0.2,5,0.5550170275430978,0.03304433867225679,0.5861235586171941,0.04667617712059921,0.08269806679782381,0.026616255750156803,0.7132522323948222,0.02768547443814679,0.005602273222396375,0.0023674873671338218,0.3608003835266186,0.0,0.36412123166952737,0.0,0.0246544063194273,0.0,0.5302767222795407,0.0,0.0009408955111394257,0.0
larno_ukea,ukea,simvp_lite,SimVP Lite (adapted),60,0.3,5,0.4969917920142114,0.03883310878828821,0.5113683097350332,0.04693714299068343,0.04898896935599121,0.02468852435420676,0.6630710929217776,0.0353297954298625,0.002184312767595021,0.0013082354605584287,0.29212463594186777,0.0,0.2931672639680395,0.0,0.012027916646042667,0.0,0.4521616999105191,0.0,0.00027998101198733517,0.0
larno_ukea,ukea,urnn_lite,U-RNN Lite (adapted),5,0.05,5,0.9300077701020716,0.002388326768128937,0.9478930481283423,0.0019345526617748875,0.019876758926671387,0.0032622399211913364,0.9637331561819337,0.0012814278883687405,0.002374842465342375,0.0004009446828933194,0.9234984825346504,0.0,0.9289936801166747,0.0,0.006364458865004836,0.0,0.9602279293901281,0.0,0.0007345616035527816,0.0
larno_ukea,ukea,urnn_lite,U-RNN Lite (adapted),5,0.1,5,0.920301502331535,0.002073381681583077,0.9330893499732027,0.0012946522454291988,0.01466759119190417,0.0029682110555891237,0.9584956694697475,0.0011240590332947252,0.001042615381964982,0.00021493905424558438,0.9001021543903518,0.0,0.9039889748105046,0.0,0.0047541177065596706,0.0,0.9474250132400379,0.0,0.0003238791999494657,0.0
larno_ukea,ukea,urnn_lite,U-RNN Lite (adapted),5,0.2,5,0.9015718243664206,0.0011948989938802147,0.9114289555047721,0.0013551488554866442,0.011844022440219272,0.0029926402016896255,0.9482381026488871,0.0006610978145621952,0.00045260095348824273,0.00011637780833281488,0.8660321715817695,0.0,0.8684769458260518,0.0,0.003239940755369045,0.0,0.9282071175093027,0.0,0.00011682178003015115,0.0
larno_ukea,ukea,urnn_lite,U-RNN Lite (adapted),5,0.3,5,0.8846186759694171,0.0017799210166080826,0.892260010051935,0.0018145761298578318,0.009571806797909053,0.004019903664530615,0.9387764172810719,0.0010019387204956785,0.00022628502265042912,9.635993210132587e-05,0.8437696072280085,0.0,0.8448651365387837,0.0,0.0015344255803593527,0.0,0.9152657728169877,0.0,3.3986607084124524e-05,0.0
larno_ukea,ukea,urnn_lite,U-RNN Lite (adapted),15,0.05,5,0.7964345099020805,0.016551224899520798,0.8845976096307131,0.0043581803230985,0.11106401598832472,0.022432965230052025,0.8865895312496977,0.010210494849547669,0.015661591827929207,0.003529974553994752,0.8116672514269577,0.0,0.820869429755857,0.0,0.013623269792739109,0.0,0.8960445145626482,0.0,0.001596678907871627,0.0
larno_ukea,ukea,urnn_lite,U-RNN Lite (adapted),15,0.1,5,0.806092905877199,0.007192938459710764,0.8426188317575444,0.0034527039281542758,0.05096249893487399,0.011571136996769017,0.8926197310776401,0.004399860517832003,0.004081789494521362,0.0009682227249813935,0.7540115883191798,0.0,0.760134697578034,0.0,0.010570325539052886,0.0,0.8597566781662235,0.0,0.0007300969969375517,0.0
larno_ukea,ukea,urnn_lite,U-RNN Lite (adapted),15,0.2,5,0.7679845090018599,0.0030075077947418353,0.7904279446363849,0.0026101267239714014,0.035601781918933505,0.0074789695199903895,0.8687650957453329,0.001924107144450748,0.001552393564058455,0.0003402081257840631,0.6759391846361186,0.0,0.6803662646516458,0.0,0.00953468279437176,0.0,0.8066392752585221,0.0,0.0003476515518872754,0.0
larno_ukea,ukea,urnn_lite,U-RNN Lite (adapted),15,0.3,5,0.731086859647795,0.004494595081577223,0.7489619268644546,0.0038807826677708223,0.03148478819678212,0.01175141296364525,0.8446486831748068,0.0029997954281465802,0.0008640503299362692,0.00033597100184133385,0.629461632308318,0.0,0.6310606535783729,0.0,0.004009305548680889,0.0,0.7726007410393749,0.0,8.959047199800026e-05,0.0
larno_ukea,ukea,urnn_lite,U-RNN Lite (adapted),30,0.05,5,0.700231811510079,0.025329100075683904,0.8287256856348919,0.011034656504068206,0.18050996178156328,0.038792022700792426,0.8234261456409123,0.017700887667117193,0.030537054735877985,0.008560262244607849,0.6993339181373497,0.0,0.7103494623655914,0.0,0.021693237242483804,0.0,0.823068274778972,0.0,0.0025959221870457756,0.0
larno_ukea,ukea,urnn_lite,U-RNN Lite (adapted),30,0.1,5,0.6869649439932085,0.015141417920126481,0.7672206901691884,0.00922511349991891,0.1315950922597545,0.02831992934177183,0.8143430792968857,0.010677102704413292,0.01309778988007092,0.003431306465712784,0.6141999367955335,0.0,0.6208115503785177,0.0,0.017044017735219245,0.0,0.7609961105745386,0.0,0.0012005970922037191,0.0
larno_ukea,ukea,urnn_lite,U-RNN Lite (adapted),30,0.2,5,0.6477301973835594,0.005867820945912619,0.6794864406236993,0.0049720833016182134,0.06718252550122623,0.012059460123415277,0.7861936821676108,0.004315702173451471,0.0035101095091891097,0.0006880376254133035,0.5045513654096229,0.0,0.5093330771939936,0.0,0.0182670945445569,0.0,0.6707000864304236,0.0,0.000677706878037947,0.0
larno_ukea,ukea,urnn_lite,U-RNN Lite (adapted),30,0.3,5,0.6063481319251233,0.005106776819674955,0.6268958904720494,0.0025389072416221754,0.05128618378130605,0.00867332328246588,0.754927315795527,0.003951703539305008,0.0017076753374560823,0.0003011912112301625,0.44571619068785423,0.0,0.4471871028162419,0.0,0.007325644706231748,0.0,0.6166026133743274,0.0,0.00016607698116933905,0.0
larno_ukea,ukea,urnn_lite,U-RNN Lite (adapted),60,0.05,5,0.6555016924581339,0.025963526588076522,0.8000483265306122,0.016996776534628454,0.21470352693640163,0.043402651391349474,0.7916072375037206,0.019116207153981164,0.0435768162222577,0.012374991693899,0.595591200322595,0.0,0.60768,0.0,0.032321467569338284,0.0,0.7465461080534651,0.0,0.003969982436532013,0.0
larno_ukea,ukea,urnn_lite,U-RNN Lite (adapted),60,0.1,5,0.6245217381596794,0.02400619187495291,0.724401001311241,0.016128299072387546,0.1795205468200264,0.04361682017411472,0.768598902561763,0.018240818502421142,0.02319456016341011,0.007567757193826217,0.4862776423106029,0.0,0.49242204928222333,0.0,0.025018122966434582,0.0,0.6543563981149901,0.0,0.0018129530855630783,0.0
larno_ukea,ukea,urnn_lite,U-RNN Lite (adapted),60,0.2,5,0.5631862871265901,0.01313778559421592,0.6200209655680863,0.013078925180313419,0.13919406679988233,0.02806972785999389,0.7204719435587754,0.010710574211872204,0.010351970287014347,0.002650947761424787,0.3608003835266186,0.0,0.36412123166952737,0.0,0.0246544063194273,0.0,0.5302767222795407,0.0,0.0009408955111394257,0.0
larno_ukea,ukea,urnn_lite,U-RNN Lite (adapted),60,0.3,5,0.5106177730449322,0.00659560847288013,0.5456083661359497,0.0063981812744097685,0.11145152477599524,0.012825164287774417,0.6760131304523643,0.005776046817341449,0.005379783297001092,0.0007165107871846523,0.29212463594186777,0.0,0.2931672639680395,0.0,0.012027916646042667,0.0,0.4521616999105191,0.0,0.00027998101198733517,0.0
