dataset,location,model_type,model_label,seed,event_id,samples,mean_mae_cm,mean_rmse_cm,mean_csi,mean_wet_rmse_cm,mean_boundary_f1,peak_time_mae_min,persistence_mean_mae_cm,persistence_mean_csi,persistence_peak_time_mae_min,mae_reduction_pct,csi_gain
larno_ukea,ukea,cnn_temporal_transformer,CNN-Temporal Transformer,2026,r100y_p0.5_d3h_1,26,0.6302020223821899,1.6525639173356514,0.7363172121407112,5.622768641170034,0.9172411873012225,8.461538461538462,0.5002831929785978,0.6445510862967422,55.0,-25.96905737130171,0.09176612584396904
larno_ukea,ukea,cnn_temporal_transformer,CNN-Temporal Transformer,2026,r100y_p0.7_d3h_1,26,0.4821031147532288,1.3858682689708677,0.7283107454567463,5.349121087374242,0.926016033056748,4.230769230769231,0.4198263858915212,0.643062689850945,55.0,-14.833924439851492,0.0852480556058014
larno_ukea,ukea,cnn_temporal_transformer,CNN-Temporal Transformer,2026,r100y_p0.8_d3h_1,26,0.48135914929474005,1.3499834328497529,0.7260102057242575,5.300221199458954,0.9262372207713859,5.384615384615385,0.38454974855222807,0.639373970419521,53.84615384615385,-25.174740357258017,0.08663623530473641
larno_ukea,ukea,cnn_temporal_transformer,CNN-Temporal Transformer,2026,r200y_p0.5_d3h_1,26,0.728220057601304,1.833714241795791,0.7810923365426331,5.465369163465045,0.9355908595779097,0.0,0.645143305306119,0.7107959287498848,55.0,-12.877255582116806,0.07029640779274826
larno_ukea,ukea,cnn_temporal_transformer,CNN-Temporal Transformer,2026,r300y_p0.1_d3h_1,26,7.533580099430423,16.325078097561335,0.7287377653263762,29.640048488723252,0.8447006143465174,0.0,9.849093978007787,0.6499613150569965,55.0,23.50991760001189,0.07877645026937974
larno_ukea,ukea,cnn_temporal_transformer,CNN-Temporal Transformer,2026,r300y_p0.5_d3h_1,26,0.789720301765237,1.9468665663575133,0.79500411856559,5.508890477508324,0.9384981626396072,0.0,0.7289477938276714,0.7311205776946749,55.0,-8.337017884154909,0.06388354087091508
larno_ukea,ukea,cnn_temporal_transformer,CNN-Temporal Transformer,2026,r300y_p0.6_d3h_1,26,0.6997296871278579,1.7627042928199241,0.8010799495485653,5.149786000036927,0.9413836352695888,0.0,0.6675955418484582,0.7351729115370766,55.0,-4.8134151990328995,0.06590703801148867
larno_ukea,ukea,cnn_temporal_transformer,CNN-Temporal Transformer,2026,r300y_p0.8_d3h_1,26,0.5914883500215522,1.717023653534165,0.8151905655108139,5.527201771395394,0.9503432388210105,0.0,0.5981127835596759,0.739708296865552,55.0,1.107555919252937,0.07548226864526197
larno_ukea,ukea,cnn_temporal_transformer,CNN-Temporal Transformer,2026,r500y_p0.1_d3h_1,26,7.928266246688896,16.979102566761426,0.7352055794485138,30.345502504136487,0.8460648095445732,0.0,10.437738887635145,0.6577656554464262,55.0,24.042301383099794,0.07743992400208766
larno_ukea,ukea,cnn_temporal_transformer,CNN-Temporal Transformer,2026,r500y_p0.3_d3h_1,26,1.0882485598930458,2.572506506651486,0.8132946393051452,6.342167353443861,0.940454787891619,0.0,1.1791099887065046,0.7444395670556976,55.0,7.705933261843937,0.06885507224944765
larno_ukea,ukea,cnn_temporal_transformer,CNN-Temporal Transformer,2026,r500y_p0.4_d3h_1,26,0.9915752555496204,2.328243214692453,0.8099452184262452,6.037564864143187,0.942997080929341,0.0,0.9457617622116108,0.753722275622938,55.0,-4.844083908708402,0.056222942803307197
larno_ukea,ukea,cnn_temporal_transformer,CNN-Temporal Transformer,2026,r500y_p0.9_d3h_1,26,0.6686726868822725,1.931751656211901,0.8308276331109001,5.894964026402363,0.951806410599923,0.0,0.674717223286946,0.7645072841140748,55.0,0.8958621769319893,0.06632034899682537
larno_ukea,ukea,cnn_temporal_transformer,CNN-Temporal Transformer,42,r100y_p0.5_d3h_1,26,0.4640183767014403,1.4806685384991225,0.7419156443107019,5.800140307265851,0.922134361213834,0.0,0.5002831929785978,0.6445510862967422,55.0,7.248857604278725,0.09736455801395971
larno_ukea,ukea,cnn_temporal_transformer,CNN-Temporal Transformer,42,r100y_p0.7_d3h_1,26,0.38831310206934444,1.2984644630922741,0.7408134813975028,5.367697362777757,0.9291575295303715,0.0,0.4198263858915212,0.643062689850945,55.0,7.506265656756381,0.09775079154655786
larno_ukea,ukea,cnn_temporal_transformer,CNN-Temporal Transformer,42,r100y_p0.8_d3h_1,26,0.3803701075313794,1.2551582182366863,0.7361408020121794,5.3024789902135305,0.9264926850062669,1.1538461538461537,0.38454974855222807,0.639373970419521,53.84615384615385,1.0868921476569384,0.09676683159265831
larno_ukea,ukea,cnn_temporal_transformer,CNN-Temporal Transformer,42,r200y_p0.5_d3h_1,26,0.537780915230909,1.6608251354593666,0.7948945663762745,5.630227539834645,0.9425854441477022,0.0,0.645143305306119,0.7107959287498848,55.0,16.64163437676328,0.0840986376263897
larno_ukea,ukea,cnn_temporal_transformer,CNN-Temporal Transformer,42,r300y_p0.1_d3h_1,26,7.8029345984105465,16.91346579174113,0.7259499006492482,30.739299439503394,0.8448485338420886,0.0,9.849093978007787,0.6499613150569965,55.0,20.775102605032963,0.07598858559225175
larno_ukea,ukea,cnn_temporal_transformer,CNN-Temporal Transformer,42,r300y_p0.5_d3h_1,26,0.5841397619241966,1.7883836871141625,0.8091773246994505,5.7269987935084234,0.9483687982984412,0.0,0.7289477938276714,0.7311205776946749,55.0,19.865350184146177,0.0780567470047756
larno_ukea,ukea,cnn_temporal_transformer,CNN-Temporal Transformer,42,r300y_p0.6_d3h_1,26,0.5099688133849615,1.6178737889490582,0.8209584360490841,5.30218801206845,0.9528035310334387,0.0,0.6675955418484582,0.7351729115370766,55.0,23.611111606146313,0.0857855245120075
larno_ukea,ukea,cnn_temporal_transformer,CNN-Temporal Transformer,42,r300y_p0.8_d3h_1,26,0.4737304306967132,1.5212798608130673,0.8280346870000436,4.976208053991677,0.9554132691404136,0.0,0.5981127835596759,0.739708296865552,55.0,20.795802444264694,0.08832639013449162
larno_ukea,ukea,cnn_temporal_transformer,CNN-Temporal Transformer,42,r500y_p0.1_d3h_1,26,8.259863373353795,17.560828293832035,0.7347101869928921,31.412678363983378,0.8456079307791785,0.0,10.437738887635145,0.6577656554464262,55.0,20.865395635268538,0.07694453154646597
larno_ukea,ukea,cnn_temporal_transformer,CNN-Temporal Transformer,42,r500y_p0.3_d3h_1,26,0.9156888036259292,2.408841208510011,0.8169674583091735,6.267902581812149,0.945981072768611,0.0,1.1791099887065046,0.7444395670556976,55.0,22.34067963155423,0.07252789125347592
larno_ukea,ukea,cnn_temporal_transformer,CNN-Temporal Transformer,42,r500y_p0.4_d3h_1,26,0.7745755298454414,2.171666389839799,0.8161583856890589,6.14194346812614,0.9492599026940874,0.0,0.9457617622116108,0.753722275622938,55.0,18.100354571944205,0.06243611006612082
larno_ukea,ukea,cnn_temporal_transformer,CNN-Temporal Transformer,42,r500y_p0.9_d3h_1,26,0.5268657617863957,1.6744077505759785,0.8399126762642135,5.105271703309787,0.9597017763262649,0.0,0.674717223286946,0.7645072841140748,55.0,21.9131002437256,0.07540539215013875
larno_ukea,ukea,cnn_temporal_transformer,CNN-Temporal Transformer,44,r100y_p0.5_d3h_1,26,0.6192358948154931,1.7585304951203677,0.6891342285207963,7.01735416840305,0.906810494321648,14.423076923076923,0.5002831929785978,0.6445510862967422,55.0,-23.77707336692083,0.04458314222405413
larno_ukea,ukea,cnn_temporal_transformer,CNN-Temporal Transformer,44,r100y_p0.7_d3h_1,26,0.595212013196661,1.4436589346737596,0.7342450304825134,5.015112363148888,0.9277307320106294,7.5,0.4198263858915212,0.643062689850945,55.0,-41.77575140559592,0.09118234063156849
larno_ukea,ukea,cnn_temporal_transformer,CNN-Temporal Transformer,44,r100y_p0.8_d3h_1,26,0.6257795122129487,1.4378596872532228,0.7266917417196449,4.641923721194001,0.9217663146189807,9.23076923076923,0.38454974855222807,0.639373970419521,53.84615384615385,-62.73044373814165,0.08731777130012386
larno_ukea,ukea,cnn_temporal_transformer,CNN-Temporal Transformer,44,r200y_p0.5_d3h_1,26,0.7131148114552416,2.061969645288621,0.758063716390905,7.401956508279139,0.9300115954377322,10.384615384615385,0.645143305306119,0.7107959287498848,55.0,-10.535877159396438,0.04726778764102013
larno_ukea,ukea,cnn_temporal_transformer,CNN-Temporal Transformer,44,r300y_p0.1_d3h_1,26,8.360830896809011,18.030387765728953,0.7154567910446525,32.78086823260131,0.8390088229189694,0.0,9.849093978007787,0.6499613150569965,55.0,15.11065976750698,0.06549547598765604
larno_ukea,ukea,cnn_temporal_transformer,CNN-Temporal Transformer,44,r300y_p0.5_d3h_1,26,0.7696971837945566,2.2322468769042483,0.7789464087992701,7.6427527766452545,0.9357581070667311,9.23076923076923,0.7289477938276714,0.7311205776946749,55.0,-5.59016575836139,0.04782583110459526
larno_ukea,ukea,cnn_temporal_transformer,CNN-Temporal Transformer,44,r300y_p0.6_d3h_1,26,0.7092897223423283,1.9496339502342703,0.7998546367648556,6.498144927224378,0.9461195810562555,6.346153846153846,0.6675955418484582,0.7351729115370766,55.0,-6.2454252433181505,0.06468172522777893
larno_ukea,ukea,cnn_temporal_transformer,CNN-Temporal Transformer,44,r300y_p0.8_d3h_1,26,0.6923052981546641,1.611527261750114,0.8135876292137101,4.460187841754193,0.9481066601317099,0.0,0.5981127835596759,0.739708296865552,55.0,-15.74828647440041,0.07387933234815813
larno_ukea,ukea,cnn_temporal_transformer,CNN-Temporal Transformer,44,r500y_p0.1_d3h_1,26,8.912153413906676,18.838648546116428,0.7192313517249214,33.70345688826646,0.8378428778717123,0.0,10.437738887635145,0.6577656554464262,55.0,14.616053248234856,0.061465696278495185
larno_ukea,ukea,cnn_temporal_transformer,CNN-Temporal Transformer,44,r500y_p0.3_d3h_1,26,1.1333827959600993,3.0823633283110334,0.7807951335154044,9.248899055814448,0.931125732696747,5.1923076923076925,1.1791099887065046,0.7444395670556976,55.0,3.8781108789154217,0.036355566459706834
larno_ukea,ukea,cnn_temporal_transformer,CNN-Temporal Transformer,44,r500y_p0.4_d3h_1,26,0.9428236997024119,2.7349265940653207,0.7818286315239296,8.724036142685103,0.935706043378288,10.384615384615385,0.9457617622116108,0.753722275622938,55.0,0.3106556668487453,0.02810635590099153
larno_ukea,ukea,cnn_temporal_transformer,CNN-Temporal Transformer,44,r500y_p0.9_d3h_1,26,0.7570823696457571,1.7501992996662945,0.8269528129696545,4.620968674055192,0.9503046632397689,0.0,0.674717223286946,0.7645072841140748,55.0,-12.207357914707115,0.062445528855579746
larno_ukea,ukea,cnn_temporal_transformer,CNN-Temporal Transformer,52,r100y_p0.5_d3h_1,26,0.7939604230661196,1.9554437289281381,0.6909675234210311,6.100040116826971,0.8862607469769965,4.230769230769231,0.5002831929785978,0.6445510862967422,55.0,-58.70219791694768,0.04641643712428889
larno_ukea,ukea,cnn_temporal_transformer,CNN-Temporal Transformer,52,r100y_p0.7_d3h_1,26,0.45159522197190677,1.4605376040715106,0.6926230073703292,5.920367827156867,0.9128289483162191,4.230769230769231,0.4198263858915212,0.643062689850945,55.0,-7.5671365945527524,0.04956031751938428
larno_ukea,ukea,cnn_temporal_transformer,CNN-Temporal Transformer,52,r100y_p0.8_d3h_1,26,0.442665942501333,1.4165423387495983,0.6848564107256617,5.771893673692152,0.9083707036002495,5.384615384615385,0.38454974855222807,0.639373970419521,53.84615384615385,-15.112789481179917,0.04548244030614068
larno_ukea,ukea,cnn_temporal_transformer,CNN-Temporal Transformer,52,r200y_p0.5_d3h_1,26,0.9426294431503464,2.193668171040298,0.7334736697189849,6.041827510106333,0.903875347992918,0.0,0.645143305306119,0.7107959287498848,55.0,-46.11163680960325,0.022677740969100024
larno_ukea,ukea,cnn_temporal_transformer,CNN-Temporal Transformer,52,r300y_p0.1_d3h_1,26,7.848306425847575,17.123441450566233,0.7089928025795902,31.125482433795987,0.8376729193809457,0.0,9.849093978007787,0.6499613150569965,55.0,20.3144325419963,0.059031487522593684
larno_ukea,ukea,cnn_temporal_transformer,CNN-Temporal Transformer,52,r300y_p0.5_d3h_1,26,1.0309756513813317,2.333402561259413,0.749452445347579,6.1252250755408655,0.9115571863350322,0.0,0.7289477938276714,0.7311205776946749,55.0,-41.43340032181536,0.018331867652904177
larno_ukea,ukea,cnn_temporal_transformer,CNN-Temporal Transformer,52,r300y_p0.6_d3h_1,26,0.7537572477143413,1.9156456425680293,0.7707778772527315,5.738278868727465,0.9287113760120905,0.0,0.6675955418484582,0.7351729115370766,55.0,-12.906273404300464,0.03560496571565486
larno_ukea,ukea,cnn_temporal_transformer,CNN-Temporal Transformer,52,r300y_p0.8_d3h_1,26,0.5331715302810964,1.67426808187765,0.7860784523024592,5.529479419893782,0.940763015109369,0.0,0.5981127835596759,0.739708296865552,55.0,10.857693576131373,0.04637015543690726
larno_ukea,ukea,cnn_temporal_transformer,CNN-Temporal Transformer,52,r500y_p0.1_d3h_1,26,8.2617680618971,17.739022608363147,0.7175012830604068,31.736634496035087,0.8397845923117204,0.0,10.437738887635145,0.6577656554464262,55.0,20.847147539930933,0.05973562761398066
larno_ukea,ukea,cnn_temporal_transformer,CNN-Temporal Transformer,52,r500y_p0.3_d3h_1,26,1.183638397537205,2.62490075607662,0.8054465445887762,6.282591842129107,0.9350847433800227,0.0,1.1791099887065046,0.7444395670556976,55.0,-0.3840531310966146,0.0610069775330786
larno_ukea,ukea,cnn_temporal_transformer,CNN-Temporal Transformer,52,r500y_p0.4_d3h_1,26,1.2667843137131303,2.6295359459300864,0.7710729281294815,6.241568168603183,0.9162723983940069,0.0,0.9457617622116108,0.753722275622938,55.0,-33.94327877570629,0.01735065250654344
larno_ukea,ukea,cnn_temporal_transformer,CNN-Temporal Transformer,52,r500y_p0.9_d3h_1,26,0.5866111469756663,1.816258709851701,0.8043570933971498,5.6455979939354,0.9439418389863932,0.0,0.674717223286946,0.7645072841140748,55.0,13.05822250721021,0.03984980928307502
larno_ukea,ukea,cnn_temporal_transformer,CNN-Temporal Transformer,77,r100y_p0.5_d3h_1,26,0.8567316977630516,1.9662447926056443,0.6719306266390368,5.703912118219374,0.8758246129702185,16.923076923076923,0.5002831929785978,0.6445510862967422,55.0,-71.24934632767139,0.027379540342294617
larno_ukea,ukea,cnn_temporal_transformer,CNN-Temporal Transformer,77,r100y_p0.7_d3h_1,26,0.5916575770877872,1.4094445168355987,0.7476427181157395,4.622665494230268,0.9316388703113699,12.692307692307692,0.4198263858915212,0.643062689850945,55.0,-40.92910711921413,0.10458002826479451
larno_ukea,ukea,cnn_temporal_transformer,CNN-Temporal Transformer,77,r100y_p0.8_d3h_1,26,0.6070100606347806,1.4328282746019707,0.7351617679972429,4.5278598048605305,0.9272980619186162,15.0,0.38454974855222807,0.639373970419521,53.84615384615385,-57.84955338550658,0.09578779757772182
larno_ukea,ukea,cnn_temporal_transformer,CNN-Temporal Transformer,77,r200y_p0.5_d3h_1,26,0.908864041654111,2.1229135968256236,0.7362494949200411,5.987357839828012,0.9066390035404305,7.6923076923076925,0.645143305306119,0.7107959287498848,55.0,-40.87785367668928,0.02545356617015626
larno_ukea,ukea,cnn_temporal_transformer,CNN-Temporal Transformer,77,r300y_p0.1_d3h_1,26,7.884187168431188,17.07442559246457,0.7817876490633329,31.059358499314076,0.8708111443602724,0.0,9.849093978007787,0.6499613150569965,55.0,19.95012753420846,0.13182633400633637
larno_ukea,ukea,cnn_temporal_transformer,CNN-Temporal Transformer,77,r300y_p0.5_d3h_1,26,0.9393380023130617,2.221501915041834,0.7598377310924537,6.210017913105845,0.915809377308398,5.384615384615385,0.7289477938276714,0.7311205776946749,55.0,-28.862177822178598,0.028717153397778805
larno_ukea,ukea,cnn_temporal_transformer,CNN-Temporal Transformer,77,r300y_p0.6_d3h_1,26,0.6979672732080218,1.7822385344528013,0.8137577960618346,5.63158536215078,0.9496884279965659,7.5,0.6675955418484582,0.7351729115370766,55.0,-4.549420937633807,0.07858488452475798
larno_ukea,ukea,cnn_temporal_transformer,CNN-Temporal Transformer,77,r300y_p0.8_d3h_1,26,0.6885000585575808,1.6106411748162615,0.8203232071452651,4.256520410564867,0.9505603903582707,2.3076923076923075,0.5981127835596759,0.739708296865552,55.0,-15.11207877216131,0.08061491027971313
larno_ukea,ukea,cnn_temporal_transformer,CNN-Temporal Transformer,77,r500y_p0.1_d3h_1,26,8.349516593359546,17.744190272840136,0.7905003118445295,31.765154932614085,0.8711212399559033,0.0,10.437738887635145,0.6577656554464262,55.0,20.006462288009228,0.13273465639810333
larno_ukea,ukea,cnn_temporal_transformer,CNN-Temporal Transformer,77,r500y_p0.3_d3h_1,26,1.5593248702041684,3.1211322862997144,0.7252111987920842,6.963062249630991,0.874965493519326,7.115384615384615,1.1791099887065046,0.7444395670556976,55.0,-32.2459215119332,-0.019228368263613405
larno_ukea,ukea,cnn_temporal_transformer,CNN-Temporal Transformer,77,r500y_p0.4_d3h_1,26,1.2861908183800745,2.8246286926020137,0.7324414560822065,7.034691917037753,0.8899464232690699,8.076923076923077,0.9457617622116108,0.753722275622938,55.0,-35.995223085821266,-0.021280819540731577
larno_ukea,ukea,cnn_temporal_transformer,CNN-Temporal Transformer,77,r500y_p0.9_d3h_1,26,0.7311247931958827,1.7265371718559763,0.8318866010410707,4.383640570329427,0.9518262471443967,0.0,0.674717223286946,0.7645072841140748,55.0,-8.360179340634303,0.06737931692699595
larno_ukea,ukea,convlstm,Conv-LSTM,2026,r100y_p0.5_d3h_1,26,0.5484099551747315,1.6849046483184522,0.6984393691907714,6.452506079315272,0.902104205585611,0.0,0.5002831929785978,0.6445510862967422,55.0,-9.61990386077042,0.05388828289402925
larno_ukea,ukea,convlstm,Conv-LSTM,2026,r100y_p0.7_d3h_1,26,0.39607810201671106,1.3625202697173469,0.7115505101520571,5.760010376466986,0.9204433379811567,0.0,0.4198263858915212,0.643062689850945,55.0,5.656691592735303,0.06848782030111211
larno_ukea,ukea,convlstm,Conv-LSTM,2026,r100y_p0.8_d3h_1,26,0.37272498497279655,1.2887644682287924,0.710369004058735,5.605233799231813,0.919372367860912,1.1538461538461537,0.38454974855222807,0.639373970419521,53.84615384615385,3.0749632847115294,0.070995033639214
larno_ukea,ukea,convlstm,Conv-LSTM,2026,r200y_p0.5_d3h_1,26,0.6096378151435158,1.8662796567156643,0.7627457277486329,6.4200355578505786,0.9284655203927474,0.0,0.645143305306119,0.7107959287498848,55.0,5.503504395160066,0.051949798998748076
larno_ukea,ukea,convlstm,Conv-LSTM,2026,r300y_p0.1_d3h_1,26,8.159645565212289,17.78975900402944,0.6986833256896615,32.39677623177019,0.834016768042659,0.0,9.849093978007787,0.6499613150569965,55.0,17.153338333128882,0.048722010632665014
larno_ukea,ukea,convlstm,Conv-LSTM,2026,r300y_p0.5_d3h_1,26,0.6448308918137271,1.9756483792913002,0.7818636238243472,6.505143144580371,0.9345981468555464,0.0,0.7289477938276714,0.7311205776946749,55.0,11.53949606901892,0.05074304612967229
larno_ukea,ukea,convlstm,Conv-LSTM,2026,r300y_p0.6_d3h_1,26,0.5360339878499326,1.7505969654338487,0.7910087750885673,6.024429231876894,0.9410170832245798,0.0,0.6675955418484582,0.7351729115370766,55.0,19.706775397908448,0.055835863551490617
larno_ukea,ukea,convlstm,Conv-LSTM,2026,r300y_p0.8_d3h_1,26,0.4878993087733264,1.5698326576562036,0.8069843170332199,5.383151634076473,0.9486565848628319,0.0,0.5981127835596759,0.739708296865552,55.0,18.426871622842203,0.06727602016766798
larno_ukea,ukea,convlstm,Conv-LSTM,2026,r500y_p0.1_d3h_1,26,8.568863367765593,18.39508478526218,0.7076507546572801,32.964762626569254,0.8348905667384182,0.0,10.437738887635145,0.6577656554464262,55.0,17.904984403120853,0.049885099210853934
larno_ukea,ukea,convlstm,Conv-LSTM,2026,r500y_p0.3_d3h_1,26,0.9252784292026897,2.5913425180326426,0.8047788456709001,7.468685398096023,0.9403141547195695,0.0,1.1791099887065046,0.7444395670556976,55.0,21.52738607381918,0.060339278615202496
larno_ukea,ukea,convlstm,Conv-LSTM,2026,r500y_p0.4_d3h_1,26,0.8174899073505085,2.3527694460591984,0.7982313066101083,7.084247342963022,0.9394334214413975,0.0,0.9457617622116108,0.753722275622938,55.0,13.562808308209219,0.044509030987170295
larno_ukea,ukea,convlstm,Conv-LSTM,2026,r500y_p0.9_d3h_1,26,0.5391573734506011,1.7074664874299224,0.8232333120640873,5.532813036723873,0.9524023129182747,0.0,0.674717223286946,0.7645072841140748,55.0,20.09135755805267,0.05872602795001258
larno_ukea,ukea,convlstm,Conv-LSTM,42,r100y_p0.5_d3h_1,26,0.5462378320625575,1.5518980715649118,0.7268607430942179,5.767904696370655,0.9179983102148701,0.0,0.5002831929785978,0.6445510862967422,55.0,-9.185725151059719,0.0823096567974757
larno_ukea,ukea,convlstm,Conv-LSTM,42,r100y_p0.7_d3h_1,26,0.4635831054922938,1.2819126372643181,0.7478353276573785,4.863034721107839,0.9348073914892097,0.0,0.4198263858915212,0.643062689850945,55.0,-10.422574919356993,0.10477263780643353
larno_ukea,ukea,convlstm,Conv-LSTM,42,r100y_p0.8_d3h_1,26,0.47531594422644957,1.2479535661241576,0.750434206783601,4.623876236963324,0.9346281548804092,1.1538461538461537,0.38454974855222807,0.639373970419521,53.84615384615385,-23.60323885685599,0.11106023636407991
larno_ukea,ukea,convlstm,Conv-LSTM,42,r200y_p0.5_d3h_1,26,0.6044228716574479,1.7400363141400614,0.7824286215937872,5.866267290654279,0.9401761429795057,0.0,0.645143305306119,0.7107959287498848,55.0,6.311843169379137,0.07163269284390239
larno_ukea,ukea,convlstm,Conv-LSTM,42,r300y_p0.1_d3h_1,26,7.87082944111717,17.083145394351714,0.7253765763556838,31.104650463927566,0.8403180598142707,0.0,9.849093978007787,0.6499613150569965,55.0,20.085751453970467,0.07541526129868725
larno_ukea,ukea,convlstm,Conv-LSTM,42,r300y_p0.5_d3h_1,26,0.6422621682750947,1.8599847938611753,0.7990881673403532,6.020363302770316,0.9438061317129516,0.0,0.7289477938276714,0.7311205776946749,55.0,11.891883930040366,0.06796758964567828
larno_ukea,ukea,convlstm,Conv-LSTM,42,r300y_p0.6_d3h_1,26,0.5694078784210236,1.6595989834058547,0.8086527872574981,5.44342007128511,0.9490401634834088,0.0,0.6675955418484582,0.7351729115370766,55.0,14.707657147555192,0.07347987572042147
larno_ukea,ukea,convlstm,Conv-LSTM,42,r300y_p0.8_d3h_1,26,0.566227676463683,1.4902323941395648,0.8239560761286365,4.552770771081088,0.9546630465493324,0.0,0.5981127835596759,0.739708296865552,55.0,5.330952283987023,0.08424777926308458
larno_ukea,ukea,convlstm,Conv-LSTM,42,r500y_p0.1_d3h_1,26,8.206612038160785,17.63692140048968,0.7330319939827405,31.597041341914217,0.8409450865782985,0.0,10.437738887635145,0.6577656554464262,55.0,21.375576391524987,0.07526633853631437
larno_ukea,ukea,convlstm,Conv-LSTM,42,r500y_p0.3_d3h_1,26,0.9851208030593739,2.5153860922946136,0.8029793928684976,6.984170256616709,0.9375920595828625,0.0,1.1791099887065046,0.7444395670556976,55.0,16.452170493436224,0.05853982581280004
larno_ukea,ukea,convlstm,Conv-LSTM,42,r500y_p0.4_d3h_1,26,0.8272929220002019,2.286507154963485,0.7989504971821244,6.7576307238654625,0.9399723468033012,0.0,0.9457617622116108,0.753722275622938,55.0,12.526287797296455,0.04522822155918638
larno_ukea,ukea,convlstm,Conv-LSTM,42,r500y_p0.9_d3h_1,26,0.6297125424035604,1.6376925844732373,0.8349514047767407,4.7802249995343775,0.9565884714959006,0.0,0.674717223286946,0.7645072841140748,55.0,6.670154448428222,0.07044412066266592
larno_ukea,ukea,convlstm,Conv-LSTM,44,r100y_p0.5_d3h_1,26,0.5199325461295973,1.6897413684128713,0.7001918754713045,6.634172557851344,0.91320636222055,1.7307692307692308,0.5002831929785978,0.6445510862967422,55.0,-3.9276460666229243,0.05564078917456228
larno_ukea,ukea,convlstm,Conv-LSTM,44,r100y_p0.7_d3h_1,26,0.47477324637329926,1.3494489488463257,0.7380335455539542,5.253773563217699,0.9328061683742732,3.4615384615384617,0.4198263858915212,0.643062689850945,55.0,-13.08799597364415,0.09497085570300923
larno_ukea,ukea,convlstm,Conv-LSTM,44,r100y_p0.8_d3h_1,26,0.486292726834769,1.3015588755110892,0.737463129930387,5.043099406324713,0.9308799969876653,6.346153846153846,0.38454974855222807,0.639373970419521,53.84615384615385,-26.45768945775883,0.09808915951086594
larno_ukea,ukea,convlstm,Conv-LSTM,44,r200y_p0.5_d3h_1,26,0.602936107021277,1.9727139185410183,0.7602031628211374,7.023144760247352,0.9331994317689457,0.0,0.645143305306119,0.7107959287498848,55.0,6.542298112326341,0.04940723407125258
larno_ukea,ukea,convlstm,Conv-LSTM,44,r300y_p0.1_d3h_1,26,7.903856265833051,17.294509166540163,0.7297309043629068,31.54864274434476,0.8419520074978488,0.0,9.849093978007787,0.6499613150569965,55.0,19.750422896951648,0.07976958930591027
larno_ukea,ukea,convlstm,Conv-LSTM,44,r300y_p0.5_d3h_1,26,0.6527723369025429,2.1316196679143693,0.7784474636101752,7.260761255683037,0.939446484460766,0.0,0.7289477938276714,0.7311205776946749,55.0,10.450056584317881,0.04732688591550038
larno_ukea,ukea,convlstm,Conv-LSTM,44,r300y_p0.6_d3h_1,26,0.5930840878866843,1.8601362956663987,0.7958708492131464,6.388271599587172,0.9461000313315168,0.0,0.6675955418484582,0.7351729115370766,55.0,11.161167097590905,0.06069793767606979
larno_ukea,ukea,convlstm,Conv-LSTM,44,r300y_p0.8_d3h_1,26,0.5743162392574581,1.5610949634321245,0.8186920444286422,5.009862146548181,0.9540641643136656,0.0,0.5981127835596759,0.739708296865552,55.0,3.9786048645528598,0.07898374756309023
larno_ukea,ukea,convlstm,Conv-LSTM,44,r500y_p0.1_d3h_1,26,8.274411273076241,17.836453990824605,0.7361598514547625,32.00791711667865,0.8414322553363032,0.0,10.437738887635145,0.6577656554464262,55.0,20.72601775008614,0.0783941960083363
larno_ukea,ukea,convlstm,Conv-LSTM,44,r500y_p0.3_d3h_1,26,1.1102556203710243,3.0317497290776028,0.7660787567457495,8.142005597260944,0.9139639264672965,0.0,1.1791099887065046,0.7444395670556976,55.0,5.839520400553492,0.021639189690051963
larno_ukea,ukea,convlstm,Conv-LSTM,44,r500y_p0.4_d3h_1,26,0.9134933136363975,2.7940878084061658,0.7728686132774363,8.31449361772351,0.928559022201129,0.0,0.9457617622116108,0.753722275622938,55.0,3.411900318295309,0.019146337654498247
larno_ukea,ukea,convlstm,Conv-LSTM,44,r500y_p0.9_d3h_1,26,0.6270144059951748,1.6894501172617091,0.830653371257632,5.186273062570655,0.9568022112230359,0.0,0.674717223286946,0.7645072841140748,55.0,7.070045886687565,0.06614608714355719
larno_ukea,ukea,convlstm,Conv-LSTM,52,r100y_p0.5_d3h_1,26,0.7162134047891839,1.9031188726718171,0.6812851060606485,6.32665882353883,0.8828689114017375,4.230769230769231,0.5002831929785978,0.6445510862967422,55.0,-43.16159624011668,0.036734019763906334
larno_ukea,ukea,convlstm,Conv-LSTM,52,r100y_p0.7_d3h_1,26,0.47995331859084045,1.4959758728499573,0.6827404310907523,6.381662220444017,0.9034166434101181,6.346153846153846,0.4198263858915212,0.643062689850945,55.0,-14.321856538777773,0.039677741239807385
larno_ukea,ukea,convlstm,Conv-LSTM,52,r100y_p0.8_d3h_1,26,0.4600784238513901,1.4477737776218051,0.6706044963065141,6.405294065867693,0.9006853933749402,9.615384615384615,0.38454974855222807,0.639373970419521,53.84615384615385,-19.640807355489404,0.031230525886993044
larno_ukea,ukea,convlstm,Conv-LSTM,52,r200y_p0.5_d3h_1,26,0.8071005084429917,2.081160415605781,0.7357703791511142,6.298258035468692,0.9071544546491611,0.0,0.645143305306119,0.7107959287498848,55.0,-25.10406630663624,0.024974450401229364
larno_ukea,ukea,convlstm,Conv-LSTM,52,r300y_p0.1_d3h_1,26,7.836343535385146,17.073452054695906,0.739107270740982,31.126627246757238,0.8480818752326407,0.0,9.849093978007787,0.6499613150569965,55.0,20.435894378883436,0.08914595568398553
larno_ukea,ukea,convlstm,Conv-LSTM,52,r300y_p0.5_d3h_1,26,0.8577795623493322,2.190407230077036,0.7547399162679513,6.400190636563298,0.9157156821525452,0.0,0.7289477938276714,0.7311205776946749,55.0,-17.673661901790126,0.02361933857327647
larno_ukea,ukea,convlstm,Conv-LSTM,52,r300y_p0.6_d3h_1,26,0.6404211268416085,1.8302001033894324,0.7834782491574357,6.226079514832954,0.9369594845367015,0.0,0.6675955418484582,0.7351729115370766,55.0,4.070490784226686,0.048305337620359046
larno_ukea,ukea,convlstm,Conv-LSTM,52,r300y_p0.8_d3h_1,26,0.5792387147350191,1.744970008087301,0.7719380576669774,6.168223272281717,0.9343764786195687,0.0,0.5981127835596759,0.739708296865552,55.0,3.1556036492528294,0.03222976080142548
larno_ukea,ukea,convlstm,Conv-LSTM,52,r500y_p0.1_d3h_1,26,8.186769721040394,17.629830033582778,0.749139865845382,31.625785913407608,0.8497853058845002,0.0,10.437738887635145,0.6577656554464262,55.0,21.56567807287569,0.09137421039895577
larno_ukea,ukea,convlstm,Conv-LSTM,52,r500y_p0.3_d3h_1,26,1.3833135504009786,2.9607863874544242,0.7511251281616648,6.472635069179333,0.8949452215226061,0.0,1.1791099887065046,0.7444395670556976,55.0,-17.31844897001401,0.006685561105967186
larno_ukea,ukea,convlstm,Conv-LSTM,52,r500y_p0.4_d3h_1,26,1.209614904351425,2.747688590590267,0.7454203372924879,6.620113001611514,0.9001595714811006,0.0,0.9457617622116108,0.753722275622938,55.0,-27.89847852622086,-0.00830193833045012
larno_ukea,ukea,convlstm,Conv-LSTM,52,r500y_p0.9_d3h_1,26,0.6283187664899109,1.883037585292979,0.7928515566316593,6.31179345062047,0.9398607494124989,0.0,0.674717223286946,0.7645072841140748,55.0,6.876726307800601,0.028344272517584534
larno_ukea,ukea,convlstm,Conv-LSTM,77,r100y_p0.5_d3h_1,26,0.4801422200620004,1.5746733099114882,0.7177293143155532,6.056532290664101,0.9184226682817713,0.0,0.5002831929785978,0.6445510862967422,55.0,4.025914361959991,0.07317822801881102
larno_ukea,ukea,convlstm,Conv-LSTM,77,r100y_p0.7_d3h_1,26,0.36261305687196177,1.3450460969340265,0.730350966646522,5.554631944003474,0.9246520918171108,1.1538461538461537,0.4198263858915212,0.643062689850945,55.0,13.627854499441295,0.08728827679557705
larno_ukea,ukea,convlstm,Conv-LSTM,77,r100y_p0.8_d3h_1,26,0.34301168482199407,1.3160247296817467,0.7179288159591846,5.673504790026511,0.9195272897415984,3.4615384615384617,0.38454974855222807,0.639373970419521,53.84615384615385,10.801739927439444,0.07855484553966352
larno_ukea,ukea,convlstm,Conv-LSTM,77,r200y_p0.5_d3h_1,26,0.5395505384659884,1.7584687079250445,0.7775984847037523,6.10755202739038,0.9380722314888955,0.0,0.645143305306119,0.7107959287498848,55.0,16.367335128747406,0.06680255595386742
larno_ukea,ukea,convlstm,Conv-LSTM,77,r300y_p0.1_d3h_1,26,7.790813844117349,17.011760817954627,0.7136105109706257,31.03060768728457,0.8355000380334718,0.0,9.849093978007787,0.6499613150569965,55.0,20.898167267836076,0.06364919591362916
larno_ukea,ukea,convlstm,Conv-LSTM,77,r300y_p0.5_d3h_1,26,0.5755303970445574,1.8735479125965906,0.7943422892554978,6.228567152419184,0.945316847963228,0.0,0.7289477938276714,0.7311205776946749,55.0,21.046417601118765,0.0632217115608229
larno_ukea,ukea,convlstm,Conv-LSTM,77,r300y_p0.6_d3h_1,26,0.4889037094192115,1.6851052948271914,0.8009784377461,5.703671798209245,0.945732966160193,0.0,0.6675955418484582,0.7351729115370766,55.0,26.766480784829604,0.06580552620902336
larno_ukea,ukea,convlstm,Conv-LSTM,77,r300y_p0.8_d3h_1,26,0.4668100569708001,1.6469683164216444,0.8022810821525808,5.60456854951313,0.9462449335385463,0.0,0.5981127835596759,0.739708296865552,55.0,21.952837357433822,0.06257278528702881
larno_ukea,ukea,convlstm,Conv-LSTM,77,r500y_p0.1_d3h_1,26,8.12572890111113,17.569792599853297,0.7212051881308477,31.53277337195668,0.8364299612524032,0.0,10.437738887635145,0.6577656554464262,55.0,22.150486914966724,0.06343953268442148
larno_ukea,ukea,convlstm,Conv-LSTM,77,r500y_p0.3_d3h_1,26,0.9566760105862971,2.7224702120595006,0.7950018259969348,7.5655582287157355,0.9343732909957156,0.0,1.1791099887065046,0.7444395670556976,55.0,18.864565668230814,0.050562258941237226
larno_ukea,ukea,convlstm,Conv-LSTM,77,r500y_p0.4_d3h_1,26,0.80295438881525,2.411483620304112,0.7993502861714952,7.172168152752272,0.9424398617833687,0.0,0.9457617622116108,0.753722275622938,55.0,15.099719517356434,0.04562801054855714
larno_ukea,ukea,convlstm,Conv-LSTM,77,r500y_p0.9_d3h_1,26,0.5228092620946261,1.8319524021506006,0.8124504473015232,5.9596058138382935,0.9483145803507438,0.0,0.674717223286946,0.7645072841140748,55.0,22.514315027010365,0.0479431631874484
larno_ukea,ukea,convlstm_attention,Conv-LSTM + Attention,2026,r100y_p0.5_d3h_1,26,0.5273926815695451,1.8621310567724219,0.6627856435846242,7.682255868860346,0.8973182779986928,0.0,0.5002831929785978,0.6445510862967422,55.0,-5.418828569783086,0.018234557287882036
larno_ukea,ukea,convlstm_attention,Conv-LSTM + Attention,2026,r100y_p0.7_d3h_1,26,0.4553182320761086,1.6107274275434698,0.6652398491508001,6.897526360466346,0.9040754033446691,0.0,0.4198263858915212,0.643062689850945,55.0,-8.45393414451995,0.022177159299855198
larno_ukea,ukea,convlstm_attention,Conv-LSTM + Attention,2026,r100y_p0.8_d3h_1,26,0.42844190884815286,1.5214497520512666,0.6618419129155325,6.721417662422822,0.9018047433589274,1.1538461538461537,0.38454974855222807,0.639373970419521,53.84615384615385,-11.413909503561548,0.022467942496011473
larno_ukea,ukea,convlstm_attention,Conv-LSTM + Attention,2026,r200y_p0.5_d3h_1,26,0.630969735655159,2.175895268174895,0.7223852642588209,7.954124439720934,0.9168297315670855,0.0,0.645143305306119,0.7107959287498848,55.0,2.196964540186095,0.011589335508936038
larno_ukea,ukea,convlstm_attention,Conv-LSTM + Attention,2026,r300y_p0.1_d3h_1,26,8.877409983639962,19.25758748145274,0.6673080044354616,35.08555495797107,0.8194770284985575,0.0,9.849093978007787,0.6499613150569965,55.0,9.865719593472397,0.017346689378465063
larno_ukea,ukea,convlstm_attention,Conv-LSTM + Attention,2026,r300y_p0.5_d3h_1,26,0.6861099322383072,2.351751124237996,0.740685325237398,8.170977346002573,0.9219288907244361,0.0,0.7289477938276714,0.7311205776946749,55.0,5.8766707234855,0.009564747542723184
larno_ukea,ukea,convlstm_attention,Conv-LSTM + Attention,2026,r300y_p0.6_d3h_1,26,0.6238595073746631,2.1468241338685514,0.7497133117168931,7.541577411833718,0.9258712612759346,0.0,0.6675955418484582,0.7351729115370766,55.0,6.551277192879002,0.014540400179816504
larno_ukea,ukea,convlstm_attention,Conv-LSTM + Attention,2026,r300y_p0.8_d3h_1,26,0.5691080606853057,1.9572780415070257,0.7551775054564388,7.011533275192451,0.9303127819117378,0.0,0.5981127835596759,0.739708296865552,55.0,4.84937350807789,0.015469208590886852
larno_ukea,ukea,convlstm_attention,Conv-LSTM + Attention,2026,r500y_p0.1_d3h_1,26,9.38455687449299,20.010127500451787,0.6728754163986616,35.86966421713488,0.8200631682880568,0.0,10.437738887635145,0.6577656554464262,55.0,10.090135655623518,0.015109760952235374
larno_ukea,ukea,convlstm_attention,Conv-LSTM + Attention,2026,r500y_p0.3_d3h_1,26,1.04180399180062,3.3060807890845205,0.7596283198167765,10.111208055376672,0.9261402619099082,0.0,1.1791099887065046,0.7444395670556976,55.0,11.644884550296327,0.015188752761078894
larno_ukea,ukea,convlstm_attention,Conv-LSTM + Attention,2026,r500y_p0.4_d3h_1,26,0.8672990366905952,2.866243067108229,0.7625009789778261,9.252488481344486,0.9314144488120829,0.0,0.9457617622116108,0.753722275622938,55.0,8.296246333488357,0.008778703354888062
larno_ukea,ukea,convlstm_attention,Conv-LSTM + Attention,2026,r500y_p0.9_d3h_1,26,0.6193053267172424,2.1209851601626966,0.7755456437205318,7.2170896995565,0.9348501159025941,0.0,0.674717223286946,0.7645072841140748,55.0,8.21261035841943,0.011038359606457049
larno_ukea,ukea,convlstm_attention,Conv-LSTM + Attention,42,r100y_p0.5_d3h_1,26,0.7864900491745695,1.8506472703666288,0.7178124420299763,5.053189263084466,0.900748440761272,0.0,0.5002831929785978,0.6445510862967422,55.0,-57.20896888259361,0.07326135573323411
larno_ukea,ukea,convlstm_attention,Conv-LSTM + Attention,42,r100y_p0.7_d3h_1,26,0.9305090536240855,1.8804663520902323,0.7009991003113203,4.379039354089084,0.8769561144185604,0.0,0.4198263858915212,0.643062689850945,55.0,-121.64139389383674,0.05793641046037534
larno_ukea,ukea,convlstm_attention,Conv-LSTM + Attention,42,r100y_p0.8_d3h_1,26,0.962871700818059,1.9071980324418374,0.6842397733304646,4.31069341978714,0.8623145271925919,1.1538461538461537,0.38454974855222807,0.639373970419521,53.84615384615385,-150.38937210156192,0.04486580291094355
larno_ukea,ukea,convlstm_attention,Conv-LSTM + Attention,42,r200y_p0.5_d3h_1,26,0.7754095464130215,1.9292703894576402,0.7732274554857356,5.3772378679161275,0.9234948681777359,0.0,0.645143305306119,0.7107959287498848,55.0,-20.191830254689155,0.06243152673585073
larno_ukea,ukea,convlstm_attention,Conv-LSTM + Attention,42,r300y_p0.1_d3h_1,26,7.75251495561556,16.87331814393229,0.7524297983650741,30.755733645067956,0.849705706086036,0.0,9.849093978007787,0.6499613150569965,55.0,21.287024238713883,0.10246848330807756
larno_ukea,ukea,convlstm_attention,Conv-LSTM + Attention,42,r300y_p0.5_d3h_1,26,0.7947604712348848,2.0353925471559764,0.7877483312036005,5.733533036020234,0.9324674795896517,0.0,0.7289477938276714,0.7311205776946749,55.0,-9.028448671424611,0.05662775350892568
larno_ukea,ukea,convlstm_attention,Conv-LSTM + Attention,42,r300y_p0.6_d3h_1,26,0.8573819393822626,1.9552653635856356,0.7894128359921877,5.005569957149441,0.9263647028974362,0.0,0.6675955418484582,0.7351729115370766,55.0,-28.428350046843978,0.054239924455111055
larno_ukea,ukea,convlstm_attention,Conv-LSTM + Attention,42,r300y_p0.8_d3h_1,26,0.9443710963751535,1.958761077900673,0.7816272261028707,4.510154396240134,0.9147889092553725,0.0,0.5981127835596759,0.739708296865552,55.0,-57.89180942676343,0.04191892923731877
larno_ukea,ukea,convlstm_attention,Conv-LSTM + Attention,42,r500y_p0.1_d3h_1,26,8.36476395142249,17.955476077706788,0.738198459820532,32.183575037787726,0.8413756482589158,0.0,10.437738887635145,0.6577656554464262,55.0,19.86038315892692,0.08043280437410583
larno_ukea,ukea,convlstm_attention,Conv-LSTM + Attention,42,r500y_p0.3_d3h_1,26,1.0597565684963797,3.192052496434002,0.7582123702510729,8.838015119042378,0.921084370514971,0.0,1.1791099887065046,0.7444395670556976,55.0,10.122331364613139,0.013772803195375327
larno_ukea,ukea,convlstm_attention,Conv-LSTM + Attention,42,r500y_p0.4_d3h_1,26,0.8398459862815643,2.4549327342022558,0.7933196665395429,7.2054586769464075,0.9414277189341982,0.0,0.9457617622116108,0.753722275622938,55.0,11.19899113729957,0.03959739091660486
larno_ukea,ukea,convlstm_attention,Conv-LSTM + Attention,42,r500y_p0.9_d3h_1,26,0.9730192211828715,2.0543950597163048,0.7958939614472643,4.860225371019063,0.9195547836321255,0.0,0.674717223286946,0.7645072841140748,55.0,-44.21140999524516,0.03138667733318956
larno_ukea,ukea,convlstm_attention,Conv-LSTM + Attention,44,r100y_p0.5_d3h_1,26,0.49110464990350955,1.5655750215128652,0.731904164328697,5.854487796281135,0.9288384707980122,0.0,0.5002831929785978,0.6445510862967422,55.0,1.8346694839858255,0.0873530780319548
larno_ukea,ukea,convlstm_attention,Conv-LSTM + Attention,44,r100y_p0.7_d3h_1,26,0.4528681268627589,1.389150203985691,0.7351761409672204,5.298711889696782,0.9342203507080469,0.0,0.4198263858915212,0.643062689850945,55.0,-7.870334519606715,0.09211345111627545
larno_ukea,ukea,convlstm_attention,Conv-LSTM + Attention,44,r100y_p0.8_d3h_1,26,0.4426351219481682,1.3381413814764866,0.7310058884033114,5.126016851373232,0.9329347427553971,1.1538461538461537,0.38454974855222807,0.639373970419521,53.84615384615385,-15.104774769616363,0.09163191798379033
larno_ukea,ukea,convlstm_attention,Conv-LSTM + Attention,44,r200y_p0.5_d3h_1,26,0.5570138644266841,1.81311882027656,0.7746285005371539,6.281659015067494,0.9390251504259107,0.0,0.645143305306119,0.7107959287498848,55.0,13.660444145447288,0.06383257178726909
larno_ukea,ukea,convlstm_attention,Conv-LSTM + Attention,44,r300y_p0.1_d3h_1,26,8.016134233458343,17.34897797124113,0.7227530296733296,31.62421942910682,0.8346727538738073,0.0,9.849093978007787,0.6499613150569965,55.0,18.610440195233092,0.07279171461633305
larno_ukea,ukea,convlstm_attention,Conv-LSTM + Attention,44,r300y_p0.5_d3h_1,26,0.6062539503350195,1.9896138557997158,0.7852146053189522,6.658534642441535,0.9413622034236196,0.0,0.7289477938276714,0.7311205776946749,55.0,16.831636576934013,0.054094027624277286
larno_ukea,ukea,convlstm_attention,Conv-LSTM + Attention,44,r300y_p0.6_d3h_1,26,0.5618070066675194,1.8127927096456558,0.7991321652770296,6.107758605112076,0.9478860964540468,0.0,0.6675955418484582,0.7351729115370766,55.0,15.846201562105758,0.06395925373995293
larno_ukea,ukea,convlstm_attention,Conv-LSTM + Attention,44,r300y_p0.8_d3h_1,26,0.5271811804463269,1.6448191329772948,0.8087743883740621,5.502360234727369,0.9514372847494617,0.0,0.5981127835596759,0.739708296865552,55.0,11.859235425666487,0.06906609150851017
larno_ukea,ukea,convlstm_attention,Conv-LSTM + Attention,44,r500y_p0.1_d3h_1,26,8.581164239232304,18.258166192440136,0.7189330811310823,32.733665713789335,0.8308027058642675,0.0,10.437738887635145,0.6577656554464262,55.0,17.78713443964568,0.06116742568465616
larno_ukea,ukea,convlstm_attention,Conv-LSTM + Attention,44,r500y_p0.3_d3h_1,26,1.0136869045223835,3.1058795921114406,0.7710372381245987,8.765707663728984,0.9250791239284343,0.0,1.1791099887065046,0.7444395670556976,55.0,14.029487135936478,0.026597671068901096
larno_ukea,ukea,convlstm_attention,Conv-LSTM + Attention,44,r500y_p0.4_d3h_1,26,0.7727235617662687,2.510743272873467,0.7913122589922527,7.847708656029826,0.9427862379860275,0.0,0.9457617622116108,0.753722275622938,55.0,18.29617218195648,0.03758998336931463
larno_ukea,ukea,convlstm_attention,Conv-LSTM + Attention,44,r500y_p0.9_d3h_1,26,0.5694958572800348,1.7948646426584371,0.8185723730236726,5.785289900959701,0.9525300097428859,0.0,0.674717223286946,0.7645072841140748,55.0,15.594883660197056,0.054065088909597825
larno_ukea,ukea,convlstm_attention,Conv-LSTM + Attention,52,r100y_p0.5_d3h_1,26,0.5985328913921121,1.8300677874583704,0.7010622095722212,5.994053434344002,0.9007344050271564,0.0,0.5002831929785978,0.6445510862967422,55.0,-19.638816532802732,0.056511123275479025
larno_ukea,ukea,convlstm_attention,Conv-LSTM + Attention,52,r100y_p0.7_d3h_1,26,0.443907043311245,1.5519629907343973,0.7010764077756737,5.7630548496630505,0.9139159356100575,0.0,0.4198263858915212,0.643062689850945,55.0,-5.7358608770116595,0.05801371792472876
larno_ukea,ukea,convlstm_attention,Conv-LSTM + Attention,52,r100y_p0.8_d3h_1,26,0.4185137301075558,1.4868982084848508,0.6917652414581239,5.66989096369194,0.9120758632491253,1.1538461538461537,0.38454974855222807,0.639373970419521,53.84615384615385,-8.832142442739084,0.05239127103860286
larno_ukea,ukea,convlstm_attention,Conv-LSTM + Attention,52,r200y_p0.5_d3h_1,26,0.6739168470457224,2.025548545221846,0.7549133574460226,6.085930046573482,0.9207263991308529,0.0,0.645143305306119,0.7107959287498848,55.0,-4.460023300706882,0.04411742869613777
larno_ukea,ukea,convlstm_attention,Conv-LSTM + Attention,52,r300y_p0.1_d3h_1,26,7.926847808315281,17.26156250584455,0.7432374302526098,31.453823071554265,0.8412340771012865,0.0,9.849093978007787,0.6499613150569965,55.0,19.516984749914283,0.0932761151956133
larno_ukea,ukea,convlstm_attention,Conv-LSTM + Attention,52,r300y_p0.5_d3h_1,26,0.72162191592037,2.1627078512856817,0.7699874699563936,6.314366266072502,0.9257098687419547,0.0,0.7289477938276714,0.7311205776946749,55.0,1.004993494641583,0.03886689226171869
larno_ukea,ukea,convlstm_attention,Conv-LSTM + Attention,52,r300y_p0.6_d3h_1,26,0.6346828631975819,2.010814902502768,0.7763884298202797,6.120945592684231,0.9325895545330939,0.0,0.6675955418484582,0.7351729115370766,55.0,4.930032720072789,0.04121551828320302
larno_ukea,ukea,convlstm_attention,Conv-LSTM + Attention,52,r300y_p0.8_d3h_1,26,0.5473418824776896,1.852041430127377,0.7770633182041242,5.869266609362139,0.9356561951775395,0.0,0.5981127835596759,0.739708296865552,55.0,8.48851629283405,0.03735502133857227
larno_ukea,ukea,convlstm_attention,Conv-LSTM + Attention,52,r500y_p0.1_d3h_1,26,8.471374121255366,18.151330226681683,0.7379129918278827,32.53954500282289,0.8365235511574318,0.0,10.437738887635145,0.6577656554464262,55.0,18.838991735165877,0.08014733638145655
larno_ukea,ukea,convlstm_attention,Conv-LSTM + Attention,52,r500y_p0.3_d3h_1,26,1.0617362159889534,2.9028037994280025,0.7779342884666951,7.555861185927706,0.9204101816212971,0.0,1.1791099887065046,0.7444395670556976,55.0,9.954437994907618,0.03349472141099752
larno_ukea,ukea,convlstm_attention,Conv-LSTM + Attention,52,r500y_p0.4_d3h_1,26,0.9010037200685723,2.5504579521958863,0.7815387557784084,6.95476155887768,0.9276398562951162,0.0,0.9457617622116108,0.753722275622938,55.0,4.732485910444751,0.027816480155470336
larno_ukea,ukea,convlstm_attention,Conv-LSTM + Attention,52,r500y_p0.9_d3h_1,26,0.6010260646119198,2.0205605134720037,0.7907147726443118,6.168779479139656,0.9379423026169391,0.0,0.674717223286946,0.7645072841140748,55.0,10.921784138847551,0.026207488530237022
larno_ukea,ukea,convlstm_attention,Conv-LSTM + Attention,77,r100y_p0.5_d3h_1,26,0.5526761754134761,1.6881577532948513,0.7236777774861671,5.654604304769048,0.9229853775253203,10.384615384615385,0.5002831929785978,0.6445510862967422,55.0,-10.472664916632471,0.07912669118942495
larno_ukea,ukea,convlstm_attention,Conv-LSTM + Attention,77,r100y_p0.7_d3h_1,26,0.5099832790960839,1.4902596075875452,0.7258034623767503,5.057976389723125,0.927774241298661,18.076923076923077,0.4198263858915212,0.643062689850945,55.0,-21.47480392713055,0.08274077252580536
larno_ukea,ukea,convlstm_attention,Conv-LSTM + Attention,77,r100y_p0.8_d3h_1,26,0.5055933504330142,1.4588502470239018,0.7174252626955054,4.885105783788974,0.9222341481271193,20.76923076923077,0.38454974855222807,0.639373970419521,53.84615384615385,-31.476708107727834,0.0780512922759844
larno_ukea,ukea,convlstm_attention,Conv-LSTM + Attention,77,r200y_p0.5_d3h_1,26,0.607126261633504,1.9032145762096064,0.7705563032568628,6.053452951620829,0.9372019697858206,9.038461538461538,0.645143305306119,0.7107959287498848,55.0,5.892806041686496,0.05976037450697791
larno_ukea,ukea,convlstm_attention,Conv-LSTM + Attention,77,r300y_p0.1_d3h_1,26,7.738203835043435,16.874729592996314,0.7336573391568925,30.78795255710738,0.8395819696271086,0.0,9.849093978007787,0.6499613150569965,55.0,21.432328168233497,0.08369602409989596
larno_ukea,ukea,convlstm_attention,Conv-LSTM + Attention,77,r300y_p0.5_d3h_1,26,0.6508642691350499,2.0649634169636633,0.7815540091544988,6.416321209627569,0.9417754026270997,9.423076923076923,0.7289477938276714,0.7311205776946749,55.0,10.711813020601719,0.05043343145982393
larno_ukea,ukea,convlstm_attention,Conv-LSTM + Attention,77,r300y_p0.6_d3h_1,26,0.6020512424248134,1.8558594620692361,0.7926339574192367,5.881168404173917,0.9450882267634063,11.153846153846153,0.6675955418484582,0.7351729115370766,55.0,9.817965416929496,0.057461045882160056
larno_ukea,ukea,convlstm_attention,Conv-LSTM + Attention,77,r300y_p0.8_d3h_1,26,0.5632488466600472,1.7088517031925643,0.7978268404745924,5.380083686923868,0.9467812632032335,17.115384615384617,0.5981127835596759,0.739708296865552,55.0,5.828990427547055,0.05811854360904045
larno_ukea,ukea,convlstm_attention,Conv-LSTM + Attention,77,r500y_p0.1_d3h_1,26,8.39056352511513,18.05087600365189,0.721775659598139,32.38460378905974,0.8322343432440623,0.0,10.437738887635145,0.6577656554464262,55.0,19.6132072717891,0.06401000415171287
larno_ukea,ukea,convlstm_attention,Conv-LSTM + Attention,77,r500y_p0.3_d3h_1,26,1.015710729800392,3.1468239935497455,0.7639048714639429,8.79463877623257,0.9241623638071289,3.4615384615384617,1.1791099887065046,0.7444395670556976,55.0,13.857847060168087,0.019465304408245343
larno_ukea,ukea,convlstm_attention,Conv-LSTM + Attention,77,r500y_p0.4_d3h_1,26,0.8071966500651935,2.5917866850461513,0.7831942418112791,7.654277216077901,0.9383709022539188,3.4615384615384617,0.9457617622116108,0.753722275622938,55.0,14.651164562034161,0.029471966188341026
larno_ukea,ukea,convlstm_attention,Conv-LSTM + Attention,77,r500y_p0.9_d3h_1,26,0.5987427549448369,1.8534180310756665,0.8091741890153181,5.721372809656119,0.9486046511400106,17.5,0.674717223286946,0.7645072841140748,55.0,11.260194007200926,0.044666904901243365
larno_ukea,ukea,fno2d_history,FNO2D-History (adapted),2026,r100y_p0.5_d3h_1,26,0.6548930338868425,1.5725706712946845,0.765599446955265,3.669657289641909,0.9262943871952145,0.0,0.5002831929785978,0.6445510862967422,55.0,-30.904464327039452,0.12104836065852287
larno_ukea,ukea,fno2d_history,FNO2D-History (adapted),2026,r100y_p0.7_d3h_1,26,0.5591420629345338,1.3469862591596862,0.7777597018499675,3.139489853151581,0.9357849092854651,0.0,0.4198263858915212,0.643062689850945,55.0,-33.18411651215518,0.1346970119990225
larno_ukea,ukea,fno2d_history,FNO2D-History (adapted),2026,r100y_p0.8_d3h_1,26,0.5528859359779202,1.34702203578428,0.7662035990659783,3.143010724833828,0.9317509691002082,1.1538461538461537,0.38454974855222807,0.639373970419521,53.84615384615385,-43.77487907857243,0.1268296286464573
larno_ukea,ukea,fno2d_history,FNO2D-History (adapted),2026,r200y_p0.5_d3h_1,26,0.6131108469819375,1.412285176324741,0.8422827100901532,3.2712560965730524,0.9585389688571683,0.0,0.645143305306119,0.7107959287498848,55.0,4.965169453162367,0.13148678134026837
larno_ukea,ukea,fno2d_history,FNO2D-History (adapted),2026,r300y_p0.1_d3h_1,26,8.17120558148784,17.566851796892312,0.722282132669785,32.06250939337894,0.8567976748868723,0.0,9.849093978007787,0.6499613150569965,55.0,17.03596696575881,0.07232081761278852
larno_ukea,ukea,fno2d_history,FNO2D-History (adapted),2026,r300y_p0.5_d3h_1,26,0.6201373214118776,1.4043287070975217,0.864517037227085,3.4145944395442345,0.9661986179141526,0.0,0.7289477938276714,0.7311205776946749,55.0,14.92705970676377,0.13339645953241008
larno_ukea,ukea,fno2d_history,FNO2D-History (adapted),2026,r300y_p0.6_d3h_1,26,0.5678158533316707,1.29786639429261,0.8712751079782591,3.31738059523835,0.9720566827009633,0.0,0.6675955418484582,0.7351729115370766,55.0,14.946128645574008,0.1361021964411825
larno_ukea,ukea,fno2d_history,FNO2D-History (adapted),2026,r300y_p0.8_d3h_1,26,0.5223228947085697,1.2133041249914784,0.877462808751285,3.1238716658142267,0.9772113469978296,0.0,0.5981127835596759,0.739708296865552,55.0,12.671504594842743,0.13775451188573307
larno_ukea,ukea,fno2d_history,FNO2D-History (adapted),2026,r500y_p0.1_d3h_1,26,8.689677839729962,18.39129728539604,0.7250407243483629,33.03029893034838,0.8556337013516653,0.0,10.437738887635145,0.6577656554464262,55.0,16.747506971801993,0.06727506890193669
larno_ukea,ukea,fno2d_history,FNO2D-History (adapted),2026,r500y_p0.3_d3h_1,26,1.0195497912560205,2.20527577631928,0.8279080864889806,4.215087862174994,0.9353862637976608,0.0,1.1791099887065046,0.7444395670556976,55.0,13.532257293954675,0.08346851943328304
larno_ukea,ukea,fno2d_history,FNO2D-History (adapted),2026,r500y_p0.4_d3h_1,26,0.8590504895214266,1.9534584171010476,0.8437255329059342,4.432982723060655,0.9501038399062369,0.0,0.9457617622116108,0.753722275622938,55.0,9.168405422462287,0.09000325728299619
larno_ukea,ukea,fno2d_history,FNO2D-History (adapted),2026,r500y_p0.9_d3h_1,26,0.5569881579937871,1.312061502426747,0.8792549344824397,3.6448703613647333,0.9774851825723736,0.0,0.674717223286946,0.7645072841140748,55.0,17.448652743682928,0.11474765036836498
larno_ukea,ukea,fno2d_history,FNO2D-History (adapted),42,r100y_p0.5_d3h_1,26,0.5296890520935642,1.3247551443402035,0.8062533557127509,3.469936106259719,0.9479358621371285,3.4615384615384617,0.5002831929785978,0.6445510862967422,55.0,-5.877842695431983,0.16170226941600874
larno_ukea,ukea,fno2d_history,FNO2D-History (adapted),42,r100y_p0.7_d3h_1,26,0.46726681998231673,1.1023064180841253,0.8232942080296941,2.8823946591892833,0.9575320611177014,0.0,0.4198263858915212,0.643062689850945,55.0,-11.300012501609089,0.18023151817874916
larno_ukea,ukea,fno2d_history,FNO2D-History (adapted),42,r100y_p0.8_d3h_1,26,0.4851683210080638,1.1343807947880968,0.8102601282579512,2.8690708432451566,0.9518065110760903,1.1538461538461537,0.38454974855222807,0.639373970419521,53.84615384615385,-26.16529404443755,0.1708861578384302
larno_ukea,ukea,fno2d_history,FNO2D-History (adapted),42,r200y_p0.5_d3h_1,26,0.5349350028929214,1.2862013254606188,0.8674962052415944,3.4325179088977977,0.9728082176083888,8.653846153846153,0.645143305306119,0.7107959287498848,55.0,17.08276308639737,0.1567002764917096
larno_ukea,ukea,fno2d_history,FNO2D-History (adapted),42,r300y_p0.1_d3h_1,26,7.397416941592821,16.15198214231107,0.7611684311268457,29.44385198745598,0.8719208726763746,0.0,9.849093978007787,0.6499613150569965,55.0,24.892411849144274,0.11120711606984923
larno_ukea,ukea,fno2d_history,FNO2D-History (adapted),42,r300y_p0.5_d3h_1,26,0.5694495976770332,1.3577281791108076,0.8746207754674535,3.770068645105263,0.9771161015020117,9.423076923076923,0.7289477938276714,0.7311205776946749,55.0,21.88060619720385,0.14350019777277867
larno_ukea,ukea,fno2d_history,FNO2D-History (adapted),42,r300y_p0.6_d3h_1,26,0.5219839160650205,1.22083787018267,0.8832791761615253,3.569044303467067,0.9830559828646857,5.576923076923077,0.6675955418484582,0.7351729115370766,55.0,21.81135382963522,0.14810626462444865
larno_ukea,ukea,fno2d_history,FNO2D-History (adapted),42,r300y_p0.8_d3h_1,26,0.5379300255817674,1.1995552894524901,0.8833272397762588,3.3535579361205423,0.984165436154852,0.0,0.5981127835596759,0.739708296865552,55.0,10.062108624351758,0.14361894291070687
larno_ukea,ukea,fno2d_history,FNO2D-History (adapted),42,r500y_p0.1_d3h_1,26,8.011552013312965,17.215260108530874,0.7556610331595628,30.889457673963115,0.8636385990365094,0.0,10.437738887635145,0.6577656554464262,55.0,23.244372180993274,0.09789537771313661
larno_ukea,ukea,fno2d_history,FNO2D-History (adapted),42,r500y_p0.3_d3h_1,26,0.9849564863465587,2.096364840725548,0.8382209274526979,4.543609110509168,0.9520290941640567,5.1923076923076925,1.1791099887065046,0.7444395670556976,55.0,16.46610614951487,0.09378136039700036
larno_ukea,ukea,fno2d_history,FNO2D-History (adapted),42,r500y_p0.4_d3h_1,26,0.7916343957518082,1.8154319665058734,0.8521639317099811,4.469712526481757,0.9632100515175606,9.807692307692308,0.9457617622116108,0.753722275622938,55.0,16.296637548486252,0.09844165608704303
larno_ukea,ukea,fno2d_history,FNO2D-History (adapted),42,r500y_p0.9_d3h_1,26,0.6302259310570775,1.3995383139824764,0.8715108991136882,3.8979243649105593,0.9726414704034138,0.0,0.674717223286946,0.7645072841140748,55.0,6.5940649940911875,0.10700361499961342
larno_ukea,ukea,fno2d_history,FNO2D-History (adapted),44,r100y_p0.5_d3h_1,26,0.6089253714014289,1.558554435347843,0.7951249029353342,3.7950417149776228,0.9429567178138365,0.0,0.5002831929785978,0.6445510862967422,55.0,-21.716135970108194,0.15057381663859204
larno_ukea,ukea,fno2d_history,FNO2D-History (adapted),44,r100y_p0.7_d3h_1,26,0.5431032906879693,1.3495667002959844,0.7995726541944026,3.081611573550856,0.9490293260397837,0.0,0.4198263858915212,0.643062689850945,55.0,-29.363782015430903,0.15650996434345765
larno_ukea,ukea,fno2d_history,FNO2D-History (adapted),44,r100y_p0.8_d3h_1,26,0.5599118779168836,1.4010535739190773,0.7796518755842633,3.3143433387089916,0.9415798856882842,1.1538461538461537,0.38454974855222807,0.639373970419521,53.84615384615385,-45.60193577680587,0.14027790516474226
larno_ukea,ukea,fno2d_history,FNO2D-History (adapted),44,r200y_p0.5_d3h_1,26,0.5393964766884113,1.3189202711837742,0.8764844067989157,3.1059686694102044,0.9748539119976765,0.0,0.645143305306119,0.7107959287498848,55.0,16.39121536997599,0.16568847804903086
larno_ukea,ukea,fno2d_history,FNO2D-History (adapted),44,r300y_p0.1_d3h_1,26,7.616324825954578,16.621172745538107,0.7363515743041327,30.359130371473643,0.852885623522897,0.0,9.849093978007787,0.6499613150569965,55.0,22.669792338653664,0.08639025924713617
larno_ukea,ukea,fno2d_history,FNO2D-History (adapted),44,r300y_p0.5_d3h_1,26,0.5457297036382364,1.2970980422227592,0.8922149197344742,3.222244470503128,0.9806037723033236,0.0,0.7289477938276714,0.7311205776946749,55.0,25.134596982229034,0.16109434203979933
larno_ukea,ukea,fno2d_history,FNO2D-History (adapted),44,r300y_p0.6_d3h_1,26,0.4942392147450479,1.1599645279132547,0.8973365975790684,2.7076805250402654,0.983154205699968,0.0,0.6675955418484582,0.7351729115370766,55.0,25.967268538584932,0.16216368604199172
larno_ukea,ukea,fno2d_history,FNO2D-History (adapted),44,r300y_p0.8_d3h_1,26,0.515259043257864,1.19640726146165,0.887017403401384,2.790530314340206,0.9824250562868665,0.0,0.5981127835596759,0.739708296865552,55.0,13.85252791433529,0.14730910653583207
larno_ukea,ukea,fno2d_history,FNO2D-History (adapted),44,r500y_p0.1_d3h_1,26,8.279837424217526,17.781967911406323,0.7276728822018781,31.948752021866788,0.846937776025697,0.0,10.437738887635145,0.6577656554464262,55.0,20.674031863107185,0.06990722675545191
larno_ukea,ukea,fno2d_history,FNO2D-History (adapted),44,r500y_p0.3_d3h_1,26,0.8198306138610333,1.811198091318549,0.8664810695165268,4.466599080908774,0.9684671745259354,0.0,1.1791099887065046,0.7444395670556976,55.0,30.47038684148579,0.12204150246082923
larno_ukea,ukea,fno2d_history,FNO2D-History (adapted),44,r500y_p0.4_d3h_1,26,0.6731045587706939,1.5379953894038039,0.8812818845149689,4.0725666626965635,0.9774450813625911,0.0,0.9457617622116108,0.753722275622938,55.0,28.829374831492803,0.12755960889203088
larno_ukea,ukea,fno2d_history,FNO2D-History (adapted),44,r500y_p0.9_d3h_1,26,0.5665471123759926,1.3070304389418743,0.8847880342167206,3.267253053327896,0.981417091991793,0.0,0.674717223286946,0.7645072841140748,55.0,16.03191784315108,0.12028075010264583
larno_ukea,ukea,fno2d_history,FNO2D-History (adapted),52,r100y_p0.5_d3h_1,26,0.6122265758912327,1.5062591804409289,0.7709061832987707,4.328335427978553,0.933123922873342,0.0,0.5002831929785978,0.6445510862967422,55.0,-22.376003128576798,0.12635509700202852
larno_ukea,ukea,fno2d_history,FNO2D-History (adapted),52,r100y_p0.7_d3h_1,26,0.6068055061131771,1.4455392660670197,0.7602460310476703,3.8671810420719783,0.9246046541481983,0.0,0.4198263858915212,0.643062689850945,55.0,-44.53724837341913,0.11718334119672535
larno_ukea,ukea,fno2d_history,FNO2D-History (adapted),52,r100y_p0.8_d3h_1,26,0.6335628937239417,1.5028273724726862,0.7437919875878369,3.985375793385208,0.9129691611503141,1.1538461538461537,0.38454974855222807,0.639373970419521,53.84615384615385,-64.75446833841673,0.10441801716831589
larno_ukea,ukea,fno2d_history,FNO2D-History (adapted),52,r200y_p0.5_d3h_1,26,0.6054159915916411,1.4840004943307,0.8269257878807372,4.32138146735362,0.9572606381241954,0.0,0.645143305306119,0.7107959287498848,55.0,6.157905288287443,0.11612985913085239
larno_ukea,ukea,fno2d_history,FNO2D-History (adapted),52,r300y_p0.1_d3h_1,26,8.189201046407659,17.710011441551703,0.7078349011242455,32.35970555035703,0.8506772143754728,0.0,9.849093978007787,0.6499613150569965,55.0,16.853255084239542,0.05787358606724902
larno_ukea,ukea,fno2d_history,FNO2D-History (adapted),52,r300y_p0.5_d3h_1,26,0.6207770443639243,1.5386083458405326,0.8416969610519591,4.568724056713457,0.9632482127440161,0.0,0.7289477938276714,0.7311205776946749,55.0,14.839299930622934,0.11057638335728426
larno_ukea,ukea,fno2d_history,FNO2D-History (adapted),52,r300y_p0.6_d3h_1,26,0.574875650224658,1.3965398791838595,0.8448963987605107,4.058505888894831,0.9660182404389179,0.0,0.6675955418484582,0.7351729115370766,55.0,13.888632534464591,0.10972348722343406
larno_ukea,ukea,fno2d_history,FNO2D-History (adapted),52,r300y_p0.8_d3h_1,26,0.5700663970325989,1.3296841213424042,0.8511240970588954,3.4830731219290914,0.9651793855692619,0.0,0.5981127835596759,0.739708296865552,55.0,4.689146812773102,0.1114158001933434
larno_ukea,ukea,fno2d_history,FNO2D-History (adapted),52,r500y_p0.1_d3h_1,26,8.686423344102883,18.511609069853986,0.7118812068941646,33.279232111447065,0.8500458054309179,0.0,10.437738887635145,0.6577656554464262,55.0,16.778687054596883,0.054115551447738386
larno_ukea,ukea,fno2d_history,FNO2D-History (adapted),52,r500y_p0.3_d3h_1,26,0.9704421584225705,2.267008051843745,0.8312815006440109,5.428637707261169,0.9421531996317951,0.0,1.1791099887065046,0.7444395670556976,55.0,17.697062384557082,0.08684193358831327
larno_ukea,ukea,fno2d_history,FNO2D-History (adapted),52,r500y_p0.4_d3h_1,26,0.8010306679661632,1.999504775801731,0.8441809712802559,5.580876353426307,0.9595020773867323,0.0,0.9457617622116108,0.753722275622938,55.0,15.30312389739696,0.0904586956573179
larno_ukea,ukea,fno2d_history,FNO2D-History (adapted),52,r500y_p0.9_d3h_1,26,0.5821589750637868,1.365739596678463,0.8634317160433234,3.7046799611583956,0.9689195913861262,0.0,0.674717223286946,0.7645072841140748,55.0,13.718079964263161,0.0989244319292486
larno_ukea,ukea,fno2d_history,FNO2D-History (adapted),77,r100y_p0.5_d3h_1,26,0.4818298499519554,1.2530920042316167,0.8050191664901574,4.4110159963760465,0.9559959071946,0.0,0.5002831929785978,0.6445510862967422,55.0,3.6885794457284233,0.16046808019341519
larno_ukea,ukea,fno2d_history,FNO2D-History (adapted),77,r100y_p0.7_d3h_1,26,0.4282150126841409,1.099940252601945,0.8096223085186027,3.926413310382044,0.9568992766042362,0.0,0.4198263858915212,0.643062689850945,55.0,-1.9981180493946458,0.16655961866765778
larno_ukea,ukea,fno2d_history,FNO2D-History (adapted),77,r100y_p0.8_d3h_1,26,0.41893025839147857,1.0716376540443464,0.8039869789757949,3.800980761674833,0.9540176541617807,1.1538461538461537,0.38454974855222807,0.639373970419521,53.84615384615385,-8.940458281064531,0.1646130085562738
larno_ukea,ukea,fno2d_history,FNO2D-History (adapted),77,r200y_p0.5_d3h_1,26,0.5394575125128273,1.425258459373371,0.8333094688653861,4.8182765919302675,0.9645437911454613,0.0,0.645143305306119,0.7107959287498848,55.0,16.381754553454453,0.12251354011550131
larno_ukea,ukea,fno2d_history,FNO2D-History (adapted),77,r300y_p0.1_d3h_1,26,8.43503816652341,18.185728396541904,0.7163748379549614,33.22965728111033,0.8519766761385668,0.0,9.849093978007787,0.6499613150569965,55.0,14.357217167811026,0.06641352289796487
larno_ukea,ukea,fno2d_history,FNO2D-History (adapted),77,r300y_p0.5_d3h_1,26,0.5859373605460303,1.5747482143876828,0.8370813065456272,5.210058136806723,0.9646662000140578,0.0,0.7289477938276714,0.7311205776946749,55.0,19.618748351058155,0.10596072885095231
larno_ukea,ukea,fno2d_history,FNO2D-History (adapted),77,r300y_p0.6_d3h_1,26,0.5412594062615355,1.4613435818364304,0.8404561226798682,4.956549683117193,0.967101699967254,0.0,0.6675955418484582,0.7351729115370766,55.0,18.92405321298574,0.1052832111427916
larno_ukea,ukea,fno2d_history,FNO2D-History (adapted),77,r300y_p0.8_d3h_1,26,0.48962448143590687,1.2947734467301728,0.8503193432427871,4.396321405773868,0.9716597225853708,0.0,0.5981127835596759,0.739708296865552,55.0,18.138435610437803,0.11061104637723518
larno_ukea,ukea,fno2d_history,FNO2D-History (adapted),77,r500y_p0.1_d3h_1,26,8.943116815028311,18.938400690725494,0.7215259905536464,34.0454180180836,0.8523901231171778,0.0,10.437738887635145,0.6577656554464262,55.0,14.319404697672669,0.06376033510722023
larno_ukea,ukea,fno2d_history,FNO2D-History (adapted),77,r500y_p0.3_d3h_1,26,1.0139118356764774,2.386790043751508,0.8046028243021826,5.7436363563561255,0.9271799065154347,0.0,1.1791099887065046,0.7444395670556976,55.0,14.010410785447698,0.06016325724648497
larno_ukea,ukea,fno2d_history,FNO2D-History (adapted),77,r500y_p0.4_d3h_1,26,0.8664500533875873,2.165457317015701,0.811943611674625,5.961488074018354,0.9420463101406873,0.0,0.9457617622116108,0.753722275622938,55.0,8.386013475376455,0.058221336051687
larno_ukea,ukea,fno2d_history,FNO2D-History (adapted),77,r500y_p0.9_d3h_1,26,0.5390304755768518,1.4608431428825241,0.8475491955031731,4.852599314495472,0.9674941579563673,0.0,0.674717223286946,0.7645072841140748,55.0,20.110165122076474,0.08304191138909833
larno_ukea,ukea,simvp_lite,SimVP Lite (adapted),2026,r100y_p0.5_d3h_1,26,0.7216715949063904,1.8292123355640613,0.7353277771879404,4.8845321394918875,0.9056611072222692,0.0,0.5002831929785978,0.6445510862967422,55.0,-44.25261632510282,0.09077669089119822
larno_ukea,ukea,simvp_lite,SimVP Lite (adapted),2026,r100y_p0.7_d3h_1,26,0.5997406889511605,1.5517180352246156,0.7436799533461755,4.453204756674176,0.9188211307968073,0.0,0.4198263858915212,0.643062689850945,55.0,-42.854453437361435,0.10061726349523059
larno_ukea,ukea,simvp_lite,SimVP Lite (adapted),2026,r100y_p0.8_d3h_1,26,0.6089378164255016,1.576618240451855,0.7263294445438572,4.632664131519521,0.9106226811575027,1.1538461538461537,0.38454974855222807,0.639373970419521,53.84615384615385,-58.35085544017669,0.08695547412433613
larno_ukea,ukea,simvp_lite,SimVP Lite (adapted),2026,r200y_p0.5_d3h_1,26,0.6734629708257505,1.6989399092356687,0.8194886881041363,4.349241027190085,0.9405068304014148,0.0,0.645143305306119,0.7107959287498848,55.0,-4.389670525402706,0.10869275935425149
larno_ukea,ukea,simvp_lite,SimVP Lite (adapted),2026,r300y_p0.1_d3h_1,26,8.326958622013668,17.965162970972962,0.7200804840685266,32.790800445645516,0.8543583601260597,0.0,9.849093978007787,0.6499613150569965,55.0,15.45457236363995,0.07011916901153015
larno_ukea,ukea,simvp_lite,SimVP Lite (adapted),2026,r300y_p0.5_d3h_1,26,0.665281739944072,1.6816345666181836,0.8431343670975756,4.315095141621893,0.9508397852965729,0.0,0.7289477938276714,0.7311205776946749,55.0,8.733966193832872,0.11201378940290074
larno_ukea,ukea,simvp_lite,SimVP Lite (adapted),2026,r300y_p0.6_d3h_1,26,0.5365189237222507,1.4219631527362544,0.8607036694723338,3.815840902432562,0.9632672877673838,0.0,0.6675955418484582,0.7351729115370766,55.0,19.63413622614654,0.12553075793525714
larno_ukea,ukea,simvp_lite,SimVP Lite (adapted),2026,r300y_p0.8_d3h_1,26,0.5514684306745035,1.4463178315645562,0.856808033254897,3.929796224529015,0.9618581315554399,0.0,0.5981127835596759,0.739708296865552,55.0,7.79858818725926,0.11709973638934501
larno_ukea,ukea,simvp_lite,SimVP Lite (adapted),2026,r500y_p0.1_d3h_1,26,8.874308298130794,18.779093067616714,0.7234375653821544,33.72375352353854,0.8545173010489803,0.0,10.437738887635145,0.6577656554464262,55.0,14.97863288529317,0.06567190993572825
larno_ukea,ukea,simvp_lite,SimVP Lite (adapted),2026,r500y_p0.3_d3h_1,26,1.0282891626614636,2.2869217427824244,0.8261178197285808,5.053171830567699,0.9320362046388019,0.0,1.1791099887065046,0.7444395670556976,55.0,12.79107356307726,0.0816782526728832
larno_ukea,ukea,simvp_lite,SimVP Lite (adapted),2026,r500y_p0.4_d3h_1,26,0.8485697087919404,2.0001813189249145,0.8410408757377212,4.786732829715063,0.9451795639803241,0.0,0.9457617622116108,0.753722275622938,55.0,10.27658944387773,0.0873186001147832
larno_ukea,ukea,simvp_lite,SimVP Lite (adapted),2026,r500y_p0.9_d3h_1,26,0.5510366034435779,1.4684098299964377,0.8742760630638309,4.002724480126381,0.9679245190302732,0.0,0.674717223286946,0.7645072841140748,55.0,18.33073405786899,0.10976877894975612
larno_ukea,ukea,simvp_lite,SimVP Lite (adapted),42,r100y_p0.5_d3h_1,26,0.591981485717909,1.7129108449774446,0.7339815128972856,4.939384968663719,0.902766740848761,12.692307692307692,0.5002831929785978,0.6445510862967422,55.0,-18.329277102705717,0.08943042660054346
larno_ukea,ukea,simvp_lite,SimVP Lite (adapted),42,r100y_p0.7_d3h_1,26,0.48049668484641367,1.416670684936056,0.7464663402790086,4.374464080269902,0.9179859533251917,4.230769230769231,0.4198263858915212,0.643062689850945,55.0,-14.451282957372058,0.10340365042806365
larno_ukea,ukea,simvp_lite,SimVP Lite (adapted),42,r100y_p0.8_d3h_1,26,0.4736537728193638,1.393744035531785,0.7352940846013468,4.330754435947815,0.9116613414999833,1.1538461538461537,0.38454974855222807,0.639373970419521,53.84615384615385,-23.17100052791583,0.09592011418182578
larno_ukea,ukea,simvp_lite,SimVP Lite (adapted),42,r200y_p0.5_d3h_1,26,0.5751697951219292,1.652714615680069,0.8080886576426065,4.556919005246772,0.9388666678263325,14.807692307692308,0.645143305306119,0.7107959287498848,55.0,10.84619643553264,0.09729272889272167
larno_ukea,ukea,simvp_lite,SimVP Lite (adapted),42,r300y_p0.1_d3h_1,26,8.685066895889568,18.774158239678968,0.6954280667188953,34.25612867329491,0.8404402447597786,0.0,9.849093978007787,0.6499613150569965,55.0,11.818620928152326,0.04546675166189884
larno_ukea,ukea,simvp_lite,SimVP Lite (adapted),42,r300y_p0.5_d3h_1,26,0.5859193536456029,1.6809947214898897,0.8283534236984633,4.621728707776783,0.9511368092680016,14.423076923076923,0.7289477938276714,0.7311205776946749,55.0,19.62121861032499,0.09723284600378845
larno_ukea,ukea,simvp_lite,SimVP Lite (adapted),42,r300y_p0.6_d3h_1,26,0.5102048638360119,1.5170028236070006,0.840646829986528,4.395522142771453,0.9586403088538147,12.692307692307692,0.6675955418484582,0.7351729115370766,55.0,23.575753303663216,0.10547391844945131
larno_ukea,ukea,simvp_lite,SimVP Lite (adapted),42,r300y_p0.8_d3h_1,26,0.45480195463551415,1.371536289054152,0.8492321280096143,4.106668536803169,0.961429607789376,4.230769230769231,0.5981127835596759,0.739708296865552,55.0,23.960502577999673,0.10952383114406239
larno_ukea,ukea,simvp_lite,SimVP Lite (adapted),42,r500y_p0.1_d3h_1,26,9.237049272188743,19.583243478820215,0.7000126708093332,35.15762205064015,0.8409107984058237,0.0,10.437738887635145,0.6577656554464262,55.0,11.503349799914753,0.04224701536290698
larno_ukea,ukea,simvp_lite,SimVP Lite (adapted),42,r500y_p0.3_d3h_1,26,0.8659786444304919,2.179632725979284,0.8408445028691115,5.532994149760705,0.9510471297518038,10.576923076923077,1.1791099887065046,0.7444395670556976,55.0,26.556584820345805,0.09640493581341392
larno_ukea,ukea,simvp_lite,SimVP Lite (adapted),42,r500y_p0.4_d3h_1,26,0.7115413765581505,1.9104093277812042,0.8397761003303217,4.985577228670097,0.955523337683013,12.692307692307692,0.9457617622116108,0.753722275622938,55.0,24.765262776721805,0.08605382470738365
larno_ukea,ukea,simvp_lite,SimVP Lite (adapted),42,r500y_p0.9_d3h_1,26,0.46934251471978927,1.4458815903025062,0.8612504438693677,4.339158476073439,0.9673545700297891,2.1153846153846154,0.674717223286946,0.7645072841140748,55.0,30.43863436102243,0.0967431597552929
larno_ukea,ukea,simvp_lite,SimVP Lite (adapted),44,r100y_p0.5_d3h_1,26,0.5695083286644255,1.6500099460001951,0.7458724458533406,4.664375545121161,0.9090399956766428,0.0,0.5002831929785978,0.6445510862967422,55.0,-13.837189947092453,0.10132135955659838
larno_ukea,ukea,simvp_lite,SimVP Lite (adapted),44,r100y_p0.7_d3h_1,26,0.5092321253852186,1.4920571612459166,0.7405248182859911,4.211058365973459,0.9092839229634277,0.0,0.4198263858915212,0.643062689850945,55.0,-21.295883845852146,0.0974621284350462
larno_ukea,ukea,simvp_lite,SimVP Lite (adapted),44,r100y_p0.8_d3h_1,26,0.5035096057285483,1.4854600200562973,0.7280949607454218,4.277781818135962,0.9039139026617479,1.1538461538461537,0.38454974855222807,0.639373970419521,53.84615384615385,-30.934842013077944,0.08872099032590075
larno_ukea,ukea,simvp_lite,SimVP Lite (adapted),44,r200y_p0.5_d3h_1,26,0.531321253432493,1.5393686387106993,0.8240810842857782,4.356331943024277,0.9430631167568724,0.0,0.645143305306119,0.7107959287498848,55.0,17.64290986784985,0.11328515553589336
larno_ukea,ukea,simvp_lite,SimVP Lite (adapted),44,r300y_p0.1_d3h_1,26,8.104896298238218,17.3870767397082,0.7169280604707764,31.741910068514258,0.8474508325118121,0.0,9.849093978007787,0.6499613150569965,55.0,17.709219585722483,0.0669667454137799
larno_ukea,ukea,simvp_lite,SimVP Lite (adapted),44,r300y_p0.5_d3h_1,26,0.5301589470296885,1.5470150039261927,0.8462010483000508,4.424090827423975,0.9559828202006114,0.0,0.7289477938276714,0.7311205776946749,55.0,27.270656209020377,0.11508047060537596
larno_ukea,ukea,simvp_lite,SimVP Lite (adapted),44,r300y_p0.6_d3h_1,26,0.47098078236252977,1.3967544024401566,0.8520679979463351,3.9450149590265045,0.958387461473271,0.0,0.6675955418484582,0.7351729115370766,55.0,29.451179218713122,0.1168950864092585
larno_ukea,ukea,simvp_lite,SimVP Lite (adapted),44,r300y_p0.8_d3h_1,26,0.4535476066713058,1.3412066004683947,0.8546913956411304,3.755524859204167,0.958023494761477,0.0,0.5981127835596759,0.739708296865552,55.0,24.17022020963816,0.11498309877557844
larno_ukea,ukea,simvp_lite,SimVP Lite (adapted),44,r500y_p0.1_d3h_1,26,8.668729528907788,18.255738750764788,0.715881075750997,32.784372258980255,0.8437579600474342,0.0,10.437738887635145,0.6577656554464262,55.0,16.948204757478447,0.05811542030457084
larno_ukea,ukea,simvp_lite,SimVP Lite (adapted),44,r500y_p0.3_d3h_1,26,0.830752479525302,2.2283121396827483,0.8395756785321454,5.671274752221603,0.9527603204518099,0.0,1.1791099887065046,0.7444395670556976,55.0,29.54410636138825,0.09513611147644785
larno_ukea,ukea,simvp_lite,SimVP Lite (adapted),44,r500y_p0.4_d3h_1,26,0.6837890169004873,1.9394848190880214,0.8513306774443179,5.381420957040547,0.9625800284654003,0.0,0.9457617622116108,0.753722275622938,55.0,27.699655005983207,0.09760840182137986
larno_ukea,ukea,simvp_lite,SimVP Lite (adapted),44,r500y_p0.9_d3h_1,26,0.46310457512711334,1.3940452035199173,0.8709511887055206,4.026171132115869,0.9669771520369117,0.0,0.674717223286946,0.7645072841140748,55.0,31.363160870407686,0.10644390459144581
larno_ukea,ukea,simvp_lite,SimVP Lite (adapted),52,r100y_p0.5_d3h_1,26,0.6344621392907122,1.6834453254225197,0.7329607801439181,4.717934448794889,0.9133268534323213,0.0,0.5002831929785978,0.6445510862967422,55.0,-26.82059845209602,0.0884096938471759
larno_ukea,ukea,simvp_lite,SimVP Lite (adapted),52,r100y_p0.7_d3h_1,26,0.6243476105303558,1.6680610022788507,0.7078749591931236,4.672821810252302,0.9022436979743211,0.0,0.4198263858915212,0.643062689850945,55.0,-48.71566712142784,0.06481226934217865
larno_ukea,ukea,simvp_lite,SimVP Lite (adapted),52,r100y_p0.8_d3h_1,26,0.6288394724443507,1.690728166875578,0.6886917949568191,4.743820650313975,0.8922591151495537,1.1538461538461537,0.38454974855222807,0.639373970419521,53.84615384615385,-63.52616919185012,0.04931782453729805
larno_ukea,ukea,simvp_lite,SimVP Lite (adapted),52,r200y_p0.5_d3h_1,26,0.6005313504021758,1.6577428949513098,0.8142549561212359,4.9438629390218445,0.9468691012880376,0.0,0.645143305306119,0.7107959287498848,55.0,6.915045779290066,0.10345902737135104
larno_ukea,ukea,simvp_lite,SimVP Lite (adapted),52,r300y_p0.1_d3h_1,26,9.251324209591047,19.93482940613912,0.670128267759692,36.3382671618487,0.8270054477585292,0.0,9.849093978007787,0.6499613150569965,55.0,6.069286878077416,0.02016695270269553
larno_ukea,ukea,simvp_lite,SimVP Lite (adapted),52,r300y_p0.5_d3h_1,26,0.6100932553781561,1.7300062771294877,0.8368152913255065,5.261630186781497,0.9580998428298246,0.0,0.7289477938276714,0.7311205776946749,55.0,16.304945217738517,0.1056947136308316
larno_ukea,ukea,simvp_lite,SimVP Lite (adapted),52,r300y_p0.6_d3h_1,26,0.583632135457824,1.634229201251391,0.8403050039701128,4.943211141640621,0.958025079617742,0.0,0.6675955418484582,0.7351729115370766,55.0,12.576987281573782,0.10513209243303612
larno_ukea,ukea,simvp_lite,SimVP Lite (adapted),52,r300y_p0.8_d3h_1,26,0.5602875460759834,1.55390546909875,0.8376029555247343,4.698286308196969,0.9560586117634882,0.0,0.5981127835596759,0.739708296865552,55.0,6.324097816230427,0.09789465865918234
larno_ukea,ukea,simvp_lite,SimVP Lite (adapted),52,r500y_p0.1_d3h_1,26,9.828845754869254,20.77752481431251,0.674687958648073,37.26726518389105,0.8285339085081737,0.0,10.437738887635145,0.6577656554464262,55.0,5.833573145685832,0.016922303201646782
larno_ukea,ukea,simvp_lite,SimVP Lite (adapted),52,r500y_p0.3_d3h_1,26,0.9069875726536977,2.604261191986125,0.8279615584982147,7.679807503026907,0.9567783798105659,0.0,1.1791099887065046,0.7444395670556976,55.0,23.078628682581847,0.08352199144251715
larno_ukea,ukea,simvp_lite,SimVP Lite (adapted),52,r500y_p0.4_d3h_1,26,0.723621864741166,2.104492840731689,0.843696638689621,6.3532512912632795,0.9627494358615584,0.0,0.9457617622116108,0.753722275622938,55.0,23.487933890558566,0.08997436306668294
larno_ukea,ukea,simvp_lite,SimVP Lite (adapted),52,r500y_p0.9_d3h_1,26,0.570737945479285,1.6246076941919,0.8553991614659968,4.980306520694825,0.9632615368654047,0.0,0.674717223286946,0.7645072841140748,55.0,15.41079347302216,0.09089187735192206
larno_ukea,ukea,simvp_lite,SimVP Lite (adapted),77,r100y_p0.5_d3h_1,26,0.5567062968847314,1.5264539475712207,0.7610893728970651,4.656771527255672,0.9237759644558206,8.461538461538462,0.5002831929785978,0.6445510862967422,55.0,-11.278232948462728,0.11653828660032295
larno_ukea,ukea,simvp_lite,SimVP Lite (adapted),77,r100y_p0.7_d3h_1,26,0.5181808458497895,1.421284911149764,0.7461182613370122,4.0755261499431805,0.9217656955673412,0.0,0.4198263858915212,0.643062689850945,55.0,-23.427412679031107,0.10305557148606725
larno_ukea,ukea,simvp_lite,SimVP Lite (adapted),77,r100y_p0.8_d3h_1,26,0.5293431307140118,1.4544584367761304,0.7289065436701752,4.06357041178817,0.9133750563009354,1.1538461538461537,0.38454974855222807,0.639373970419521,53.84615384615385,-37.652704937894015,0.08953257325065411
larno_ukea,ukea,simvp_lite,SimVP Lite (adapted),77,r200y_p0.5_d3h_1,26,0.5401576594832374,1.4853034569913008,0.8334531574062967,4.465731402339869,0.9517607320550618,8.461538461538462,0.645143305306119,0.7107959287498848,55.0,16.273228747691363,0.12265722865641182
larno_ukea,ukea,simvp_lite,SimVP Lite (adapted),77,r300y_p0.1_d3h_1,26,8.709114005843531,18.696203173355435,0.6987519456607005,34.10677622883976,0.8341700362385494,0.0,9.849093978007787,0.6499613150569965,55.0,11.574465374274387,0.04879063060370403
larno_ukea,ukea,simvp_lite,SimVP Lite (adapted),77,r300y_p0.5_d3h_1,26,0.5550055224561382,1.5446624862006433,0.8471013593685026,4.652066266311146,0.9577163032660603,8.461538461538462,0.7289477938276714,0.7311205776946749,55.0,23.862102724554568,0.11598078167382775
larno_ukea,ukea,simvp_lite,SimVP Lite (adapted),77,r300y_p0.6_d3h_1,26,0.5061446376365899,1.4241973186626267,0.8514484790650433,4.2307147522226645,0.9611435972117546,8.461538461538462,0.6675955418484582,0.7351729115370766,55.0,24.183939839507953,0.11627556752796664
larno_ukea,ukea,simvp_lite,SimVP Lite (adapted),77,r300y_p0.8_d3h_1,26,0.48258552731736554,1.3466165861823287,0.8514013517469249,3.789141329554648,0.9621233548754441,0.0,0.5981127835596759,0.739708296865552,55.0,19.31529628153881,0.11169305488137293
larno_ukea,ukea,simvp_lite,SimVP Lite (adapted),77,r500y_p0.1_d3h_1,26,9.270645550598035,19.52057045699697,0.7012894305266153,35.03621398705044,0.8346246854917893,0.0,10.437738887635145,0.6577656554464262,55.0,11.181476655060646,0.04352377508018912
larno_ukea,ukea,simvp_lite,SimVP Lite (adapted),77,r500y_p0.3_d3h_1,26,0.8702398861572813,2.2582090091795495,0.8313886579509763,6.110331781763881,0.9487747634875457,8.461538461538462,1.1791099887065046,0.7444395670556976,55.0,26.19519005924603,0.08694909089527869
larno_ukea,ukea,simvp_lite,SimVP Lite (adapted),77,r500y_p0.4_d3h_1,26,0.6832198841831411,1.8765001368589942,0.8456676029810495,5.415890345275636,0.9578205139703229,8.461538461538462,0.9457617622116108,0.753722275622938,55.0,27.75983218168287,0.09194532735811145
larno_ukea,ukea,simvp_lite,SimVP Lite (adapted),77,r500y_p0.9_d3h_1,26,0.49181501115527904,1.4038113384910578,0.8645892458537564,4.003766476081536,0.9673527762117858,0.0,0.674717223286946,0.7645072841140748,55.0,27.10798032405966,0.10008196173968165
larno_ukea,ukea,urnn_lite,U-RNN Lite (adapted),2026,r100y_p0.5_d3h_1,26,0.5375538742906358,1.4550866898299397,0.7887944853782253,4.023371510542082,0.941994649223085,0.0,0.5002831929785978,0.6445510862967422,55.0,-7.449916734187087,0.1442433990814831
larno_ukea,ukea,urnn_lite,U-RNN Lite (adapted),2026,r100y_p0.7_d3h_1,26,0.5330561007843554,1.4882488875543671,0.7720115859707921,3.848608442677384,0.9336967356346682,0.0,0.4198263858915212,0.643062689850945,55.0,-26.970604682787034,0.12894889611984717
larno_ukea,ukea,urnn_lite,U-RNN Lite (adapted),2026,r100y_p0.8_d3h_1,26,0.5509683822351844,1.556717104272484,0.7579175522595893,4.0367662929061,0.9269795549846227,1.1538461538461537,0.38454974855222807,0.639373970419521,53.84615384615385,-43.2762300091204,0.1185435818400683
larno_ukea,ukea,urnn_lite,U-RNN Lite (adapted),2026,r200y_p0.5_d3h_1,26,0.4834271901592409,1.299201290404163,0.8560767959326406,3.5345369040838333,0.9674094054100221,0.0,0.645143305306119,0.7107959287498848,55.0,25.066696626440876,0.1452808671827558
larno_ukea,ukea,urnn_lite,U-RNN Lite (adapted),2026,r300y_p0.1_d3h_1,26,8.551807126306759,18.377366349788286,0.6917529040310325,33.52106729332022,0.8379444974570426,0.0,9.849093978007787,0.6499613150569965,55.0,13.171636442882585,0.04179158897403601
larno_ukea,ukea,urnn_lite,U-RNN Lite (adapted),2026,r300y_p0.5_d3h_1,26,0.47572636339353386,1.2949078354740988,0.8724754175084314,3.6027300039922685,0.9731312154358105,0.0,0.7289477938276714,0.7311205776946749,55.0,34.73793769297022,0.14135483981375652
larno_ukea,ukea,urnn_lite,U-RNN Lite (adapted),2026,r300y_p0.6_d3h_1,26,0.464216495803471,1.2613340619762636,0.8721940859633678,3.209372924814323,0.9729677688506958,0.0,0.6675955418484582,0.7351729115370766,55.0,30.464410454549363,0.13702117442629114
larno_ukea,ukea,urnn_lite,U-RNN Lite (adapted),2026,r300y_p0.8_d3h_1,26,0.5240579169310241,1.4142015541022546,0.8586916897138521,3.274789889609283,0.9657677929571216,0.0,0.5981127835596759,0.739708296865552,55.0,12.381421809430874,0.11898339284830017
larno_ukea,ukea,urnn_lite,U-RNN Lite (adapted),2026,r500y_p0.1_d3h_1,26,9.16837801285018,19.314814589236214,0.6952041189405502,34.668644737579505,0.8379866504665573,0.0,10.437738887635145,0.6577656554464262,55.0,12.161262975151521,0.03743846349412405
larno_ukea,ukea,urnn_lite,U-RNN Lite (adapted),2026,r500y_p0.3_d3h_1,26,0.6768775186777874,1.8079335908277252,0.8735150304646022,4.9986584787097765,0.9739461235844377,0.0,1.1791099887065046,0.7444395670556976,55.0,42.59420027301025,0.12907546340890463
larno_ukea,ukea,urnn_lite,U-RNN Lite (adapted),2026,r500y_p0.4_d3h_1,26,0.5547283388402786,1.5203558540294233,0.8810608918093656,4.368848219678517,0.977915016402755,0.0,0.9457617622116108,0.753722275622938,55.0,41.34586943512312,0.1273386161864276
larno_ukea,ukea,urnn_lite,U-RNN Lite (adapted),2026,r500y_p0.9_d3h_1,26,0.5707622392602825,1.5349447537683425,0.8641808299291941,3.5397146233230266,0.9645200374614397,0.0,0.674717223286946,0.7645072841140748,55.0,15.407192885967468,0.09967354581511934
larno_ukea,ukea,urnn_lite,U-RNN Lite (adapted),42,r100y_p0.5_d3h_1,26,0.6687710790768232,1.8260823715653278,0.7289975850794504,4.627850738627623,0.9100696448208485,0.0,0.5002831929785978,0.6445510862967422,55.0,-33.678502188945885,0.08444649878270827
larno_ukea,ukea,urnn_lite,U-RNN Lite (adapted),42,r100y_p0.7_d3h_1,26,0.6471098349889921,1.6993839095188572,0.7198889653244112,4.0759083608306845,0.9120252903986098,0.0,0.4198263858915212,0.643062689850945,55.0,-54.137485573905444,0.07682627547346621
larno_ukea,ukea,urnn_lite,U-RNN Lite (adapted),42,r100y_p0.8_d3h_1,26,0.7297668850681283,1.8687916724009954,0.6871022032481893,4.464439721974937,0.8944777515826753,1.1538461538461537,0.38454974855222807,0.639373970419521,53.84615384615385,-89.77177538552314,0.04772823282866823
larno_ukea,ukea,urnn_lite,U-RNN Lite (adapted),42,r200y_p0.5_d3h_1,26,0.6257625712870079,1.67564893533054,0.8105798333759221,4.323182097123059,0.9450883034992831,0.0,0.645143305306119,0.7107959287498848,55.0,3.004097517514345,0.09978390462603726
larno_ukea,ukea,urnn_lite,U-RNN Lite (adapted),42,r300y_p0.1_d3h_1,26,8.45058984363966,18.30689660233855,0.7117703974743748,33.40579313142862,0.8482250607142983,0.0,9.849093978007787,0.6499613150569965,55.0,14.199317597038576,0.06180908241737826
larno_ukea,ukea,urnn_lite,U-RNN Lite (adapted),42,r300y_p0.5_d3h_1,26,0.6184716385087706,1.6523596215227552,0.8386389121131863,4.40395766236285,0.9582458440099098,0.0,0.7289477938276714,0.7311205776946749,55.0,15.155564809215697,0.10751833441851144
larno_ukea,ukea,urnn_lite,U-RNN Lite (adapted),42,r300y_p0.6_d3h_1,26,0.5453538996655373,1.445096180629296,0.8484434495031937,3.9042869582131203,0.9663045810717464,0.0,0.6675955418484582,0.7351729115370766,55.0,18.31073374822945,0.11327053796611708
larno_ukea,ukea,urnn_lite,U-RNN Lite (adapted),42,r300y_p0.8_d3h_1,26,0.6061605248944728,1.5200866080223068,0.8347035346516549,3.351665035740163,0.9545494538992554,0.0,0.5981127835596759,0.739708296865552,55.0,-1.3455223757132684,0.09499523778610297
larno_ukea,ukea,urnn_lite,U-RNN Lite (adapted),42,r500y_p0.1_d3h_1,26,9.02044925970018,19.15876746131941,0.7140679806745228,34.39780814768254,0.8480644386925753,0.0,10.437738887635145,0.6577656554464262,55.0,13.57851200525746,0.05630232522809664
larno_ukea,ukea,urnn_lite,U-RNN Lite (adapted),42,r500y_p0.3_d3h_1,26,0.7617075927018152,1.9672055412419123,0.8537459550586799,4.702105270264114,0.9584435919389377,0.0,1.1791099887065046,0.7444395670556976,55.0,35.39978458350471,0.10930638800298231
larno_ukea,ukea,urnn_lite,U-RNN Lite (adapted),42,r500y_p0.4_d3h_1,26,0.699318174352267,1.8656020621617222,0.849026959013909,4.843239655249158,0.9606937555571021,0.0,0.9457617622116108,0.753722275622938,55.0,26.057681511996144,0.09530468339097098
larno_ukea,ukea,urnn_lite,U-RNN Lite (adapted),42,r500y_p0.9_d3h_1,26,0.622251605034988,1.5334535964390974,0.8542363738885983,3.3027471116490164,0.9593696711229708,0.0,0.674717223286946,0.7645072841140748,55.0,7.7759417488065665,0.08972908977452354
larno_ukea,ukea,urnn_lite,U-RNN Lite (adapted),44,r100y_p0.5_d3h_1,26,0.7964799712020442,2.161684567512246,0.6843730503172993,5.63580215432473,0.8891143005919601,0.0,0.5002831929785978,0.6445510862967422,55.0,-59.20582229835527,0.039821964020557155
larno_ukea,ukea,urnn_lite,U-RNN Lite (adapted),44,r100y_p0.7_d3h_1,26,0.48355303723496584,1.3929702879127814,0.7576523953188072,4.526865986540036,0.9365317186776061,0.0,0.4198263858915212,0.643062689850945,55.0,-15.17928683975355,0.11458970546786229
larno_ukea,ukea,urnn_lite,U-RNN Lite (adapted),44,r100y_p0.8_d3h_1,26,0.42150518734024384,1.2321438508586224,0.7614224927781511,4.283592570284204,0.9391883968932524,1.1538461538461537,0.38454974855222807,0.639373970419521,53.84615384615385,-9.610054076786538,0.12204852235863006
larno_ukea,ukea,urnn_lite,U-RNN Lite (adapted),44,r200y_p0.5_d3h_1,26,0.7404230883177515,1.967195613466537,0.7791285851191495,4.898329565216805,0.9324749835075143,0.0,0.645143305306119,0.7107959287498848,55.0,-14.768778072714015,0.06833265636926467
larno_ukea,ukea,urnn_lite,U-RNN Lite (adapted),44,r300y_p0.1_d3h_1,26,8.660206762795216,18.672778668623558,0.6978111335419324,34.04256376167653,0.8434348631197885,0.0,9.849093978007787,0.6499613150569965,55.0,12.071031283357206,0.04784981848493586
larno_ukea,ukea,urnn_lite,U-RNN Lite (adapted),44,r300y_p0.5_d3h_1,26,0.7250816075139509,1.9131432375621664,0.8135238549395967,4.809662713868503,0.9464113310070263,0.0,0.7289477938276714,0.7311205776946749,55.0,0.5303790403726062,0.0824032772449218
larno_ukea,ukea,urnn_lite,U-RNN Lite (adapted),44,r300y_p0.6_d3h_1,26,0.591316249423083,1.624099468690835,0.8371832446663167,4.644308421614321,0.9576169296902673,0.0,0.6675955418484582,0.7351729115370766,55.0,11.425973908419277,0.10201033312924002
larno_ukea,ukea,urnn_lite,U-RNN Lite (adapted),44,r300y_p0.8_d3h_1,26,0.48165282039613083,1.3731892147448714,0.8472735235332768,4.1550142762400375,0.9639240559922548,0.0,0.5981127835596759,0.739708296865552,55.0,19.471237927808883,0.10756522666772483
larno_ukea,ukea,urnn_lite,U-RNN Lite (adapted),44,r500y_p0.1_d3h_1,26,9.224804583574025,19.512644922922014,0.701411316396509,35.0029539057832,0.8434416234229818,0.0,10.437738887635145,0.6577656554464262,55.0,11.620661496887971,0.04364566095008282
larno_ukea,ukea,urnn_lite,U-RNN Lite (adapted),44,r500y_p0.3_d3h_1,26,0.9522227935249947,2.3487931018365593,0.8108297503367311,4.889386929726533,0.940690117760862,0.0,1.1791099887065046,0.7444395670556976,55.0,19.242241805652704,0.06639018328103352
larno_ukea,ukea,urnn_lite,U-RNN Lite (adapted),44,r500y_p0.4_d3h_1,26,0.8515318182709971,2.149167441697671,0.8171375592368915,4.75262787389485,0.9446862475469844,0.0,0.9457617622116108,0.753722275622938,55.0,9.96339117372035,0.06341528361395343
larno_ukea,ukea,urnn_lite,U-RNN Lite (adapted),44,r500y_p0.9_d3h_1,26,0.4971811202446159,1.4473977043660204,0.8563434386576422,4.38303811500118,0.9663553728995093,0.0,0.674717223286946,0.7645072841140748,55.0,26.312668020752003,0.09183615454356742
larno_ukea,ukea,urnn_lite,U-RNN Lite (adapted),52,r100y_p0.5_d3h_1,26,0.6867807213576322,1.8946698035690297,0.7131266939192462,4.8519536061198885,0.8947356891855047,0.0,0.5002831929785978,0.6445510862967422,55.0,-37.27839171823084,0.06857560762250403
larno_ukea,ukea,urnn_lite,U-RNN Lite (adapted),52,r100y_p0.7_d3h_1,26,0.6387980204931716,1.8295758682370837,0.6990229377937454,4.667692221219756,0.8933101121746134,0.0,0.4198263858915212,0.643062689850945,55.0,-52.157663729651894,0.05596024794280041
larno_ukea,ukea,urnn_lite,U-RNN Lite (adapted),52,r100y_p0.8_d3h_1,26,0.6549047947201585,1.9009178098695272,0.6809502847854743,4.980591292022445,0.8815864546644123,1.1538461538461537,0.38454974855222807,0.639373970419521,53.84615384615385,-70.30430969875198,0.041576314365953215
larno_ukea,ukea,urnn_lite,U-RNN Lite (adapted),52,r200y_p0.5_d3h_1,26,0.6186222201136996,1.6807322515925982,0.8043311251773204,4.192506505793207,0.9380681738647282,0.0,0.645143305306119,0.7107959287498848,55.0,4.11088280298207,0.09353519642743557
larno_ukea,ukea,urnn_lite,U-RNN Lite (adapted),52,r300y_p0.1_d3h_1,26,8.767292623548393,18.968643541827696,0.688468478535348,34.590278828176594,0.8356263647764791,0.0,9.849093978007787,0.6499613150569965,55.0,10.983765175507179,0.03850716347835148
larno_ukea,ukea,urnn_lite,U-RNN Lite (adapted),52,r300y_p0.5_d3h_1,26,0.6010983038452502,1.6312464321041515,0.8349619002561932,4.114065305843627,0.9509191208163024,0.0,0.7289477938276714,0.7311205776946749,55.0,17.538908967827364,0.10384132256151835
larno_ukea,ukea,urnn_lite,U-RNN Lite (adapted),52,r300y_p0.6_d3h_1,26,0.5582284712090704,1.5488224287420076,0.8348200104042716,3.778435308359083,0.9544107023493988,0.0,0.6675955418484582,0.7351729115370766,55.0,16.38223501861157,0.09964709886719492
larno_ukea,ukea,urnn_lite,U-RNN Lite (adapted),52,r300y_p0.8_d3h_1,26,0.60959508045908,1.6973326490468956,0.822217099957809,4.157750869032497,0.9450771134853165,0.0,0.5981127835596759,0.739708296865552,55.0,-1.9197544702300153,0.08250880309225705
larno_ukea,ukea,urnn_lite,U-RNN Lite (adapted),52,r500y_p0.1_d3h_1,26,9.328943190339732,19.79550576687379,0.6921627231085201,35.52056395325133,0.8357635747076996,0.0,10.437738887635145,0.6577656554464262,55.0,10.62294917732542,0.03439706766209394
larno_ukea,ukea,urnn_lite,U-RNN Lite (adapted),52,r500y_p0.3_d3h_1,26,0.7334117474363604,1.9669325187657647,0.8540913184090334,5.0589875512480535,0.9617744336992766,0.0,1.1791099887065046,0.7444395670556976,55.0,37.79954758580916,0.10965175135333582
larno_ukea,ukea,urnn_lite,U-RNN Lite (adapted),52,r500y_p0.4_d3h_1,26,0.6578383175982939,1.7453137453064274,0.8552075523422533,4.499251862152124,0.9624550109833562,0.0,0.9457617622116108,0.753722275622938,55.0,30.44354890601879,0.10148527671931529
larno_ukea,ukea,urnn_lite,U-RNN Lite (adapted),52,r500y_p0.9_d3h_1,26,0.6133052562867651,1.7049432274946508,0.8445622619819982,4.193965898658425,0.9539086904967344,0.0,0.674717223286946,0.7645072841140748,55.0,9.101882222749104,0.08005497786792348
larno_ukea,ukea,urnn_lite,U-RNN Lite (adapted),77,r100y_p0.5_d3h_1,26,0.8321800208375681,2.158527550338362,0.6864236146628528,4.689469062808932,0.875257001685722,0.0,0.5002831929785978,0.6445510862967422,55.0,-66.34179051327214,0.04187252836611066
larno_ukea,ukea,urnn_lite,U-RNN Lite (adapted),77,r100y_p0.7_d3h_1,26,0.9216029404631265,2.3019873055064948,0.6535880420169127,4.841513460182611,0.859957214869045,0.0,0.4198263858915212,0.643062689850945,55.0,-119.5200138519305,0.010525352165967727
larno_ukea,ukea,urnn_lite,U-RNN Lite (adapted),77,r100y_p0.8_d3h_1,26,0.9751590005441886,2.3944319964227643,0.6273185810039104,4.963118884626187,0.8440925556888794,1.1538461538461537,0.38454974855222807,0.639373970419521,53.84615384615385,-153.5846153106368,-0.012055389415610684
larno_ukea,ukea,urnn_lite,U-RNN Lite (adapted),77,r200y_p0.5_d3h_1,26,0.7146255643637642,1.8781657058991512,0.784623235851806,4.017502116564556,0.9239210184052896,0.0,0.645143305306119,0.7107959287498848,55.0,-10.770050388211981,0.0738273071019212
larno_ukea,ukea,urnn_lite,U-RNN Lite (adapted),77,r300y_p0.1_d3h_1,26,8.766074417084752,18.785270946000054,0.6985608615976516,34.2870380218416,0.836859022192567,0.0,9.849093978007787,0.6499613150569965,55.0,10.996133891516596,0.048599546540655125
larno_ukea,ukea,urnn_lite,U-RNN Lite (adapted),77,r300y_p0.5_d3h_1,26,0.6738870515050579,1.7859297396040146,0.8194145041460477,3.9560225185160296,0.9399724571096144,0.0,0.7289477938276714,0.7311205776946749,55.0,7.553454827470162,0.0882939264513728
larno_ukea,ukea,urnn_lite,U-RNN Lite (adapted),77,r300y_p0.6_d3h_1,26,0.7116772276527003,1.8416281768990834,0.8089121385042051,3.9121671027743448,0.9342794950017599,0.0,0.6675955418484582,0.7351729115370766,55.0,-6.603052752896976,0.07373922696712842
larno_ukea,ukea,urnn_lite,U-RNN Lite (adapted),77,r300y_p0.8_d3h_1,26,0.808591626415494,1.99019159517346,0.78258958731759,3.8835564835870535,0.917605772978118,0.0,0.5981127835596759,0.739708296865552,55.0,-35.190493940482355,0.042881290452038034
larno_ukea,ukea,urnn_lite,U-RNN Lite (adapted),77,r500y_p0.1_d3h_1,26,9.33607651663025,19.62852518083097,0.7014741963643238,35.24766537734757,0.8370514528627896,0.0,10.437738887635145,0.6577656554464262,55.0,10.554607495594254,0.043708540917897665
larno_ukea,ukea,urnn_lite,U-RNN Lite (adapted),77,r500y_p0.3_d3h_1,26,0.8158110697483476,2.113852782235726,0.8528846445505315,5.487996551247966,0.9587674574831639,0.0,1.1791099887065046,0.7444395670556976,55.0,30.8112832931472,0.1084450774948339
larno_ukea,ukea,urnn_lite,U-RNN Lite (adapted),77,r500y_p0.4_d3h_1,26,0.6698024151271287,1.8085276785306668,0.8514026224212337,4.437554770474227,0.9595793358448554,0.0,0.9457617622116108,0.753722275622938,55.0,29.178526570916407,0.09768034679829563
larno_ukea,ukea,urnn_lite,U-RNN Lite (adapted),77,r500y_p0.9_d3h_1,26,0.7866901221927943,1.932516188923322,0.809167068896709,3.789422739789002,0.9292670130140556,0.0,0.674717223286946,0.7645072841140748,55.0,-16.59552995555118,0.044659784782634215
